{"type":"FeatureCollection","features":[{"type":"Feature","id":"overture:d017803b-7fc5-4d43-88a0-1a8abc3f1678","geometry":{"type":"Point","coordinates":[3.19922,6.46866]},"properties":{"id":"overture:d017803b-7fc5-4d43-88a0-1a8abc3f1678","kind":"place","status":"awaiting-evidence","release":"2026-08-19.0","sourceConfidence":0.5694068074226379,"reason":"Campus location needs corroboration; source name/address does not identify LASU","proposedPlace":{"id":"overture:d017803b-7fc5-4d43-88a0-1a8abc3f1678","name":"Chief S L Edu Hall","aliases":[],"category":"services","subtype":"community_center","coordinates":[3.19922,6.46866],"source":"overture","sourceId":"overture:d017803b-7fc5-4d43-88a0-1a8abc3f1678","arrivalKind":"unmapped","sourceRefs":["1995047823957829"],"address":"Lagos, LA","evidence":{"name":[{"sourceId":"overture-place-meta","recordId":"overture:d017803b-7fc5-4d43-88a0-1a8abc3f1678","url":"https://docs.overturemaps.org/attribution/","license":"CDLA-Permissive-2.0","checkedAt":"2026-09-22T16:09:24.079796+00:00","release":"2026-08-19.0","upstreamRecordId":"1995047823957829"}],"aliases":[{"sourceId":"overture-place-meta","recordId":"overture:d017803b-7fc5-4d43-88a0-1a8abc3f1678","url":"https://docs.overturemaps.org/attribution/","license":"CDLA-Permissive-2.0","checkedAt":"2026-09-22T16:09:24.079796+00:00","release":"2026-08-19.0","upstreamRecordId":"1995047823957829"}],"coordinates":[{"sourceId":"overture-place-meta","recordId":"overture:d017803b-7fc5-4d43-88a0-1a8abc3f1678","url":"https://docs.overturemaps.org/attribution/","license":"CDLA-Permissive-2.0","checkedAt":"2026-09-22T16:09:24.079796+00:00","release":"2026-08-19.0","upstreamRecordId":"1995047823957829"}],"category":[{"sourceId":"overture-place-meta","recordId":"overture:d017803b-7fc5-4d43-88a0-1a8abc3f1678","url":"https://docs.overturemaps.org/attribution/","license":"CDLA-Permissive-2.0","checkedAt":"2026-09-22T16:09:24.079796+00:00","release":"2026-08-19.0","upstreamRecordId":"1995047823957829"}],"subtype":[{"sourceId":"overture-place-meta","recordId":"overture:d017803b-7fc5-4d43-88a0-1a8abc3f1678","url":"https://docs.overturemaps.org/attribution/","license":"CDLA-Permissive-2.0","checkedAt":"2026-09-22T16:09:24.079796+00:00","release":"2026-08-19.0","upstreamRecordId":"1995047823957829"}],"address":[{"sourceId":"overture-place-meta","recordId":"overture:d017803b-7fc5-4d43-88a0-1a8abc3f1678","url":"https://docs.overturemaps.org/attribution/","license":"CDLA-Permissive-2.0","checkedAt":"2026-09-22T16:09:24.079796+00:00","release":"2026-08-19.0","upstreamRecordId":"1995047823957829"}]}}}},{"type":"Feature","id":"overture:853737d3-8f58-4124-bd0d-312cd2991898","geometry":{"type":"Point","coordinates":[3.19847408,6.46582682]},"properties":{"id":"overture:853737d3-8f58-4124-bd0d-312cd2991898","kind":"place","status":"awaiting-evidence","release":"2026-08-19.0","sourceConfidence":0.5793443322181702,"reason":"Possible duplicate; identity review required","matches":["arcgis:Infrastructure:51","arcgis:University_Property:53"],"proposedPlace":{"id":"overture:853737d3-8f58-4124-bd0d-312cd2991898","name":"Lasu Staff School","aliases":[],"category":"academic","subtype":"elementary_school","coordinates":[3.19847408,6.46582682],"source":"overture","sourceId":"overture:853737d3-8f58-4124-bd0d-312cd2991898","arrivalKind":"unmapped","sourceRefs":["2195248230786375"],"address":"Lagos State University, Lagos, LA","phone":"+2347036852915","evidence":{"name":[{"sourceId":"overture-place-meta","recordId":"overture:853737d3-8f58-4124-bd0d-312cd2991898","url":"https://docs.overturemaps.org/attribution/","license":"CDLA-Permissive-2.0","checkedAt":"2026-09-22T16:09:24.079796+00:00","release":"2026-08-19.0","upstreamRecordId":"2195248230786375"}],"aliases":[{"sourceId":"overture-place-meta","recordId":"overture:853737d3-8f58-4124-bd0d-312cd2991898","url":"https://docs.overturemaps.org/attribution/","license":"CDLA-Permissive-2.0","checkedAt":"2026-09-22T16:09:24.079796+00:00","release":"2026-08-19.0","upstreamRecordId":"2195248230786375"}],"coordinates":[{"sourceId":"overture-place-meta","recordId":"overture:853737d3-8f58-4124-bd0d-312cd2991898","url":"https://docs.overturemaps.org/attribution/","license":"CDLA-Permissive-2.0","checkedAt":"2026-09-22T16:09:24.079796+00:00","release":"2026-08-19.0","upstreamRecordId":"2195248230786375"}],"category":[{"sourceId":"overture-place-meta","recordId":"overture:853737d3-8f58-4124-bd0d-312cd2991898","url":"https://docs.overturemaps.org/attribution/","license":"CDLA-Permissive-2.0","checkedAt":"2026-09-22T16:09:24.079796+00:00","release":"2026-08-19.0","upstreamRecordId":"2195248230786375"}],"subtype":[{"sourceId":"overture-place-meta","recordId":"overture:853737d3-8f58-4124-bd0d-312cd2991898","url":"https://docs.overturemaps.org/attribution/","license":"CDLA-Permissive-2.0","checkedAt":"2026-09-22T16:09:24.079796+00:00","release":"2026-08-19.0","upstreamRecordId":"2195248230786375"}],"address":[{"sourceId":"overture-place-meta","recordId":"overture:853737d3-8f58-4124-bd0d-312cd2991898","url":"https://docs.overturemaps.org/attribution/","license":"CDLA-Permissive-2.0","checkedAt":"2026-09-22T16:09:24.079796+00:00","release":"2026-08-19.0","upstreamRecordId":"2195248230786375"}],"phone":[{"sourceId":"overture-place-meta","recordId":"overture:853737d3-8f58-4124-bd0d-312cd2991898","url":"https://docs.overturemaps.org/attribution/","license":"CDLA-Permissive-2.0","checkedAt":"2026-09-22T16:09:24.079796+00:00","release":"2026-08-19.0","upstreamRecordId":"2195248230786375"}]}}}},{"type":"Feature","id":"overture:d7fdcaba-d8fd-4731-8bb7-39fe1337f896","geometry":{"type":"Point","coordinates":[3.2,6.46667]},"properties":{"id":"overture:d7fdcaba-d8fd-4731-8bb7-39fe1337f896","kind":"place","status":"awaiting-evidence","release":"2026-08-19.0","sourceConfidence":0.744265615940094,"reason":"Campus location needs corroboration; source name/address does not identify LASU","proposedPlace":{"id":"overture:d7fdcaba-d8fd-4731-8bb7-39fe1337f896","name":"Skycell Industrial Company Ltd","aliases":[],"category":"services","subtype":"auto_dealer","coordinates":[3.2,6.46667],"source":"overture","sourceId":"overture:d7fdcaba-d8fd-4731-8bb7-39fe1337f896","arrivalKind":"unmapped","sourceRefs":["112278070604582"],"address":"KM 21/22 Afromedia Junction, Okomaiko, Off Badagary Express Way, Lagos, Lagos, LA","phone":"+2348037521446","website":"http://skycelltd.com/","evidence":{"name":[{"sourceId":"overture-place-meta","recordId":"overture:d7fdcaba-d8fd-4731-8bb7-39fe1337f896","url":"https://docs.overturemaps.org/attribution/","license":"CDLA-Permissive-2.0","checkedAt":"2026-09-22T16:09:24.079796+00:00","release":"2026-08-19.0","upstreamRecordId":"112278070604582"}],"aliases":[{"sourceId":"overture-place-meta","recordId":"overture:d7fdcaba-d8fd-4731-8bb7-39fe1337f896","url":"https://docs.overturemaps.org/attribution/","license":"CDLA-Permissive-2.0","checkedAt":"2026-09-22T16:09:24.079796+00:00","release":"2026-08-19.0","upstreamRecordId":"112278070604582"}],"coordinates":[{"sourceId":"overture-place-meta","recordId":"overture:d7fdcaba-d8fd-4731-8bb7-39fe1337f896","url":"https://docs.overturemaps.org/attribution/","license":"CDLA-Permissive-2.0","checkedAt":"2026-09-22T16:09:24.079796+00:00","release":"2026-08-19.0","upstreamRecordId":"112278070604582"}],"category":[{"sourceId":"overture-place-meta","recordId":"overture:d7fdcaba-d8fd-4731-8bb7-39fe1337f896","url":"https://docs.overturemaps.org/attribution/","license":"CDLA-Permissive-2.0","checkedAt":"2026-09-22T16:09:24.079796+00:00","release":"2026-08-19.0","upstreamRecordId":"112278070604582"}],"subtype":[{"sourceId":"overture-place-meta","recordId":"overture:d7fdcaba-d8fd-4731-8bb7-39fe1337f896","url":"https://docs.overturemaps.org/attribution/","license":"CDLA-Permissive-2.0","checkedAt":"2026-09-22T16:09:24.079796+00:00","release":"2026-08-19.0","upstreamRecordId":"112278070604582"}],"address":[{"sourceId":"overture-place-meta","recordId":"overture:d7fdcaba-d8fd-4731-8bb7-39fe1337f896","url":"https://docs.overturemaps.org/attribution/","license":"CDLA-Permissive-2.0","checkedAt":"2026-09-22T16:09:24.079796+00:00","release":"2026-08-19.0","upstreamRecordId":"112278070604582"}],"phone":[{"sourceId":"overture-place-meta","recordId":"overture:d7fdcaba-d8fd-4731-8bb7-39fe1337f896","url":"https://docs.overturemaps.org/attribution/","license":"CDLA-Permissive-2.0","checkedAt":"2026-09-22T16:09:24.079796+00:00","release":"2026-08-19.0","upstreamRecordId":"112278070604582"}],"website":[{"sourceId":"overture-place-meta","recordId":"overture:d7fdcaba-d8fd-4731-8bb7-39fe1337f896","url":"https://docs.overturemaps.org/attribution/","license":"CDLA-Permissive-2.0","checkedAt":"2026-09-22T16:09:24.079796+00:00","release":"2026-08-19.0","upstreamRecordId":"112278070604582"}]}}}},{"type":"Feature","id":"overture:92903541-db75-4b1f-bbd6-d97f49f7830b","geometry":{"type":"Point","coordinates":[3.2,6.46667]},"properties":{"id":"overture:92903541-db75-4b1f-bbd6-d97f49f7830b","kind":"place","status":"awaiting-evidence","release":"2026-08-19.0","sourceConfidence":0.7034496665000916,"reason":"Campus location needs corroboration; source name/address does not identify LASU","proposedPlace":{"id":"overture:92903541-db75-4b1f-bbd6-d97f49f7830b","name":"Igbehin Adun School/Home for the Deaf & IDs ,Lagos.","aliases":[],"category":"services","subtype":"non_governmental_association","coordinates":[3.2,6.46667],"source":"overture","sourceId":"overture:92903541-db75-4b1f-bbd6-d97f49f7830b","arrivalKind":"unmapped","sourceRefs":["573151879366218"],"address":"9/11,Ajagbe street,Off PPL, Lagos, LA, 10001","phone":"+2348022659289","website":"http://igbehinadunspecialschool.blogspot.com.ng/","evidence":{"name":[{"sourceId":"overture-place-meta","recordId":"overture:92903541-db75-4b1f-bbd6-d97f49f7830b","url":"https://docs.overturemaps.org/attribution/","license":"CDLA-Permissive-2.0","checkedAt":"2026-09-22T16:09:24.079796+00:00","release":"2026-08-19.0","upstreamRecordId":"573151879366218"}],"aliases":[{"sourceId":"overture-place-meta","recordId":"overture:92903541-db75-4b1f-bbd6-d97f49f7830b","url":"https://docs.overturemaps.org/attribution/","license":"CDLA-Permissive-2.0","checkedAt":"2026-09-22T16:09:24.079796+00:00","release":"2026-08-19.0","upstreamRecordId":"573151879366218"}],"coordinates":[{"sourceId":"overture-place-meta","recordId":"overture:92903541-db75-4b1f-bbd6-d97f49f7830b","url":"https://docs.overturemaps.org/attribution/","license":"CDLA-Permissive-2.0","checkedAt":"2026-09-22T16:09:24.079796+00:00","release":"2026-08-19.0","upstreamRecordId":"573151879366218"}],"category":[{"sourceId":"overture-place-meta","recordId":"overture:92903541-db75-4b1f-bbd6-d97f49f7830b","url":"https://docs.overturemaps.org/attribution/","license":"CDLA-Permissive-2.0","checkedAt":"2026-09-22T16:09:24.079796+00:00","release":"2026-08-19.0","upstreamRecordId":"573151879366218"}],"subtype":[{"sourceId":"overture-place-meta","recordId":"overture:92903541-db75-4b1f-bbd6-d97f49f7830b","url":"https://docs.overturemaps.org/attribution/","license":"CDLA-Permissive-2.0","checkedAt":"2026-09-22T16:09:24.079796+00:00","release":"2026-08-19.0","upstreamRecordId":"573151879366218"}],"address":[{"sourceId":"overture-place-meta","recordId":"overture:92903541-db75-4b1f-bbd6-d97f49f7830b","url":"https://docs.overturemaps.org/attribution/","license":"CDLA-Permissive-2.0","checkedAt":"2026-09-22T16:09:24.079796+00:00","release":"2026-08-19.0","upstreamRecordId":"573151879366218"}],"phone":[{"sourceId":"overture-place-meta","recordId":"overture:92903541-db75-4b1f-bbd6-d97f49f7830b","url":"https://docs.overturemaps.org/attribution/","license":"CDLA-Permissive-2.0","checkedAt":"2026-09-22T16:09:24.079796+00:00","release":"2026-08-19.0","upstreamRecordId":"573151879366218"}],"website":[{"sourceId":"overture-place-meta","recordId":"overture:92903541-db75-4b1f-bbd6-d97f49f7830b","url":"https://docs.overturemaps.org/attribution/","license":"CDLA-Permissive-2.0","checkedAt":"2026-09-22T16:09:24.079796+00:00","release":"2026-08-19.0","upstreamRecordId":"573151879366218"}]}}}},{"type":"Feature","id":"overture:ba4c18ec-3a33-42d6-b4e0-e36850454075","geometry":{"type":"Point","coordinates":[3.2,6.46667]},"properties":{"id":"overture:ba4c18ec-3a33-42d6-b4e0-e36850454075","kind":"place","status":"awaiting-evidence","release":"2026-08-19.0","sourceConfidence":0.55815589427948,"reason":"Campus location needs corroboration; source name/address does not identify LASU","proposedPlace":{"id":"overture:ba4c18ec-3a33-42d6-b4e0-e36850454075","name":"Christ Chapel Oak-City","aliases":[],"category":"services","subtype":"religious_organization","coordinates":[3.2,6.46667],"source":"overture","sourceId":"overture:ba4c18ec-3a33-42d6-b4e0-e36850454075","arrivalKind":"unmapped","sourceRefs":["902989979791719"],"address":"Okoko, Lagos, LA, 102105","phone":"+2348033534528","evidence":{"name":[{"sourceId":"overture-place-meta","recordId":"overture:ba4c18ec-3a33-42d6-b4e0-e36850454075","url":"https://docs.overturemaps.org/attribution/","license":"CDLA-Permissive-2.0","checkedAt":"2026-09-22T16:09:24.079796+00:00","release":"2026-08-19.0","upstreamRecordId":"902989979791719"}],"aliases":[{"sourceId":"overture-place-meta","recordId":"overture:ba4c18ec-3a33-42d6-b4e0-e36850454075","url":"https://docs.overturemaps.org/attribution/","license":"CDLA-Permissive-2.0","checkedAt":"2026-09-22T16:09:24.079796+00:00","release":"2026-08-19.0","upstreamRecordId":"902989979791719"}],"coordinates":[{"sourceId":"overture-place-meta","recordId":"overture:ba4c18ec-3a33-42d6-b4e0-e36850454075","url":"https://docs.overturemaps.org/attribution/","license":"CDLA-Permissive-2.0","checkedAt":"2026-09-22T16:09:24.079796+00:00","release":"2026-08-19.0","upstreamRecordId":"902989979791719"}],"category":[{"sourceId":"overture-place-meta","recordId":"overture:ba4c18ec-3a33-42d6-b4e0-e36850454075","url":"https://docs.overturemaps.org/attribution/","license":"CDLA-Permissive-2.0","checkedAt":"2026-09-22T16:09:24.079796+00:00","release":"2026-08-19.0","upstreamRecordId":"902989979791719"}],"subtype":[{"sourceId":"overture-place-meta","recordId":"overture:ba4c18ec-3a33-42d6-b4e0-e36850454075","url":"https://docs.overturemaps.org/attribution/","license":"CDLA-Permissive-2.0","checkedAt":"2026-09-22T16:09:24.079796+00:00","release":"2026-08-19.0","upstreamRecordId":"902989979791719"}],"address":[{"sourceId":"overture-place-meta","recordId":"overture:ba4c18ec-3a33-42d6-b4e0-e36850454075","url":"https://docs.overturemaps.org/attribution/","license":"CDLA-Permissive-2.0","checkedAt":"2026-09-22T16:09:24.079796+00:00","release":"2026-08-19.0","upstreamRecordId":"902989979791719"}],"phone":[{"sourceId":"overture-place-meta","recordId":"overture:ba4c18ec-3a33-42d6-b4e0-e36850454075","url":"https://docs.overturemaps.org/attribution/","license":"CDLA-Permissive-2.0","checkedAt":"2026-09-22T16:09:24.079796+00:00","release":"2026-08-19.0","upstreamRecordId":"902989979791719"}]}}}},{"type":"Feature","id":"overture:db29fca9-4ae9-48a9-9458-c1abd8ac3f90","geometry":{"type":"Point","coordinates":[3.2,6.46667]},"properties":{"id":"overture:db29fca9-4ae9-48a9-9458-c1abd8ac3f90","kind":"place","status":"awaiting-evidence","release":"2026-08-19.0","sourceConfidence":0.5888440608978271,"reason":"Campus location needs corroboration; source name/address does not identify LASU","proposedPlace":{"id":"overture:db29fca9-4ae9-48a9-9458-c1abd8ac3f90","name":"Couture Du Temi","aliases":[],"category":"services","subtype":"sewing_and_alterations","coordinates":[3.2,6.46667],"source":"overture","sourceId":"overture:db29fca9-4ae9-48a9-9458-c1abd8ac3f90","arrivalKind":"unmapped","sourceRefs":["1663871676958480"],"address":"24 Lagos St, Lagos, LA","phone":"+2349052249303","evidence":{"name":[{"sourceId":"overture-place-meta","recordId":"overture:db29fca9-4ae9-48a9-9458-c1abd8ac3f90","url":"https://docs.overturemaps.org/attribution/","license":"CDLA-Permissive-2.0","checkedAt":"2026-09-22T16:09:24.079796+00:00","release":"2026-08-19.0","upstreamRecordId":"1663871676958480"}],"aliases":[{"sourceId":"overture-place-meta","recordId":"overture:db29fca9-4ae9-48a9-9458-c1abd8ac3f90","url":"https://docs.overturemaps.org/attribution/","license":"CDLA-Permissive-2.0","checkedAt":"2026-09-22T16:09:24.079796+00:00","release":"2026-08-19.0","upstreamRecordId":"1663871676958480"}],"coordinates":[{"sourceId":"overture-place-meta","recordId":"overture:db29fca9-4ae9-48a9-9458-c1abd8ac3f90","url":"https://docs.overturemaps.org/attribution/","license":"CDLA-Permissive-2.0","checkedAt":"2026-09-22T16:09:24.079796+00:00","release":"2026-08-19.0","upstreamRecordId":"1663871676958480"}],"category":[{"sourceId":"overture-place-meta","recordId":"overture:db29fca9-4ae9-48a9-9458-c1abd8ac3f90","url":"https://docs.overturemaps.org/attribution/","license":"CDLA-Permissive-2.0","checkedAt":"2026-09-22T16:09:24.079796+00:00","release":"2026-08-19.0","upstreamRecordId":"1663871676958480"}],"subtype":[{"sourceId":"overture-place-meta","recordId":"overture:db29fca9-4ae9-48a9-9458-c1abd8ac3f90","url":"https://docs.overturemaps.org/attribution/","license":"CDLA-Permissive-2.0","checkedAt":"2026-09-22T16:09:24.079796+00:00","release":"2026-08-19.0","upstreamRecordId":"1663871676958480"}],"address":[{"sourceId":"overture-place-meta","recordId":"overture:db29fca9-4ae9-48a9-9458-c1abd8ac3f90","url":"https://docs.overturemaps.org/attribution/","license":"CDLA-Permissive-2.0","checkedAt":"2026-09-22T16:09:24.079796+00:00","release":"2026-08-19.0","upstreamRecordId":"1663871676958480"}],"phone":[{"sourceId":"overture-place-meta","recordId":"overture:db29fca9-4ae9-48a9-9458-c1abd8ac3f90","url":"https://docs.overturemaps.org/attribution/","license":"CDLA-Permissive-2.0","checkedAt":"2026-09-22T16:09:24.079796+00:00","release":"2026-08-19.0","upstreamRecordId":"1663871676958480"}]}}}},{"type":"Feature","id":"overture:34b753ae-877f-40f8-b549-b7fa2f266693","geometry":{"type":"Point","coordinates":[3.2,6.46667]},"properties":{"id":"overture:34b753ae-877f-40f8-b549-b7fa2f266693","kind":"place","status":"awaiting-evidence","release":"2026-08-19.0","sourceConfidence":0.8276321291923523,"reason":"Campus location needs corroboration; source name/address does not identify LASU","proposedPlace":{"id":"overture:34b753ae-877f-40f8-b549-b7fa2f266693","name":"Fatt pharm","aliases":[],"category":"academic","subtype":"elementary_school","coordinates":[3.2,6.46667],"source":"overture","sourceId":"overture:34b753ae-877f-40f8-b549-b7fa2f266693","arrivalKind":"unmapped","sourceRefs":["105521713208812"],"address":"4 Manchester street, ilado, igbogbo. opposite fashola estate , Lagos, LA, +234","phone":"+2348160917788","evidence":{"name":[{"sourceId":"overture-place-meta","recordId":"overture:34b753ae-877f-40f8-b549-b7fa2f266693","url":"https://docs.overturemaps.org/attribution/","license":"CDLA-Permissive-2.0","checkedAt":"2026-09-22T16:09:24.079796+00:00","release":"2026-08-19.0","upstreamRecordId":"105521713208812"}],"aliases":[{"sourceId":"overture-place-meta","recordId":"overture:34b753ae-877f-40f8-b549-b7fa2f266693","url":"https://docs.overturemaps.org/attribution/","license":"CDLA-Permissive-2.0","checkedAt":"2026-09-22T16:09:24.079796+00:00","release":"2026-08-19.0","upstreamRecordId":"105521713208812"}],"coordinates":[{"sourceId":"overture-place-meta","recordId":"overture:34b753ae-877f-40f8-b549-b7fa2f266693","url":"https://docs.overturemaps.org/attribution/","license":"CDLA-Permissive-2.0","checkedAt":"2026-09-22T16:09:24.079796+00:00","release":"2026-08-19.0","upstreamRecordId":"105521713208812"}],"category":[{"sourceId":"overture-place-meta","recordId":"overture:34b753ae-877f-40f8-b549-b7fa2f266693","url":"https://docs.overturemaps.org/attribution/","license":"CDLA-Permissive-2.0","checkedAt":"2026-09-22T16:09:24.079796+00:00","release":"2026-08-19.0","upstreamRecordId":"105521713208812"}],"subtype":[{"sourceId":"overture-place-meta","recordId":"overture:34b753ae-877f-40f8-b549-b7fa2f266693","url":"https://docs.overturemaps.org/attribution/","license":"CDLA-Permissive-2.0","checkedAt":"2026-09-22T16:09:24.079796+00:00","release":"2026-08-19.0","upstreamRecordId":"105521713208812"}],"address":[{"sourceId":"overture-place-meta","recordId":"overture:34b753ae-877f-40f8-b549-b7fa2f266693","url":"https://docs.overturemaps.org/attribution/","license":"CDLA-Permissive-2.0","checkedAt":"2026-09-22T16:09:24.079796+00:00","release":"2026-08-19.0","upstreamRecordId":"105521713208812"}],"phone":[{"sourceId":"overture-place-meta","recordId":"overture:34b753ae-877f-40f8-b549-b7fa2f266693","url":"https://docs.overturemaps.org/attribution/","license":"CDLA-Permissive-2.0","checkedAt":"2026-09-22T16:09:24.079796+00:00","release":"2026-08-19.0","upstreamRecordId":"105521713208812"}]}}}},{"type":"Feature","id":"overture:95bcb311-90be-4d38-a596-53ec1e1b29c0","geometry":{"type":"Point","coordinates":[3.2000000476837,6.4666701217737]},"properties":{"id":"overture:95bcb311-90be-4d38-a596-53ec1e1b29c0","kind":"place","status":"awaiting-evidence","release":"2026-08-19.0","sourceConfidence":0.5770299434661865,"reason":"Campus location needs corroboration; source name/address does not identify LASU","proposedPlace":{"id":"overture:95bcb311-90be-4d38-a596-53ec1e1b29c0","name":"Abundant Touch Bible Mission ","aliases":[],"category":"services","subtype":"religious_organization","coordinates":[3.2000000476837,6.4666701217737],"source":"overture","sourceId":"overture:95bcb311-90be-4d38-a596-53ec1e1b29c0","arrivalKind":"unmapped","sourceRefs":["106857232404708"],"address":"53 Titilayo , Lagos, LA, 102101","phone":"+2348033065149","evidence":{"name":[{"sourceId":"overture-place-meta","recordId":"overture:95bcb311-90be-4d38-a596-53ec1e1b29c0","url":"https://docs.overturemaps.org/attribution/","license":"CDLA-Permissive-2.0","checkedAt":"2026-09-22T16:09:24.079796+00:00","release":"2026-08-19.0","upstreamRecordId":"106857232404708"}],"aliases":[{"sourceId":"overture-place-meta","recordId":"overture:95bcb311-90be-4d38-a596-53ec1e1b29c0","url":"https://docs.overturemaps.org/attribution/","license":"CDLA-Permissive-2.0","checkedAt":"2026-09-22T16:09:24.079796+00:00","release":"2026-08-19.0","upstreamRecordId":"106857232404708"}],"coordinates":[{"sourceId":"overture-place-meta","recordId":"overture:95bcb311-90be-4d38-a596-53ec1e1b29c0","url":"https://docs.overturemaps.org/attribution/","license":"CDLA-Permissive-2.0","checkedAt":"2026-09-22T16:09:24.079796+00:00","release":"2026-08-19.0","upstreamRecordId":"106857232404708"}],"category":[{"sourceId":"overture-place-meta","recordId":"overture:95bcb311-90be-4d38-a596-53ec1e1b29c0","url":"https://docs.overturemaps.org/attribution/","license":"CDLA-Permissive-2.0","checkedAt":"2026-09-22T16:09:24.079796+00:00","release":"2026-08-19.0","upstreamRecordId":"106857232404708"}],"subtype":[{"sourceId":"overture-place-meta","recordId":"overture:95bcb311-90be-4d38-a596-53ec1e1b29c0","url":"https://docs.overturemaps.org/attribution/","license":"CDLA-Permissive-2.0","checkedAt":"2026-09-22T16:09:24.079796+00:00","release":"2026-08-19.0","upstreamRecordId":"106857232404708"}],"address":[{"sourceId":"overture-place-meta","recordId":"overture:95bcb311-90be-4d38-a596-53ec1e1b29c0","url":"https://docs.overturemaps.org/attribution/","license":"CDLA-Permissive-2.0","checkedAt":"2026-09-22T16:09:24.079796+00:00","release":"2026-08-19.0","upstreamRecordId":"106857232404708"}],"phone":[{"sourceId":"overture-place-meta","recordId":"overture:95bcb311-90be-4d38-a596-53ec1e1b29c0","url":"https://docs.overturemaps.org/attribution/","license":"CDLA-Permissive-2.0","checkedAt":"2026-09-22T16:09:24.079796+00:00","release":"2026-08-19.0","upstreamRecordId":"106857232404708"}]}}}},{"type":"Feature","id":"overture:ff2e96cc-a294-4916-898e-22123d7b0030","geometry":{"type":"Point","coordinates":[3.2,6.46667]},"properties":{"id":"overture:ff2e96cc-a294-4916-898e-22123d7b0030","kind":"place","status":"awaiting-evidence","release":"2026-08-19.0","sourceConfidence":0.5807783603668213,"reason":"Campus location needs corroboration; source name/address does not identify LASU","proposedPlace":{"id":"overture:ff2e96cc-a294-4916-898e-22123d7b0030","name":"Zinette Homes","aliases":[],"category":"food","subtype":"cupcake_shop","coordinates":[3.2,6.46667],"source":"overture","sourceId":"overture:ff2e96cc-a294-4916-898e-22123d7b0030","arrivalKind":"unmapped","sourceRefs":["593621870705612"],"address":"298 Adeyemo Akapo street, Omole phase one, Lagos, LA","phone":"+2348063277675","website":"http://www.zinettehomes.com.ng/","evidence":{"name":[{"sourceId":"overture-place-meta","recordId":"overture:ff2e96cc-a294-4916-898e-22123d7b0030","url":"https://docs.overturemaps.org/attribution/","license":"CDLA-Permissive-2.0","checkedAt":"2026-09-22T16:09:24.079796+00:00","release":"2026-08-19.0","upstreamRecordId":"593621870705612"}],"aliases":[{"sourceId":"overture-place-meta","recordId":"overture:ff2e96cc-a294-4916-898e-22123d7b0030","url":"https://docs.overturemaps.org/attribution/","license":"CDLA-Permissive-2.0","checkedAt":"2026-09-22T16:09:24.079796+00:00","release":"2026-08-19.0","upstreamRecordId":"593621870705612"}],"coordinates":[{"sourceId":"overture-place-meta","recordId":"overture:ff2e96cc-a294-4916-898e-22123d7b0030","url":"https://docs.overturemaps.org/attribution/","license":"CDLA-Permissive-2.0","checkedAt":"2026-09-22T16:09:24.079796+00:00","release":"2026-08-19.0","upstreamRecordId":"593621870705612"}],"category":[{"sourceId":"overture-place-meta","recordId":"overture:ff2e96cc-a294-4916-898e-22123d7b0030","url":"https://docs.overturemaps.org/attribution/","license":"CDLA-Permissive-2.0","checkedAt":"2026-09-22T16:09:24.079796+00:00","release":"2026-08-19.0","upstreamRecordId":"593621870705612"}],"subtype":[{"sourceId":"overture-place-meta","recordId":"overture:ff2e96cc-a294-4916-898e-22123d7b0030","url":"https://docs.overturemaps.org/attribution/","license":"CDLA-Permissive-2.0","checkedAt":"2026-09-22T16:09:24.079796+00:00","release":"2026-08-19.0","upstreamRecordId":"593621870705612"}],"address":[{"sourceId":"overture-place-meta","recordId":"overture:ff2e96cc-a294-4916-898e-22123d7b0030","url":"https://docs.overturemaps.org/attribution/","license":"CDLA-Permissive-2.0","checkedAt":"2026-09-22T16:09:24.079796+00:00","release":"2026-08-19.0","upstreamRecordId":"593621870705612"}],"phone":[{"sourceId":"overture-place-meta","recordId":"overture:ff2e96cc-a294-4916-898e-22123d7b0030","url":"https://docs.overturemaps.org/attribution/","license":"CDLA-Permissive-2.0","checkedAt":"2026-09-22T16:09:24.079796+00:00","release":"2026-08-19.0","upstreamRecordId":"593621870705612"}],"website":[{"sourceId":"overture-place-meta","recordId":"overture:ff2e96cc-a294-4916-898e-22123d7b0030","url":"https://docs.overturemaps.org/attribution/","license":"CDLA-Permissive-2.0","checkedAt":"2026-09-22T16:09:24.079796+00:00","release":"2026-08-19.0","upstreamRecordId":"593621870705612"}]}}}},{"type":"Feature","id":"overture:548bc563-103c-4176-97b9-031fe16bf880","geometry":{"type":"Point","coordinates":[3.20082,6.46929]},"properties":{"id":"overture:548bc563-103c-4176-97b9-031fe16bf880","kind":"place","status":"awaiting-evidence","release":"2026-08-19.0","sourceConfidence":0.33992934226989746,"reason":"Campus location needs corroboration; source name/address does not identify LASU","proposedPlace":{"id":"overture:548bc563-103c-4176-97b9-031fe16bf880","name":"Grace Abundant Furnitures","aliases":[],"category":"services","subtype":"furniture_store","coordinates":[3.20082,6.46929],"source":"overture","sourceId":"overture:548bc563-103c-4176-97b9-031fe16bf880","arrivalKind":"unmapped","sourceRefs":["115582824903118"],"address":"Ojo Alaba Lagos State, Lagos, LA","phone":"+2349043593897","website":"https://www.graceabundantfurniture.com.ng/","evidence":{"name":[{"sourceId":"overture-place-meta","recordId":"overture:548bc563-103c-4176-97b9-031fe16bf880","url":"https://docs.overturemaps.org/attribution/","license":"CDLA-Permissive-2.0","checkedAt":"2026-09-22T16:09:24.079796+00:00","release":"2026-08-19.0","upstreamRecordId":"115582824903118"}],"aliases":[{"sourceId":"overture-place-meta","recordId":"overture:548bc563-103c-4176-97b9-031fe16bf880","url":"https://docs.overturemaps.org/attribution/","license":"CDLA-Permissive-2.0","checkedAt":"2026-09-22T16:09:24.079796+00:00","release":"2026-08-19.0","upstreamRecordId":"115582824903118"}],"coordinates":[{"sourceId":"overture-place-meta","recordId":"overture:548bc563-103c-4176-97b9-031fe16bf880","url":"https://docs.overturemaps.org/attribution/","license":"CDLA-Permissive-2.0","checkedAt":"2026-09-22T16:09:24.079796+00:00","release":"2026-08-19.0","upstreamRecordId":"115582824903118"}],"category":[{"sourceId":"overture-place-meta","recordId":"overture:548bc563-103c-4176-97b9-031fe16bf880","url":"https://docs.overturemaps.org/attribution/","license":"CDLA-Permissive-2.0","checkedAt":"2026-09-22T16:09:24.079796+00:00","release":"2026-08-19.0","upstreamRecordId":"115582824903118"}],"subtype":[{"sourceId":"overture-place-meta","recordId":"overture:548bc563-103c-4176-97b9-031fe16bf880","url":"https://docs.overturemaps.org/attribution/","license":"CDLA-Permissive-2.0","checkedAt":"2026-09-22T16:09:24.079796+00:00","release":"2026-08-19.0","upstreamRecordId":"115582824903118"}],"address":[{"sourceId":"overture-place-meta","recordId":"overture:548bc563-103c-4176-97b9-031fe16bf880","url":"https://docs.overturemaps.org/attribution/","license":"CDLA-Permissive-2.0","checkedAt":"2026-09-22T16:09:24.079796+00:00","release":"2026-08-19.0","upstreamRecordId":"115582824903118"}],"phone":[{"sourceId":"overture-place-meta","recordId":"overture:548bc563-103c-4176-97b9-031fe16bf880","url":"https://docs.overturemaps.org/attribution/","license":"CDLA-Permissive-2.0","checkedAt":"2026-09-22T16:09:24.079796+00:00","release":"2026-08-19.0","upstreamRecordId":"115582824903118"}],"website":[{"sourceId":"overture-place-meta","recordId":"overture:548bc563-103c-4176-97b9-031fe16bf880","url":"https://docs.overturemaps.org/attribution/","license":"CDLA-Permissive-2.0","checkedAt":"2026-09-22T16:09:24.079796+00:00","release":"2026-08-19.0","upstreamRecordId":"115582824903118"}]}}}},{"type":"Feature","id":"overture:beee2055-8dcc-4b36-9fd7-0881bdb8f072","geometry":{"type":"Point","coordinates":[3.20120643,6.46844517]},"properties":{"id":"overture:beee2055-8dcc-4b36-9fd7-0881bdb8f072","kind":"place","status":"awaiting-evidence","release":"2026-08-19.0","sourceConfidence":0.7023095488548279,"reason":"Campus location needs corroboration; source name/address does not identify LASU","proposedPlace":{"id":"overture:beee2055-8dcc-4b36-9fd7-0881bdb8f072","name":"Post Graduate School","aliases":[],"category":"academic","subtype":"college_university","coordinates":[3.20120643,6.46844517],"source":"overture","sourceId":"overture:beee2055-8dcc-4b36-9fd7-0881bdb8f072","arrivalKind":"unmapped","sourceRefs":["1336475043176453"],"address":"Lagos - Badagry Expy, Lagos, LA, 100266","evidence":{"name":[{"sourceId":"overture-place-meta","recordId":"overture:beee2055-8dcc-4b36-9fd7-0881bdb8f072","url":"https://docs.overturemaps.org/attribution/","license":"CDLA-Permissive-2.0","checkedAt":"2026-09-22T16:09:24.079796+00:00","release":"2026-08-19.0","upstreamRecordId":"1336475043176453"}],"aliases":[{"sourceId":"overture-place-meta","recordId":"overture:beee2055-8dcc-4b36-9fd7-0881bdb8f072","url":"https://docs.overturemaps.org/attribution/","license":"CDLA-Permissive-2.0","checkedAt":"2026-09-22T16:09:24.079796+00:00","release":"2026-08-19.0","upstreamRecordId":"1336475043176453"}],"coordinates":[{"sourceId":"overture-place-meta","recordId":"overture:beee2055-8dcc-4b36-9fd7-0881bdb8f072","url":"https://docs.overturemaps.org/attribution/","license":"CDLA-Permissive-2.0","checkedAt":"2026-09-22T16:09:24.079796+00:00","release":"2026-08-19.0","upstreamRecordId":"1336475043176453"}],"category":[{"sourceId":"overture-place-meta","recordId":"overture:beee2055-8dcc-4b36-9fd7-0881bdb8f072","url":"https://docs.overturemaps.org/attribution/","license":"CDLA-Permissive-2.0","checkedAt":"2026-09-22T16:09:24.079796+00:00","release":"2026-08-19.0","upstreamRecordId":"1336475043176453"}],"subtype":[{"sourceId":"overture-place-meta","recordId":"overture:beee2055-8dcc-4b36-9fd7-0881bdb8f072","url":"https://docs.overturemaps.org/attribution/","license":"CDLA-Permissive-2.0","checkedAt":"2026-09-22T16:09:24.079796+00:00","release":"2026-08-19.0","upstreamRecordId":"1336475043176453"}],"address":[{"sourceId":"overture-place-meta","recordId":"overture:beee2055-8dcc-4b36-9fd7-0881bdb8f072","url":"https://docs.overturemaps.org/attribution/","license":"CDLA-Permissive-2.0","checkedAt":"2026-09-22T16:09:24.079796+00:00","release":"2026-08-19.0","upstreamRecordId":"1336475043176453"}]}}}},{"type":"Feature","id":"overture:00bfa405-c5d0-4555-a48d-22950abe5531","geometry":{"type":"Point","coordinates":[3.19994127,6.47126319]},"properties":{"id":"overture:00bfa405-c5d0-4555-a48d-22950abe5531","kind":"place","status":"awaiting-evidence","release":"2026-08-19.0","sourceConfidence":0.580583393573761,"reason":"Possible duplicate; identity review required","matches":["arcgis:Infrastructure:106","arcgis:University_Property:55"],"proposedPlace":{"id":"overture:00bfa405-c5d0-4555-a48d-22950abe5531","name":"Lagos State University Radio","aliases":[],"category":"services","subtype":"broadcasting_media_production","coordinates":[3.19994127,6.47126319],"source":"overture","sourceId":"overture:00bfa405-c5d0-4555-a48d-22950abe5531","arrivalKind":"unmapped","sourceRefs":["492385080887624"],"address":"PMB: 0001, Inside Lagos State University, Lagos - Badagry Express Way, Lagos, LA, 100266","evidence":{"name":[{"sourceId":"overture-place-meta","recordId":"overture:00bfa405-c5d0-4555-a48d-22950abe5531","url":"https://docs.overturemaps.org/attribution/","license":"CDLA-Permissive-2.0","checkedAt":"2026-09-22T16:09:24.079796+00:00","release":"2026-08-19.0","upstreamRecordId":"492385080887624"}],"aliases":[{"sourceId":"overture-place-meta","recordId":"overture:00bfa405-c5d0-4555-a48d-22950abe5531","url":"https://docs.overturemaps.org/attribution/","license":"CDLA-Permissive-2.0","checkedAt":"2026-09-22T16:09:24.079796+00:00","release":"2026-08-19.0","upstreamRecordId":"492385080887624"}],"coordinates":[{"sourceId":"overture-place-meta","recordId":"overture:00bfa405-c5d0-4555-a48d-22950abe5531","url":"https://docs.overturemaps.org/attribution/","license":"CDLA-Permissive-2.0","checkedAt":"2026-09-22T16:09:24.079796+00:00","release":"2026-08-19.0","upstreamRecordId":"492385080887624"}],"category":[{"sourceId":"overture-place-meta","recordId":"overture:00bfa405-c5d0-4555-a48d-22950abe5531","url":"https://docs.overturemaps.org/attribution/","license":"CDLA-Permissive-2.0","checkedAt":"2026-09-22T16:09:24.079796+00:00","release":"2026-08-19.0","upstreamRecordId":"492385080887624"}],"subtype":[{"sourceId":"overture-place-meta","recordId":"overture:00bfa405-c5d0-4555-a48d-22950abe5531","url":"https://docs.overturemaps.org/attribution/","license":"CDLA-Permissive-2.0","checkedAt":"2026-09-22T16:09:24.079796+00:00","release":"2026-08-19.0","upstreamRecordId":"492385080887624"}],"address":[{"sourceId":"overture-place-meta","recordId":"overture:00bfa405-c5d0-4555-a48d-22950abe5531","url":"https://docs.overturemaps.org/attribution/","license":"CDLA-Permissive-2.0","checkedAt":"2026-09-22T16:09:24.079796+00:00","release":"2026-08-19.0","upstreamRecordId":"492385080887624"}]}}}},{"type":"Feature","id":"overture:13123f5e-29fb-48a4-aabf-944fba394f47","geometry":{"type":"Point","coordinates":[3.1996397673811,6.4733521466765]},"properties":{"id":"overture:13123f5e-29fb-48a4-aabf-944fba394f47","kind":"place","status":"awaiting-evidence","release":"2026-08-19.0","sourceConfidence":0.8304463028907776,"reason":"Campus location needs corroboration; source name/address does not identify LASU","proposedPlace":{"id":"overture:13123f5e-29fb-48a4-aabf-944fba394f47","name":"Delta State University, Abraka","aliases":[],"category":"academic","subtype":"college_university","coordinates":[3.1996397673811,6.4733521466765],"source":"overture","sourceId":"overture:13123f5e-29fb-48a4-aabf-944fba394f47","arrivalKind":"unmapped","sourceRefs":["127304510645615"],"address":"Lagos, LA","website":"http://www.delsung.net/","evidence":{"name":[{"sourceId":"overture-place-meta","recordId":"overture:13123f5e-29fb-48a4-aabf-944fba394f47","url":"https://docs.overturemaps.org/attribution/","license":"CDLA-Permissive-2.0","checkedAt":"2026-09-22T16:09:24.079796+00:00","release":"2026-08-19.0","upstreamRecordId":"127304510645615"}],"aliases":[{"sourceId":"overture-place-meta","recordId":"overture:13123f5e-29fb-48a4-aabf-944fba394f47","url":"https://docs.overturemaps.org/attribution/","license":"CDLA-Permissive-2.0","checkedAt":"2026-09-22T16:09:24.079796+00:00","release":"2026-08-19.0","upstreamRecordId":"127304510645615"}],"coordinates":[{"sourceId":"overture-place-meta","recordId":"overture:13123f5e-29fb-48a4-aabf-944fba394f47","url":"https://docs.overturemaps.org/attribution/","license":"CDLA-Permissive-2.0","checkedAt":"2026-09-22T16:09:24.079796+00:00","release":"2026-08-19.0","upstreamRecordId":"127304510645615"}],"category":[{"sourceId":"overture-place-meta","recordId":"overture:13123f5e-29fb-48a4-aabf-944fba394f47","url":"https://docs.overturemaps.org/attribution/","license":"CDLA-Permissive-2.0","checkedAt":"2026-09-22T16:09:24.079796+00:00","release":"2026-08-19.0","upstreamRecordId":"127304510645615"}],"subtype":[{"sourceId":"overture-place-meta","recordId":"overture:13123f5e-29fb-48a4-aabf-944fba394f47","url":"https://docs.overturemaps.org/attribution/","license":"CDLA-Permissive-2.0","checkedAt":"2026-09-22T16:09:24.079796+00:00","release":"2026-08-19.0","upstreamRecordId":"127304510645615"}],"address":[{"sourceId":"overture-place-meta","recordId":"overture:13123f5e-29fb-48a4-aabf-944fba394f47","url":"https://docs.overturemaps.org/attribution/","license":"CDLA-Permissive-2.0","checkedAt":"2026-09-22T16:09:24.079796+00:00","release":"2026-08-19.0","upstreamRecordId":"127304510645615"}],"website":[{"sourceId":"overture-place-meta","recordId":"overture:13123f5e-29fb-48a4-aabf-944fba394f47","url":"https://docs.overturemaps.org/attribution/","license":"CDLA-Permissive-2.0","checkedAt":"2026-09-22T16:09:24.079796+00:00","release":"2026-08-19.0","upstreamRecordId":"127304510645615"}]}}}},{"type":"Feature","id":"overture:78c902b1-f6dc-4c77-ad47-2067fc27c304","geometry":{"type":"Point","coordinates":[3.19929389,6.47531788]},"properties":{"id":"overture:78c902b1-f6dc-4c77-ad47-2067fc27c304","kind":"place","status":"awaiting-evidence","release":"2026-08-19.0","sourceConfidence":0.6381952166557312,"reason":"Campus location needs corroboration; source name/address does not identify LASU","proposedPlace":{"id":"overture:78c902b1-f6dc-4c77-ad47-2067fc27c304","name":"Faculty of Social Sciences","aliases":[],"category":"academic","subtype":"college_university","coordinates":[3.19929389,6.47531788],"source":"overture","sourceId":"overture:78c902b1-f6dc-4c77-ad47-2067fc27c304","arrivalKind":"unmapped","sourceRefs":["456358801060593"],"address":"Lagos - Badagry Expy, Lagos, LA, 100266","phone":"+2349012708410","evidence":{"name":[{"sourceId":"overture-place-meta","recordId":"overture:78c902b1-f6dc-4c77-ad47-2067fc27c304","url":"https://docs.overturemaps.org/attribution/","license":"CDLA-Permissive-2.0","checkedAt":"2026-09-22T16:09:24.079796+00:00","release":"2026-08-19.0","upstreamRecordId":"456358801060593"}],"aliases":[{"sourceId":"overture-place-meta","recordId":"overture:78c902b1-f6dc-4c77-ad47-2067fc27c304","url":"https://docs.overturemaps.org/attribution/","license":"CDLA-Permissive-2.0","checkedAt":"2026-09-22T16:09:24.079796+00:00","release":"2026-08-19.0","upstreamRecordId":"456358801060593"}],"coordinates":[{"sourceId":"overture-place-meta","recordId":"overture:78c902b1-f6dc-4c77-ad47-2067fc27c304","url":"https://docs.overturemaps.org/attribution/","license":"CDLA-Permissive-2.0","checkedAt":"2026-09-22T16:09:24.079796+00:00","release":"2026-08-19.0","upstreamRecordId":"456358801060593"}],"category":[{"sourceId":"overture-place-meta","recordId":"overture:78c902b1-f6dc-4c77-ad47-2067fc27c304","url":"https://docs.overturemaps.org/attribution/","license":"CDLA-Permissive-2.0","checkedAt":"2026-09-22T16:09:24.079796+00:00","release":"2026-08-19.0","upstreamRecordId":"456358801060593"}],"subtype":[{"sourceId":"overture-place-meta","recordId":"overture:78c902b1-f6dc-4c77-ad47-2067fc27c304","url":"https://docs.overturemaps.org/attribution/","license":"CDLA-Permissive-2.0","checkedAt":"2026-09-22T16:09:24.079796+00:00","release":"2026-08-19.0","upstreamRecordId":"456358801060593"}],"address":[{"sourceId":"overture-place-meta","recordId":"overture:78c902b1-f6dc-4c77-ad47-2067fc27c304","url":"https://docs.overturemaps.org/attribution/","license":"CDLA-Permissive-2.0","checkedAt":"2026-09-22T16:09:24.079796+00:00","release":"2026-08-19.0","upstreamRecordId":"456358801060593"}],"phone":[{"sourceId":"overture-place-meta","recordId":"overture:78c902b1-f6dc-4c77-ad47-2067fc27c304","url":"https://docs.overturemaps.org/attribution/","license":"CDLA-Permissive-2.0","checkedAt":"2026-09-22T16:09:24.079796+00:00","release":"2026-08-19.0","upstreamRecordId":"456358801060593"}]}}}},{"type":"Feature","id":"overture:c1a898c3-07bf-44bc-8bf0-dffc13c7ec4d","geometry":{"type":"Point","coordinates":[3.2001986436002,6.4753694337086]},"properties":{"id":"overture:c1a898c3-07bf-44bc-8bf0-dffc13c7ec4d","kind":"place","status":"awaiting-evidence","release":"2026-08-19.0","sourceConfidence":0.6081055402755737,"reason":"Campus location needs corroboration; source name/address does not identify LASU","proposedPlace":{"id":"overture:c1a898c3-07bf-44bc-8bf0-dffc13c7ec4d","name":"St. Ignatius Catholic Church Abule","aliases":[],"category":"worship","subtype":"christian_place_of_worship","coordinates":[3.2001986436002,6.4753694337086],"source":"overture","sourceId":"overture:c1a898c3-07bf-44bc-8bf0-dffc13c7ec4d","arrivalKind":"unmapped","sourceRefs":["192546101549634"],"address":"Church Street, Abule Oke Odan, Lagos, LA","evidence":{"name":[{"sourceId":"overture-place-meta","recordId":"overture:c1a898c3-07bf-44bc-8bf0-dffc13c7ec4d","url":"https://docs.overturemaps.org/attribution/","license":"CDLA-Permissive-2.0","checkedAt":"2026-09-22T16:09:24.079796+00:00","release":"2026-08-19.0","upstreamRecordId":"192546101549634"}],"aliases":[{"sourceId":"overture-place-meta","recordId":"overture:c1a898c3-07bf-44bc-8bf0-dffc13c7ec4d","url":"https://docs.overturemaps.org/attribution/","license":"CDLA-Permissive-2.0","checkedAt":"2026-09-22T16:09:24.079796+00:00","release":"2026-08-19.0","upstreamRecordId":"192546101549634"}],"coordinates":[{"sourceId":"overture-place-meta","recordId":"overture:c1a898c3-07bf-44bc-8bf0-dffc13c7ec4d","url":"https://docs.overturemaps.org/attribution/","license":"CDLA-Permissive-2.0","checkedAt":"2026-09-22T16:09:24.079796+00:00","release":"2026-08-19.0","upstreamRecordId":"192546101549634"}],"category":[{"sourceId":"overture-place-meta","recordId":"overture:c1a898c3-07bf-44bc-8bf0-dffc13c7ec4d","url":"https://docs.overturemaps.org/attribution/","license":"CDLA-Permissive-2.0","checkedAt":"2026-09-22T16:09:24.079796+00:00","release":"2026-08-19.0","upstreamRecordId":"192546101549634"}],"subtype":[{"sourceId":"overture-place-meta","recordId":"overture:c1a898c3-07bf-44bc-8bf0-dffc13c7ec4d","url":"https://docs.overturemaps.org/attribution/","license":"CDLA-Permissive-2.0","checkedAt":"2026-09-22T16:09:24.079796+00:00","release":"2026-08-19.0","upstreamRecordId":"192546101549634"}],"address":[{"sourceId":"overture-place-meta","recordId":"overture:c1a898c3-07bf-44bc-8bf0-dffc13c7ec4d","url":"https://docs.overturemaps.org/attribution/","license":"CDLA-Permissive-2.0","checkedAt":"2026-09-22T16:09:24.079796+00:00","release":"2026-08-19.0","upstreamRecordId":"192546101549634"}]}}}},{"type":"Feature","id":"overture:f436c656-386a-46b4-bf5c-470f88e24dfb","geometry":{"type":"Point","coordinates":[3.200787273348,6.4735934036227]},"properties":{"id":"overture:f436c656-386a-46b4-bf5c-470f88e24dfb","kind":"place","status":"awaiting-evidence","release":"2026-08-19.0","sourceConfidence":0.5780622363090515,"reason":"Campus location needs corroboration; source name/address does not identify LASU","proposedPlace":{"id":"overture:f436c656-386a-46b4-bf5c-470f88e24dfb","name":"High taste hotel at alaba","aliases":[],"category":"services","subtype":"hotel","coordinates":[3.200787273348,6.4735934036227],"source":"overture","sourceId":"overture:f436c656-386a-46b4-bf5c-470f88e24dfb","arrivalKind":"unmapped","sourceRefs":["111436126454887"],"address":"Lagos, LA","evidence":{"name":[{"sourceId":"overture-place-meta","recordId":"overture:f436c656-386a-46b4-bf5c-470f88e24dfb","url":"https://docs.overturemaps.org/attribution/","license":"CDLA-Permissive-2.0","checkedAt":"2026-09-22T16:09:24.079796+00:00","release":"2026-08-19.0","upstreamRecordId":"111436126454887"}],"aliases":[{"sourceId":"overture-place-meta","recordId":"overture:f436c656-386a-46b4-bf5c-470f88e24dfb","url":"https://docs.overturemaps.org/attribution/","license":"CDLA-Permissive-2.0","checkedAt":"2026-09-22T16:09:24.079796+00:00","release":"2026-08-19.0","upstreamRecordId":"111436126454887"}],"coordinates":[{"sourceId":"overture-place-meta","recordId":"overture:f436c656-386a-46b4-bf5c-470f88e24dfb","url":"https://docs.overturemaps.org/attribution/","license":"CDLA-Permissive-2.0","checkedAt":"2026-09-22T16:09:24.079796+00:00","release":"2026-08-19.0","upstreamRecordId":"111436126454887"}],"category":[{"sourceId":"overture-place-meta","recordId":"overture:f436c656-386a-46b4-bf5c-470f88e24dfb","url":"https://docs.overturemaps.org/attribution/","license":"CDLA-Permissive-2.0","checkedAt":"2026-09-22T16:09:24.079796+00:00","release":"2026-08-19.0","upstreamRecordId":"111436126454887"}],"subtype":[{"sourceId":"overture-place-meta","recordId":"overture:f436c656-386a-46b4-bf5c-470f88e24dfb","url":"https://docs.overturemaps.org/attribution/","license":"CDLA-Permissive-2.0","checkedAt":"2026-09-22T16:09:24.079796+00:00","release":"2026-08-19.0","upstreamRecordId":"111436126454887"}],"address":[{"sourceId":"overture-place-meta","recordId":"overture:f436c656-386a-46b4-bf5c-470f88e24dfb","url":"https://docs.overturemaps.org/attribution/","license":"CDLA-Permissive-2.0","checkedAt":"2026-09-22T16:09:24.079796+00:00","release":"2026-08-19.0","upstreamRecordId":"111436126454887"}]}}}},{"type":"Feature","id":"overture:f5c2dd7d-a639-4c49-92fc-d111d8e0ca6b","geometry":{"type":"Point","coordinates":[3.2019606,6.46740224]},"properties":{"id":"overture:f5c2dd7d-a639-4c49-92fc-d111d8e0ca6b","kind":"place","status":"awaiting-evidence","release":"2026-08-19.0","sourceConfidence":0.6905825138092041,"reason":"Possible duplicate; identity review required","matches":["arcgis:University_Property:6"],"proposedPlace":{"id":"overture:f5c2dd7d-a639-4c49-92fc-d111d8e0ca6b","name":"Lagos State University Faculty of Law","aliases":[],"category":"academic","subtype":"college_university","coordinates":[3.2019606,6.46740224],"source":"overture","sourceId":"overture:f5c2dd7d-a639-4c49-92fc-d111d8e0ca6b","arrivalKind":"unmapped","sourceRefs":["124210634929329"],"address":"Lagos State University, Lagos Badagry Express Way, Lagos, LA","phone":"+2347066444999","evidence":{"name":[{"sourceId":"overture-place-meta","recordId":"overture:f5c2dd7d-a639-4c49-92fc-d111d8e0ca6b","url":"https://docs.overturemaps.org/attribution/","license":"CDLA-Permissive-2.0","checkedAt":"2026-09-22T16:09:24.079796+00:00","release":"2026-08-19.0","upstreamRecordId":"124210634929329"}],"aliases":[{"sourceId":"overture-place-meta","recordId":"overture:f5c2dd7d-a639-4c49-92fc-d111d8e0ca6b","url":"https://docs.overturemaps.org/attribution/","license":"CDLA-Permissive-2.0","checkedAt":"2026-09-22T16:09:24.079796+00:00","release":"2026-08-19.0","upstreamRecordId":"124210634929329"}],"coordinates":[{"sourceId":"overture-place-meta","recordId":"overture:f5c2dd7d-a639-4c49-92fc-d111d8e0ca6b","url":"https://docs.overturemaps.org/attribution/","license":"CDLA-Permissive-2.0","checkedAt":"2026-09-22T16:09:24.079796+00:00","release":"2026-08-19.0","upstreamRecordId":"124210634929329"}],"category":[{"sourceId":"overture-place-meta","recordId":"overture:f5c2dd7d-a639-4c49-92fc-d111d8e0ca6b","url":"https://docs.overturemaps.org/attribution/","license":"CDLA-Permissive-2.0","checkedAt":"2026-09-22T16:09:24.079796+00:00","release":"2026-08-19.0","upstreamRecordId":"124210634929329"}],"subtype":[{"sourceId":"overture-place-meta","recordId":"overture:f5c2dd7d-a639-4c49-92fc-d111d8e0ca6b","url":"https://docs.overturemaps.org/attribution/","license":"CDLA-Permissive-2.0","checkedAt":"2026-09-22T16:09:24.079796+00:00","release":"2026-08-19.0","upstreamRecordId":"124210634929329"}],"address":[{"sourceId":"overture-place-meta","recordId":"overture:f5c2dd7d-a639-4c49-92fc-d111d8e0ca6b","url":"https://docs.overturemaps.org/attribution/","license":"CDLA-Permissive-2.0","checkedAt":"2026-09-22T16:09:24.079796+00:00","release":"2026-08-19.0","upstreamRecordId":"124210634929329"}],"phone":[{"sourceId":"overture-place-meta","recordId":"overture:f5c2dd7d-a639-4c49-92fc-d111d8e0ca6b","url":"https://docs.overturemaps.org/attribution/","license":"CDLA-Permissive-2.0","checkedAt":"2026-09-22T16:09:24.079796+00:00","release":"2026-08-19.0","upstreamRecordId":"124210634929329"}]}}}},{"type":"Feature","id":"overture:bd4d1817-c159-401e-bf2f-7b145a616431","geometry":{"type":"Polygon","coordinates":[[[3.204191,6.4625222],[3.2040194,6.4625782],[3.203991,6.4624922],[3.2041626,6.4624363],[3.204191,6.4625222]]]},"properties":{"id":"overture:bd4d1817-c159-401e-bf2f-7b145a616431","kind":"building","status":"awaiting-evidence","release":"2026-08-19.0","reason":"Overlapping building; compare alternate footprint","matches":["osm:way:1267377604"]}},{"type":"Feature","id":"overture:79824e74-1972-4876-88e1-f3800ff28da8","geometry":{"type":"Polygon","coordinates":[[[3.2028151,6.4625746],[3.2027701,6.4625552],[3.2027257,6.4624289],[3.2029215,6.4623667],[3.2029676,6.4625215],[3.2028151,6.4625746]]]},"properties":{"id":"overture:79824e74-1972-4876-88e1-f3800ff28da8","kind":"building","status":"awaiting-evidence","release":"2026-08-19.0","reason":"Crosses campus boundary"}},{"type":"Feature","id":"overture:57a6e117-e023-481d-a3ce-ed778aa655c5","geometry":{"type":"Polygon","coordinates":[[[3.204073,6.4623143],[3.2039121,6.4623636],[3.203886,6.4622795],[3.2040469,6.4622302],[3.204073,6.4623143]]]},"properties":{"id":"overture:57a6e117-e023-481d-a3ce-ed778aa655c5","kind":"building","status":"awaiting-evidence","release":"2026-08-19.0","reason":"Overlapping building; compare alternate footprint","matches":["osm:way:1267377603"]}},{"type":"Feature","id":"overture:b5831dde-015d-4658-aef1-e9ac1f536cfb","geometry":{"type":"Polygon","coordinates":[[[3.2040891,6.4621677],[3.2039537,6.4622197],[3.2039126,6.4621142],[3.2040481,6.4620622],[3.2040891,6.4621677]]]},"properties":{"id":"overture:b5831dde-015d-4658-aef1-e9ac1f536cfb","kind":"building","status":"awaiting-evidence","release":"2026-08-19.0","reason":"Overlapping building; compare alternate footprint","matches":["osm:way:1267377602"]}},{"type":"Feature","id":"overture:03429346-06d4-4490-812e-02ee082d3053","geometry":{"type":"Polygon","coordinates":[[[3.2024448,6.4622815],[3.2024903,6.4623941],[3.2024205,6.4624223],[3.202375,6.4623096],[3.2024448,6.4622815]]]},"properties":{"id":"overture:03429346-06d4-4490-812e-02ee082d3053","kind":"building","status":"awaiting-evidence","release":"2026-08-19.0","reason":"Overlapping building; compare alternate footprint","matches":["arcgis:University_Property:70"]}},{"type":"Feature","id":"overture:3cb02f0d-cfa9-4b9b-b42e-fef36f71b8c3","geometry":{"type":"Polygon","coordinates":[[[3.2031101,6.4631312],[3.2029626,6.4631459],[3.2029532,6.4630527],[3.2031007,6.4630381],[3.2031101,6.4631312]]]},"properties":{"id":"overture:3cb02f0d-cfa9-4b9b-b42e-fef36f71b8c3","kind":"building","status":"awaiting-evidence","release":"2026-08-19.0","reason":"Overlapping building; compare alternate footprint","matches":["osm:way:1267692231"]}},{"type":"Feature","id":"overture:b0144a10-c50b-4bbe-8834-8c0e71e6fc6e","geometry":{"type":"Polygon","coordinates":[[[3.2032321,6.4632498],[3.20298,6.4632671],[3.2029749,6.4631942],[3.2032271,6.4631769],[3.2032321,6.4632498]]]},"properties":{"id":"overture:b0144a10-c50b-4bbe-8834-8c0e71e6fc6e","kind":"building","status":"awaiting-evidence","release":"2026-08-19.0","reason":"Overlapping building; compare alternate footprint","matches":["arcgis:University_Property:48","osm:way:1267692232"]}},{"type":"Feature","id":"overture:ef9e5176-f1c7-45bd-82e3-33d9daf26000","geometry":{"type":"Polygon","coordinates":[[[3.2043092,6.462596],[3.2043346,6.4625912],[3.2043398,6.462618],[3.2043535,6.4626154],[3.2043609,6.4626539],[3.2043217,6.4626614],[3.2043092,6.462596]]]},"properties":{"id":"overture:ef9e5176-f1c7-45bd-82e3-33d9daf26000","kind":"building","status":"awaiting-evidence","release":"2026-08-19.0","reason":"Crosses campus boundary"}},{"type":"Feature","id":"overture:a7aa0469-7bd6-4743-ba54-9d40209de5a4","geometry":{"type":"Polygon","coordinates":[[[3.204397,6.4627421],[3.2044233,6.4628379],[3.2043845,6.4628486],[3.2043581,6.4627528],[3.204397,6.4627421]]]},"properties":{"id":"overture:a7aa0469-7bd6-4743-ba54-9d40209de5a4","kind":"building","status":"awaiting-evidence","release":"2026-08-19.0","reason":"Crosses campus boundary"}},{"type":"Feature","id":"overture:adbaf139-b496-4024-b90b-446b75047577","geometry":{"type":"Polygon","coordinates":[[[3.2044269,6.4630426],[3.2044197,6.4630179],[3.2044566,6.4630073],[3.2044638,6.4630319],[3.2044269,6.4630426]]]},"properties":{"id":"overture:adbaf139-b496-4024-b90b-446b75047577","kind":"building","status":"awaiting-evidence","release":"2026-08-19.0","reason":"Crosses campus boundary"}},{"type":"Feature","id":"overture:d4bea01b-d77b-40f2-b73b-290ab191d8fb","geometry":{"type":"Polygon","coordinates":[[[3.2045746,6.4632966],[3.2045914,6.4633565],[3.2045506,6.463368],[3.2045338,6.4633081],[3.2045746,6.4632966]]]},"properties":{"id":"overture:d4bea01b-d77b-40f2-b73b-290ab191d8fb","kind":"building","status":"awaiting-evidence","release":"2026-08-19.0","reason":"Crosses campus boundary"}},{"type":"Feature","id":"overture:389a5fb6-491b-4409-a90f-4a4860058ab8","geometry":{"type":"Polygon","coordinates":[[[3.2046009,6.4634638],[3.2045692,6.4634775],[3.2045374,6.4634053],[3.2045829,6.4633856],[3.2045961,6.4634156],[3.2045824,6.4634216],[3.2046009,6.4634638]]]},"properties":{"id":"overture:389a5fb6-491b-4409-a90f-4a4860058ab8","kind":"building","status":"awaiting-evidence","release":"2026-08-19.0","reason":"Crosses campus boundary"}},{"type":"Feature","id":"overture:22e02afb-0f41-4a4c-b1db-8d8a81a2851a","geometry":{"type":"Polygon","coordinates":[[[3.2035865,6.4639332],[3.2036295,6.4639303],[3.2036313,6.4639567],[3.2035883,6.4639596],[3.2035865,6.4639332]]]},"properties":{"id":"overture:22e02afb-0f41-4a4c-b1db-8d8a81a2851a","kind":"building","status":"awaiting-evidence","release":"2026-08-19.0","reason":"Overlapping building; compare alternate footprint","matches":["arcgis:University_Property:118"]}},{"type":"Feature","id":"overture:22e0c624-5c60-4ff1-9389-292fb6dde179","geometry":{"type":"Polygon","coordinates":[[[3.2024143,6.4639393],[3.2024166,6.4638301],[3.2025251,6.4638324],[3.2025228,6.4639416],[3.2024143,6.4639393]]]},"properties":{"id":"overture:22e0c624-5c60-4ff1-9389-292fb6dde179","kind":"building","status":"awaiting-evidence","release":"2026-08-19.0","reason":"Overlapping building; compare alternate footprint","matches":["arcgis:University_Property:26"]}},{"type":"Feature","id":"overture:6681beba-9443-40e5-ad91-edc71540748e","geometry":{"type":"Polygon","coordinates":[[[3.2031918,6.4639178],[3.2031292,6.4639261],[3.2031091,6.4637755],[3.2031717,6.4637672],[3.2031918,6.4639178]]]},"properties":{"id":"overture:6681beba-9443-40e5-ad91-edc71540748e","kind":"building","status":"awaiting-evidence","release":"2026-08-19.0","reason":"Overlapping building; compare alternate footprint","matches":["arcgis:University_Property:27","arcgis:University_Property:118"]}},{"type":"Feature","id":"overture:37c99498-8464-4506-bd55-f621adeb10d3","geometry":{"type":"Polygon","coordinates":[[[3.20233,6.463741],[3.2022265,6.4637383],[3.2022283,6.4636717],[3.2027315,6.4636851],[3.2027298,6.4637485],[3.2026268,6.4637458],[3.2026264,6.4637608],[3.2023297,6.4637529],[3.20233,6.463741]]]},"properties":{"id":"overture:37c99498-8464-4506-bd55-f621adeb10d3","kind":"building","status":"awaiting-evidence","release":"2026-08-19.0","reason":"Overlapping building; compare alternate footprint","matches":["arcgis:University_Property:12","osm:way:591396676"]}},{"type":"Feature","id":"overture:3f46c0a1-5a21-4f73-bdcd-80f08cb61e1b","geometry":{"type":"Polygon","coordinates":[[[3.2031007,6.4634224],[3.2029864,6.4634208],[3.2029877,6.4633274],[3.203102,6.463329],[3.2031007,6.4634224]]]},"properties":{"id":"overture:3f46c0a1-5a21-4f73-bdcd-80f08cb61e1b","kind":"building","status":"awaiting-evidence","release":"2026-08-19.0","reason":"Overlapping building; compare alternate footprint","matches":["arcgis:University_Property:48"]}},{"type":"Feature","id":"overture:21d815c0-6c7e-4a1f-95bf-6a1f45126800","geometry":{"type":"Polygon","coordinates":[[[3.2008776,6.4634074],[3.2007403,6.4634083],[3.2007313,6.4634097],[3.2007311,6.4633778],[3.2009896,6.463376],[3.2009898,6.4634105],[3.2008776,6.4634074]]]},"properties":{"id":"overture:21d815c0-6c7e-4a1f-95bf-6a1f45126800","kind":"building","status":"awaiting-evidence","release":"2026-08-19.0","reason":"Overlapping building; compare alternate footprint","matches":["osm:way:591396687"]}},{"type":"Feature","id":"overture:9d971b60-9f43-4014-9fea-1eb48af1aad5","geometry":{"type":"Polygon","coordinates":[[[3.2017759,6.4640029],[3.2015488,6.4639974],[3.2015506,6.4639259],[3.2015884,6.4639268],[3.2015952,6.4636509],[3.2020979,6.4636632],[3.202096,6.4637439],[3.2020327,6.4637424],[3.2020321,6.4637636],[3.201833,6.4637587],[3.2018344,6.4637018],[3.2017834,6.4637005],[3.2017759,6.4640029]]]},"properties":{"id":"overture:9d971b60-9f43-4014-9fea-1eb48af1aad5","kind":"building","status":"awaiting-evidence","release":"2026-08-19.0","reason":"Overlapping building; compare alternate footprint","matches":["arcgis:University_Property:46","osm:way:591396675"]}},{"type":"Feature","id":"overture:86abd20a-cc2f-422f-bddd-212f56a89910","geometry":{"type":"Polygon","coordinates":[[[3.2020385,6.4638785],[3.2020372,6.4639274],[3.2019588,6.4639254],[3.20196,6.4638765],[3.2020385,6.4638785]]]},"properties":{"id":"overture:86abd20a-cc2f-422f-bddd-212f56a89910","kind":"building","status":"awaiting-evidence","release":"2026-08-19.0","reason":"Overlapping building; compare alternate footprint","matches":["osm:way:1267689288"]}},{"type":"Feature","id":"overture:06713636-fc07-4933-9730-3bd30b0e05cd","geometry":{"type":"Polygon","coordinates":[[[3.1983306,6.4652251],[3.198279,6.465108],[3.1984439,6.4650363],[3.1984955,6.4651534],[3.1983306,6.4652251]]]},"properties":{"id":"overture:06713636-fc07-4933-9730-3bd30b0e05cd","kind":"building","status":"awaiting-evidence","release":"2026-08-19.0","reason":"Overlapping building; compare alternate footprint","matches":["arcgis:University_Property:52"]}},{"type":"Feature","id":"overture:95f8f2bb-ccd1-41c4-8796-bca7ec3629a7","geometry":{"type":"Polygon","coordinates":[[[3.1987378,6.4651449],[3.1985188,6.465128],[3.1985301,6.4649834],[3.1987492,6.4650004],[3.1987378,6.4651449]]]},"properties":{"id":"overture:95f8f2bb-ccd1-41c4-8796-bca7ec3629a7","kind":"building","status":"awaiting-evidence","release":"2026-08-19.0","reason":"Overlapping building; compare alternate footprint","matches":["arcgis:University_Property:51"]}},{"type":"Feature","id":"overture:b01add18-807e-43c2-9c2e-032c4379e2f6","geometry":{"type":"Polygon","coordinates":[[[3.1993408,6.4650737],[3.199266,6.4650937],[3.1992483,6.4650282],[3.1993231,6.4650082],[3.1993408,6.4650737]]]},"properties":{"id":"overture:b01add18-807e-43c2-9c2e-032c4379e2f6","kind":"building","status":"awaiting-evidence","release":"2026-08-19.0","reason":"Overlapping building; compare alternate footprint","matches":["arcgis:University_Property:50","osm:way:1267291959"]}},{"type":"Feature","id":"overture:719106bb-cdcb-4a8e-ab31-c91da3575ff1","geometry":{"type":"Polygon","coordinates":[[[3.1998068,6.4650757],[3.199723,6.465074],[3.1997261,6.4649219],[3.1998099,6.4649236],[3.1998068,6.4650757]]]},"properties":{"id":"overture:719106bb-cdcb-4a8e-ab31-c91da3575ff1","kind":"building","status":"awaiting-evidence","release":"2026-08-19.0","reason":"Overlapping building; compare alternate footprint","matches":["arcgis:University_Property:17"]}},{"type":"Feature","id":"overture:509cad82-d639-48ab-b2be-5d924e859b1b","geometry":{"type":"Polygon","coordinates":[[[3.1998965,6.4650818],[3.1998436,6.4650795],[3.199846,6.4650252],[3.1998807,6.4650267],[3.1998799,6.4650443],[3.1998886,6.4650447],[3.1998883,6.4650511],[3.1998978,6.4650515],[3.1998965,6.4650818]]]},"properties":{"id":"overture:509cad82-d639-48ab-b2be-5d924e859b1b","kind":"building","status":"awaiting-evidence","release":"2026-08-19.0","reason":"Overlapping building; compare alternate footprint","matches":["osm:way:1267689301"]}},{"type":"Feature","id":"overture:d1223cd7-7e86-4f1c-9294-51ab1ff1161d","geometry":{"type":"Polygon","coordinates":[[[3.2003515,6.4651154],[3.2003525,6.4649335],[3.2005471,6.4649345],[3.2005467,6.4650017],[3.2007152,6.4650026],[3.2007145,6.4651174],[3.2003515,6.4651154]]]},"properties":{"id":"overture:d1223cd7-7e86-4f1c-9294-51ab1ff1161d","kind":"building","status":"awaiting-evidence","release":"2026-08-19.0","reason":"Overlapping building; compare alternate footprint","matches":["arcgis:University_Property:14"]}},{"type":"Feature","id":"overture:0ee1de8f-e603-4943-b1d6-b91027434aec","geometry":{"type":"Polygon","coordinates":[[[3.2007148,6.4649722],[3.2006086,6.4649694],[3.2006101,6.4649123],[3.2005775,6.4649114],[3.20058,6.4648173],[3.2007189,6.464821],[3.2007148,6.4649722]]]},"properties":{"id":"overture:0ee1de8f-e603-4943-b1d6-b91027434aec","kind":"building","status":"awaiting-evidence","release":"2026-08-19.0","reason":"Overlapping building; compare alternate footprint","matches":["arcgis:University_Property:14","arcgis:University_Property:79"]}},{"type":"Feature","id":"overture:e67317ee-b5cd-4771-9215-51734c123c23","geometry":{"type":"Polygon","coordinates":[[[3.2001895,6.465061],[3.1998916,6.4650497],[3.1999072,6.4646463],[3.200205,6.4646577],[3.2001895,6.465061]],[[3.2001266,6.4647382],[3.1999729,6.4647333],[3.1999657,6.4649521],[3.2001195,6.464957],[3.2001266,6.4647382]]]},"properties":{"id":"overture:e67317ee-b5cd-4771-9215-51734c123c23","kind":"building","status":"awaiting-evidence","release":"2026-08-19.0","reason":"Overlapping building; compare alternate footprint","matches":["arcgis:University_Property:16"]}},{"type":"Feature","id":"overture:f816777e-ded0-4d60-87b3-f4db3ec47f13","geometry":{"type":"Polygon","coordinates":[[[3.1998447,6.4649264],[3.1998447,6.4650078],[3.1998113,6.4650078],[3.1998114,6.4649263],[3.1998447,6.4649264]]]},"properties":{"id":"overture:f816777e-ded0-4d60-87b3-f4db3ec47f13","kind":"building","status":"awaiting-evidence","release":"2026-08-19.0","reason":"Overlapping building; compare alternate footprint","matches":["arcgis:University_Property:17","osm:way:1267689300"]}},{"type":"Feature","id":"overture:8500bcbb-d2dc-46e7-b87a-c70f578240ad","geometry":{"type":"Polygon","coordinates":[[[3.1998722,6.4649316],[3.1998459,6.4649317],[3.1998457,6.464893],[3.199872,6.4648929],[3.1998722,6.4649316]]]},"properties":{"id":"overture:8500bcbb-d2dc-46e7-b87a-c70f578240ad","kind":"building","status":"awaiting-evidence","release":"2026-08-19.0","reason":"Overlapping building; compare alternate footprint","matches":["arcgis:University_Property:16","osm:way:1267689299"]}},{"type":"Feature","id":"overture:88417812-3383-4e27-84b5-bfb2c2ccfe99","geometry":{"type":"Polygon","coordinates":[[[3.1993089,6.465009],[3.1992387,6.4650222],[3.199226,6.4649554],[3.1992962,6.4649422],[3.1993089,6.465009]]]},"properties":{"id":"overture:88417812-3383-4e27-84b5-bfb2c2ccfe99","kind":"building","status":"awaiting-evidence","release":"2026-08-19.0","reason":"Overlapping building; compare alternate footprint","matches":["arcgis:University_Property:50"]}},{"type":"Feature","id":"overture:5ff8c9d9-376f-446c-905d-2f190f523197","geometry":{"type":"Polygon","coordinates":[[[3.1991544,6.4650066],[3.1990895,6.4650248],[3.1990452,6.4648689],[3.1991101,6.4648507],[3.1991544,6.4650066]]]},"properties":{"id":"overture:5ff8c9d9-376f-446c-905d-2f190f523197","kind":"building","status":"awaiting-evidence","release":"2026-08-19.0","reason":"Overlapping building; compare alternate footprint","matches":["osm:way:1267291963"]}},{"type":"Feature","id":"overture:04cc8815-a5ad-45ae-b066-768d962e6682","geometry":{"type":"Polygon","coordinates":[[[3.199307,6.4649263],[3.1992279,6.4649412],[3.1992132,6.4648641],[3.1992923,6.4648492],[3.199307,6.4649263]]]},"properties":{"id":"overture:04cc8815-a5ad-45ae-b066-768d962e6682","kind":"building","status":"awaiting-evidence","release":"2026-08-19.0","reason":"Overlapping building; compare alternate footprint","matches":["arcgis:University_Property:128"]}},{"type":"Feature","id":"overture:adcdb39c-fc45-473f-ad6b-01eb58c7d509","geometry":{"type":"Polygon","coordinates":[[[3.1998693,6.4648855],[3.1998474,6.464885],[3.1998479,6.4648601],[3.1998699,6.4648606],[3.1998693,6.4648855]]]},"properties":{"id":"overture:adcdb39c-fc45-473f-ad6b-01eb58c7d509","kind":"building","status":"awaiting-evidence","release":"2026-08-19.0","reason":"Overlapping building; compare alternate footprint","matches":["osm:way:1267689298"]}},{"type":"Feature","id":"overture:5f2e4d27-18c1-4e53-be92-73d05ac241fd","geometry":{"type":"Polygon","coordinates":[[[3.1998076,6.4647993],[3.199807,6.4648499],[3.199703,6.4648486],[3.1997037,6.464798],[3.1998076,6.4647993]]]},"properties":{"id":"overture:5f2e4d27-18c1-4e53-be92-73d05ac241fd","kind":"building","status":"awaiting-evidence","release":"2026-08-19.0","reason":"Overlapping building; compare alternate footprint","matches":["arcgis:University_Property:17","osm:way:1267689304"]}},{"type":"Feature","id":"overture:0bc26a38-8a48-4a93-bfaf-4e6d062df9ba","geometry":{"type":"Polygon","coordinates":[[[3.1998529,6.4647833],[3.1997932,6.4647833],[3.1997932,6.464719],[3.1998529,6.464719],[3.1998529,6.4647833]]]},"properties":{"id":"overture:0bc26a38-8a48-4a93-bfaf-4e6d062df9ba","kind":"building","status":"awaiting-evidence","release":"2026-08-19.0","reason":"Overlapping building; compare alternate footprint","matches":["arcgis:University_Property:127","osm:way:1267689305"]}},{"type":"Feature","id":"overture:877b929b-35e3-422e-a5a8-ae9df1b2db93","geometry":{"type":"Polygon","coordinates":[[[3.1990472,6.4648589],[3.1990244,6.4647889],[3.1990803,6.464771],[3.1991031,6.4648409],[3.1990472,6.4648589]]]},"properties":{"id":"overture:877b929b-35e3-422e-a5a8-ae9df1b2db93","kind":"building","status":"awaiting-evidence","release":"2026-08-19.0","reason":"Overlapping building; compare alternate footprint","matches":["osm:way:1267291962"]}},{"type":"Feature","id":"overture:2286e0ef-cd63-4b76-8bde-955e38fcc448","geometry":{"type":"Polygon","coordinates":[[[3.1992879,6.4648439],[3.1992115,6.4648583],[3.1991886,6.4647385],[3.199265,6.4647241],[3.1992879,6.4648439]]]},"properties":{"id":"overture:2286e0ef-cd63-4b76-8bde-955e38fcc448","kind":"building","status":"awaiting-evidence","release":"2026-08-19.0","reason":"Overlapping building; compare alternate footprint","matches":["arcgis:University_Property:49","arcgis:University_Property:128"]}},{"type":"Feature","id":"overture:2ee51af8-cabd-4644-bad3-355fd8931a53","geometry":{"type":"Polygon","coordinates":[[[3.1992765,6.4646888],[3.1991968,6.4647196],[3.1991639,6.4646357],[3.1992437,6.4646049],[3.1992765,6.4646888]]]},"properties":{"id":"overture:2ee51af8-cabd-4644-bad3-355fd8931a53","kind":"building","status":"awaiting-evidence","release":"2026-08-19.0","reason":"Overlapping building; compare alternate footprint","matches":["arcgis:University_Property:49","osm:way:1267291961"]}},{"type":"Feature","id":"overture:b67446ad-272f-4b76-b799-23aee0f8deba","geometry":{"type":"Polygon","coordinates":[[[3.1997858,6.4647836],[3.1996933,6.4647855],[3.1996899,6.4646289],[3.1997825,6.464627],[3.1997858,6.4647836]]]},"properties":{"id":"overture:b67446ad-272f-4b76-b799-23aee0f8deba","kind":"building","status":"awaiting-evidence","release":"2026-08-19.0","reason":"Overlapping building; compare alternate footprint","matches":["arcgis:University_Property:127"]}},{"type":"Feature","id":"overture:6b0ad004-ff33-4b52-9582-bcc9ca044d1b","geometry":{"type":"Polygon","coordinates":[[[3.1998915,6.464671],[3.1998911,6.4647136],[3.1998113,6.464713],[3.1998117,6.4646703],[3.1998915,6.464671]]]},"properties":{"id":"overture:6b0ad004-ff33-4b52-9582-bcc9ca044d1b","kind":"building","status":"awaiting-evidence","release":"2026-08-19.0","reason":"Overlapping building; compare alternate footprint","matches":["arcgis:University_Property:16","osm:way:1267689302"]}},{"type":"Feature","id":"overture:9dd806ea-a70a-4591-99a0-fefb41279259","geometry":{"type":"Polygon","coordinates":[[[3.1998341,6.464666],[3.1997989,6.4646653],[3.1997995,6.4646329],[3.1998347,6.4646335],[3.1998341,6.464666]]]},"properties":{"id":"overture:9dd806ea-a70a-4591-99a0-fefb41279259","kind":"building","status":"awaiting-evidence","release":"2026-08-19.0","reason":"Overlapping building; compare alternate footprint","matches":["osm:way:1267689303"]}},{"type":"Feature","id":"overture:85b8fb2e-e1ed-4ce7-a181-a2b686079501","geometry":{"type":"Polygon","coordinates":[[[3.2006203,6.4647974],[3.200515,6.4647951],[3.2005193,6.4645997],[3.200626,6.4646035],[3.2006203,6.4647974]]]},"properties":{"id":"overture:85b8fb2e-e1ed-4ce7-a181-a2b686079501","kind":"building","status":"awaiting-evidence","release":"2026-08-19.0","reason":"Overlapping building; compare alternate footprint","matches":["arcgis:University_Property:15","arcgis:University_Property:79"]}},{"type":"Feature","id":"overture:742a36a3-5d63-4417-be9a-a8378b724e2c","geometry":{"type":"Polygon","coordinates":[[[3.2004898,6.4648269],[3.2003676,6.4648247],[3.2003712,6.4646287],[3.2004934,6.4646309],[3.2004898,6.4648269]]]},"properties":{"id":"overture:742a36a3-5d63-4417-be9a-a8378b724e2c","kind":"building","status":"awaiting-evidence","release":"2026-08-19.0","reason":"Overlapping building; compare alternate footprint","matches":["arcgis:University_Property:15"]}},{"type":"Feature","id":"overture:3597aae6-9b82-46f2-abb3-a559e63bbae9","geometry":{"type":"Polygon","coordinates":[[[3.200615,6.4645864],[3.2003742,6.4645831],[3.200376,6.4644585],[3.2006167,6.4644618],[3.200615,6.4645864]]]},"properties":{"id":"overture:3597aae6-9b82-46f2-abb3-a559e63bbae9","kind":"building","status":"awaiting-evidence","release":"2026-08-19.0","reason":"Overlapping building; compare alternate footprint","matches":["arcgis:University_Property:15"]}},{"type":"Feature","id":"overture:7f44672d-89a6-4fe8-80f4-806ad3dfdf91","geometry":{"type":"Polygon","coordinates":[[[3.2005432,6.464402],[3.2006355,6.4644042],[3.2006346,6.4644414],[3.2005424,6.4644392],[3.2005432,6.464402]]]},"properties":{"id":"overture:7f44672d-89a6-4fe8-80f4-806ad3dfdf91","kind":"building","status":"awaiting-evidence","release":"2026-08-19.0","reason":"Overlapping building; compare alternate footprint","matches":["arcgis:University_Property:15"]}},{"type":"Feature","id":"overture:2b7f3de4-8c62-4e7b-bab5-d68d53d4050c","geometry":{"type":"Polygon","coordinates":[[[3.1991416,6.4646336],[3.1990775,6.4645195],[3.1991712,6.4644676],[3.1992352,6.4645817],[3.1991416,6.4646336]]]},"properties":{"id":"overture:2b7f3de4-8c62-4e7b-bab5-d68d53d4050c","kind":"building","status":"awaiting-evidence","release":"2026-08-19.0","reason":"Crosses campus boundary"}},{"type":"Feature","id":"overture:eb812fcf-b2e6-4a39-891a-3cdc149b5229","geometry":{"type":"Polygon","coordinates":[[[3.199718,6.4645516],[3.1992519,6.4645166],[3.1992599,6.4644117],[3.199726,6.4644468],[3.199718,6.4645516]]]},"properties":{"id":"overture:eb812fcf-b2e6-4a39-891a-3cdc149b5229","kind":"building","status":"awaiting-evidence","release":"2026-08-19.0","reason":"Overlapping building; compare alternate footprint","matches":["arcgis:University_Property:18","osm:way:591396694"]}},{"type":"Feature","id":"overture:fef33529-38bf-4077-8c7a-1d34792bea05","geometry":{"type":"Polygon","coordinates":[[[3.1998268,6.4646053],[3.1999081,6.4645998],[3.1999097,6.4646228],[3.1998283,6.4646283],[3.1998268,6.4646053]]]},"properties":{"id":"overture:fef33529-38bf-4077-8c7a-1d34792bea05","kind":"building","status":"awaiting-evidence","release":"2026-08-19.0","reason":"Overlapping building; compare alternate footprint","matches":["arcgis:University_Property:16"]}},{"type":"Feature","id":"overture:5505ef33-e17a-4a8d-8a4f-5a8cdac856f0","geometry":{"type":"Polygon","coordinates":[[[3.1998087,6.4644267],[3.199718,6.4644211],[3.1997379,6.4641028],[3.1998286,6.4641084],[3.1998087,6.4644267]]]},"properties":{"id":"overture:5505ef33-e17a-4a8d-8a4f-5a8cdac856f0","kind":"building","status":"awaiting-evidence","release":"2026-08-19.0","reason":"Overlapping building; compare alternate footprint","matches":["arcgis:University_Property:18","arcgis:University_Property:80"]}},{"type":"Feature","id":"overture:2a3be13e-d88a-486a-ad58-02677ae65d52","geometry":{"type":"Polygon","coordinates":[[[3.2002025,6.4644224],[3.1999113,6.4644097],[3.1999201,6.464033],[3.200218,6.4640443],[3.2002025,6.4644224]],[[3.2001356,6.4641262],[3.1999818,6.4641213],[3.1999747,6.4643401],[3.2001284,6.464345],[3.2001356,6.4641262]]]},"properties":{"id":"overture:2a3be13e-d88a-486a-ad58-02677ae65d52","kind":"building","status":"awaiting-evidence","release":"2026-08-19.0","reason":"Overlapping building; compare alternate footprint","matches":["arcgis:University_Property:37"]}},{"type":"Feature","id":"overture:6c0015a6-31ad-4378-925f-cdda391e7f98","geometry":{"type":"Polygon","coordinates":[[[3.2023715,6.4640807],[3.2023051,6.4640794],[3.2023075,6.4639611],[3.2023739,6.4639625],[3.2023715,6.4640807]]]},"properties":{"id":"overture:6c0015a6-31ad-4378-925f-cdda391e7f98","kind":"building","status":"awaiting-evidence","release":"2026-08-19.0","reason":"Overlapping building; compare alternate footprint","matches":["arcgis:University_Property:26"]}},{"type":"Feature","id":"overture:8e6beb67-467d-40b8-aa00-dbc2f46d16c5","geometry":{"type":"Polygon","coordinates":[[[3.2024932,6.464112],[3.2023846,6.4641113],[3.2023855,6.4639627],[3.2024941,6.4639633],[3.2024932,6.464112]]]},"properties":{"id":"overture:8e6beb67-467d-40b8-aa00-dbc2f46d16c5","kind":"building","status":"awaiting-evidence","release":"2026-08-19.0","reason":"Overlapping building; compare alternate footprint","matches":["arcgis:University_Property:26"]}},{"type":"Feature","id":"overture:8c422c64-083d-44c2-828e-bf8948922260","geometry":{"type":"Polygon","coordinates":[[[3.2022551,6.4640925],[3.2022722,6.4640817],[3.2022921,6.4640782],[3.2023119,6.4640825],[3.2023285,6.464094],[3.2023394,6.464111],[3.2023429,6.4641308],[3.2023386,6.4641504],[3.202327,6.4641669],[3.2023099,6.4641778],[3.20229,6.4641813],[3.2022702,6.464177],[3.2022536,6.4641654],[3.2022427,6.4641485],[3.2022392,6.4641287],[3.2022435,6.464109],[3.2022551,6.4640925]]]},"properties":{"id":"overture:8c422c64-083d-44c2-828e-bf8948922260","kind":"building","status":"awaiting-evidence","release":"2026-08-19.0","reason":"Overlapping building; compare alternate footprint","matches":["arcgis:University_Property:26"]}},{"type":"Feature","id":"overture:ee008bf5-acfa-459f-ab1f-2e803349deef","geometry":{"type":"Polygon","coordinates":[[[3.2020124,6.4641026],[3.2019316,6.4640959],[3.2019359,6.4640438],[3.2020167,6.4640504],[3.2020124,6.4641026]]]},"properties":{"id":"overture:ee008bf5-acfa-459f-ab1f-2e803349deef","kind":"building","status":"awaiting-evidence","release":"2026-08-19.0","reason":"Overlapping building; compare alternate footprint","matches":["osm:way:1267689290"]}},{"type":"Feature","id":"overture:3d9b091e-9d62-4c41-8d9b-d547c34c0a43","geometry":{"type":"Polygon","coordinates":[[[3.2019695,6.4642316],[3.2019051,6.4642316],[3.2019051,6.4641836],[3.2019695,6.4641836],[3.2019695,6.4642316]]]},"properties":{"id":"overture:3d9b091e-9d62-4c41-8d9b-d547c34c0a43","kind":"building","status":"awaiting-evidence","release":"2026-08-19.0","reason":"Overlapping building; compare alternate footprint","matches":["osm:way:1267689291"]}},{"type":"Feature","id":"overture:d0256a52-5fce-41e8-98b3-dec5c3160a9c","geometry":{"type":"Polygon","coordinates":[[[3.2024583,6.4641719],[3.202351,6.4641713],[3.2023513,6.4641259],[3.2024586,6.4641266],[3.2024583,6.4641719]]]},"properties":{"id":"overture:d0256a52-5fce-41e8-98b3-dec5c3160a9c","kind":"building","status":"awaiting-evidence","release":"2026-08-19.0","reason":"Overlapping building; compare alternate footprint","matches":["arcgis:University_Property:26","osm:way:1272798823"]}},{"type":"Feature","id":"overture:1f5074db-1444-4ca4-80c4-e4f31c8fa357","geometry":{"type":"Polygon","coordinates":[[[3.2017689,6.4642077],[3.201199,6.4641917],[3.2012025,6.464069],[3.2017724,6.464085],[3.2017689,6.4642077]]]},"properties":{"id":"overture:1f5074db-1444-4ca4-80c4-e4f31c8fa357","kind":"building","status":"awaiting-evidence","release":"2026-08-19.0","reason":"Overlapping building; compare alternate footprint","matches":["arcgis:University_Property:45"]}},{"type":"Feature","id":"overture:8460267c-35ba-48e8-afe2-264868d094db","geometry":{"type":"Polygon","coordinates":[[[3.2010586,6.4646979],[3.200956,6.4646967],[3.2009604,6.464327],[3.2010631,6.4643283],[3.2010586,6.4646979]]]},"properties":{"id":"overture:8460267c-35ba-48e8-afe2-264868d094db","kind":"building","status":"awaiting-evidence","release":"2026-08-19.0","reason":"Overlapping building; compare alternate footprint","matches":["arcgis:University_Property:9","arcgis:University_Property:44"]}},{"type":"Feature","id":"overture:148c5f2f-607c-4199-9fe7-e2fb4364038f","geometry":{"type":"Polygon","coordinates":[[[3.201387,6.4646499],[3.2013526,6.4646497],[3.2013531,6.4645742],[3.2013874,6.4645744],[3.201387,6.4646499]]]},"properties":{"id":"overture:148c5f2f-607c-4199-9fe7-e2fb4364038f","kind":"building","status":"awaiting-evidence","release":"2026-08-19.0","reason":"Overlapping building; compare alternate footprint","matches":["arcgis:University_Property:24","arcgis:University_Property:63"]}},{"type":"Feature","id":"overture:144c92ad-477f-42b0-a25d-580a9365aee5","geometry":{"type":"Polygon","coordinates":[[[3.2014976,6.4646535],[3.2013935,6.4646517],[3.2013982,6.4643852],[3.2015023,6.464387],[3.2014976,6.4646535]]]},"properties":{"id":"overture:144c92ad-477f-42b0-a25d-580a9365aee5","kind":"building","status":"awaiting-evidence","release":"2026-08-19.0","reason":"Overlapping building; compare alternate footprint","matches":["arcgis:University_Property:24","arcgis:University_Property:63"]}},{"type":"Feature","id":"overture:bf02a5a4-fff1-4d12-9612-528782c4bcca","geometry":{"type":"Polygon","coordinates":[[[3.201931,6.4643737],[3.2018853,6.4643765],[3.2018796,6.4642846],[3.2019253,6.4642818],[3.201931,6.4643737]]]},"properties":{"id":"overture:bf02a5a4-fff1-4d12-9612-528782c4bcca","kind":"building","status":"awaiting-evidence","release":"2026-08-19.0","reason":"Overlapping building; compare alternate footprint","matches":["osm:way:1267689292"]}},{"type":"Feature","id":"overture:11448313-cbfe-4ede-bb49-329dfe702f80","geometry":{"type":"Polygon","coordinates":[[[3.2027048,6.4643508],[3.2026059,6.4643685],[3.202595,6.4643084],[3.2026939,6.4642907],[3.2027048,6.4643508]]]},"properties":{"id":"overture:11448313-cbfe-4ede-bb49-329dfe702f80","kind":"building","status":"awaiting-evidence","release":"2026-08-19.0","reason":"Overlapping building; compare alternate footprint","matches":["arcgis:University_Property:47","osm:way:1267692229"]}},{"type":"Feature","id":"overture:764e0a81-da95-41a6-9243-a29fbc238244","geometry":{"type":"Polygon","coordinates":[[[3.2029096,6.4647478],[3.2028077,6.4647687],[3.2027248,6.4643694],[3.2028268,6.4643485],[3.2029096,6.4647478]]]},"properties":{"id":"overture:764e0a81-da95-41a6-9243-a29fbc238244","kind":"building","status":"awaiting-evidence","release":"2026-08-19.0","reason":"Overlapping building; compare alternate footprint","matches":["arcgis:University_Property:47"]}},{"type":"Feature","id":"overture:469e3256-34da-477d-ad44-93624d6edd04","geometry":{"type":"Polygon","coordinates":[[[3.2027107,6.4648034],[3.2026132,6.4648243],[3.2025237,6.4644121],[3.2026212,6.4643912],[3.2027107,6.4648034]]]},"properties":{"id":"overture:469e3256-34da-477d-ad44-93624d6edd04","kind":"building","status":"awaiting-evidence","release":"2026-08-19.0","reason":"Overlapping building; compare alternate footprint","matches":["arcgis:University_Property:47"]}},{"type":"Feature","id":"overture:cad5b9b6-a2f6-439c-a9c6-a9f7548de99c","geometry":{"type":"Polygon","coordinates":[[[3.2027902,6.4647769],[3.2027218,6.4647916],[3.2026327,6.4643809],[3.2027011,6.4643663],[3.2027902,6.4647769]]]},"properties":{"id":"overture:cad5b9b6-a2f6-439c-a9c6-a9f7548de99c","kind":"building","status":"awaiting-evidence","release":"2026-08-19.0","reason":"Overlapping building; compare alternate footprint","matches":["osm:way:1272791602"]}},{"type":"Feature","id":"overture:84ee8e6c-59ba-4d20-8f51-9ed20af371a1","geometry":{"type":"Polygon","coordinates":[[[3.2035569,6.4645558],[3.2035426,6.4644939],[3.2036698,6.4644649],[3.2036841,6.4645268],[3.2035569,6.4645558]]]},"properties":{"id":"overture:84ee8e6c-59ba-4d20-8f51-9ed20af371a1","kind":"building","status":"awaiting-evidence","release":"2026-08-19.0","reason":"Overlapping building; compare alternate footprint","matches":["arcgis:University_Property:118"]}},{"type":"Feature","id":"overture:1bdc452b-2d34-406a-9964-1e9115143254","geometry":{"type":"Polygon","coordinates":[[[3.2035312,6.4646633],[3.2031583,6.4647391],[3.2031355,6.4646282],[3.2034011,6.4645742],[3.2033875,6.4645084],[3.2034948,6.4644866],[3.2035312,6.4646633]]]},"properties":{"id":"overture:1bdc452b-2d34-406a-9964-1e9115143254","kind":"building","status":"awaiting-evidence","release":"2026-08-19.0","reason":"Overlapping building; compare alternate footprint","matches":["arcgis:University_Property:118"]}},{"type":"Feature","id":"overture:d1d6df83-b5f0-4c1e-b0fe-bc7d70bc861f","geometry":{"type":"Polygon","coordinates":[[[3.2036539,6.4645584],[3.2036603,6.4646527],[3.2035872,6.4646576],[3.2035851,6.4646267],[3.2036022,6.4646256],[3.2035979,6.4645622],[3.2036539,6.4645584]]]},"properties":{"id":"overture:d1d6df83-b5f0-4c1e-b0fe-bc7d70bc861f","kind":"building","status":"awaiting-evidence","release":"2026-08-19.0","reason":"Overlapping building; compare alternate footprint","matches":["arcgis:University_Property:118"]}},{"type":"Feature","id":"overture:59678903-b8c2-419f-a07e-bb5221042c63","geometry":{"type":"Polygon","coordinates":[[[3.2039469,6.4645941],[3.2039843,6.4645925],[3.2039874,6.4646646],[3.2039501,6.4646663],[3.2039469,6.4645941]]]},"properties":{"id":"overture:59678903-b8c2-419f-a07e-bb5221042c63","kind":"building","status":"awaiting-evidence","release":"2026-08-19.0","reason":"Overlapping building; compare alternate footprint","matches":["arcgis:University_Property:113","arcgis:University_Property:115"]}},{"type":"Feature","id":"overture:7b41af04-12af-46e7-b5b0-900434eb68ae","geometry":{"type":"Polygon","coordinates":[[[3.2041391,6.4646347],[3.2040153,6.4646414],[3.2040138,6.4646126],[3.2041375,6.4646059],[3.2041391,6.4646347]]]},"properties":{"id":"overture:7b41af04-12af-46e7-b5b0-900434eb68ae","kind":"building","status":"awaiting-evidence","release":"2026-08-19.0","reason":"Overlapping building; compare alternate footprint","matches":["arcgis:University_Property:113"]}},{"type":"Feature","id":"overture:6d48b7db-7c25-4cae-b385-254f857d49dc","geometry":{"type":"Polygon","coordinates":[[[3.204128,6.4645994],[3.204014,6.464605],[3.2040126,6.4645773],[3.2041266,6.4645716],[3.204128,6.4645994]]]},"properties":{"id":"overture:6d48b7db-7c25-4cae-b385-254f857d49dc","kind":"building","status":"awaiting-evidence","release":"2026-08-19.0","reason":"Overlapping building; compare alternate footprint","matches":["arcgis:University_Property:113"]}},{"type":"Feature","id":"overture:7695b022-59e4-488a-8e91-099fcb101a40","geometry":{"type":"Polygon","coordinates":[[[3.2041344,6.4645601],[3.2040147,6.4645701],[3.2040117,6.4645352],[3.2041314,6.4645252],[3.2041344,6.4645601]]]},"properties":{"id":"overture:7695b022-59e4-488a-8e91-099fcb101a40","kind":"building","status":"awaiting-evidence","release":"2026-08-19.0","reason":"Overlapping building; compare alternate footprint","matches":["arcgis:University_Property:113"]}},{"type":"Feature","id":"overture:19055faf-7a72-4cbf-9e11-9df47373c807","geometry":{"type":"Polygon","coordinates":[[[3.2041215,6.4644095],[3.2041614,6.4644126],[3.2041586,6.4644499],[3.2041187,6.4644469],[3.2041215,6.4644095]]]},"properties":{"id":"overture:19055faf-7a72-4cbf-9e11-9df47373c807","kind":"building","status":"awaiting-evidence","release":"2026-08-19.0","reason":"Overlapping building; compare alternate footprint","matches":["arcgis:University_Property:112"]}},{"type":"Feature","id":"overture:2aa7ad5c-956e-4648-8c4f-018858dc60b4","geometry":{"type":"Polygon","coordinates":[[[3.2041132,6.4644585],[3.2039832,6.4644598],[3.2039822,6.4643672],[3.2041123,6.4643658],[3.2041132,6.4644585]]]},"properties":{"id":"overture:2aa7ad5c-956e-4648-8c4f-018858dc60b4","kind":"building","status":"awaiting-evidence","release":"2026-08-19.0","reason":"Overlapping building; compare alternate footprint","matches":["arcgis:University_Property:112"]}},{"type":"Feature","id":"overture:a5151251-f8d5-4366-a3a7-4b05619531de","geometry":{"type":"Polygon","coordinates":[[[3.2036539,6.4644261],[3.2035433,6.4644491],[3.2035321,6.4643961],[3.2036428,6.4643731],[3.2036539,6.4644261]]]},"properties":{"id":"overture:a5151251-f8d5-4366-a3a7-4b05619531de","kind":"building","status":"awaiting-evidence","release":"2026-08-19.0","reason":"Overlapping building; compare alternate footprint","matches":["arcgis:University_Property:118"]}},{"type":"Feature","id":"overture:72cb2277-902a-4f4e-951c-b996eeab87ff","geometry":{"type":"Polygon","coordinates":[[[3.2036164,6.4643698],[3.2035222,6.4643858],[3.2035131,6.4643331],[3.2036073,6.4643171],[3.2036164,6.4643698]]]},"properties":{"id":"overture:72cb2277-902a-4f4e-951c-b996eeab87ff","kind":"building","status":"awaiting-evidence","release":"2026-08-19.0","reason":"Overlapping building; compare alternate footprint","matches":["arcgis:University_Property:118"]}},{"type":"Feature","id":"overture:9a63f4c0-f0dc-42b5-9498-255ffd725139","geometry":{"type":"Polygon","coordinates":[[[3.2034951,6.464423],[3.2033618,6.464451],[3.2033364,6.4643315],[3.2034697,6.4643035],[3.2034951,6.464423]]]},"properties":{"id":"overture:9a63f4c0-f0dc-42b5-9498-255ffd725139","kind":"building","status":"awaiting-evidence","release":"2026-08-19.0","reason":"Overlapping building; compare alternate footprint","matches":["arcgis:University_Property:118"]}},{"type":"Feature","id":"overture:b28aab89-465e-4ad2-a3ff-2cba324aef85","geometry":{"type":"Polygon","coordinates":[[[3.203625,6.4641609],[3.2036714,6.4641504],[3.2036855,6.464213],[3.2036392,6.4642235],[3.203625,6.4641609]]]},"properties":{"id":"overture:b28aab89-465e-4ad2-a3ff-2cba324aef85","kind":"building","status":"awaiting-evidence","release":"2026-08-19.0","reason":"Overlapping building; compare alternate footprint","matches":["arcgis:University_Property:118"]}},{"type":"Feature","id":"overture:bd96a1e3-681f-4534-94fe-f7b74efbdf90","geometry":{"type":"Polygon","coordinates":[[[3.2032886,6.4640479],[3.2030406,6.4640997],[3.2030269,6.4640349],[3.2033523,6.4639668],[3.2033846,6.4641191],[3.2034398,6.4641076],[3.2034649,6.4642258],[3.2034307,6.4642329],[3.2034402,6.4642776],[3.2033416,6.4642982],[3.2032886,6.4640479]]]},"properties":{"id":"overture:bd96a1e3-681f-4534-94fe-f7b74efbdf90","kind":"building","status":"awaiting-evidence","release":"2026-08-19.0","reason":"Overlapping building; compare alternate footprint","matches":["arcgis:University_Property:118"]}},{"type":"Feature","id":"overture:0063ca35-4d5a-4cff-ad51-5d10d1ccd0a0","geometry":{"type":"Polygon","coordinates":[[[3.2027647,6.4641688],[3.2026503,6.4641943],[3.2026335,6.4641193],[3.2026467,6.4641164],[3.2026353,6.4640655],[3.2025974,6.4640739],[3.2025836,6.4640124],[3.2026235,6.4640035],[3.2026134,6.463959],[3.2025996,6.463962],[3.2025818,6.4638826],[3.202762,6.4638426],[3.20278,6.463923],[3.2027513,6.4639294],[3.2027853,6.4640807],[3.2028164,6.4640738],[3.2028343,6.4641534],[3.2027647,6.4641688]]]},"properties":{"id":"overture:0063ca35-4d5a-4cff-ad51-5d10d1ccd0a0","kind":"building","status":"awaiting-evidence","release":"2026-08-19.0","reason":"Overlapping building; compare alternate footprint","matches":["arcgis:University_Property:25"]}},{"type":"Feature","id":"overture:126146c5-6939-4ff1-ac64-05afb1d326ba","geometry":{"type":"Polygon","coordinates":[[[3.2035673,6.463956],[3.2036073,6.4639531],[3.2036096,6.4639843],[3.2035696,6.4639872],[3.2035673,6.463956]]]},"properties":{"id":"overture:126146c5-6939-4ff1-ac64-05afb1d326ba","kind":"building","status":"awaiting-evidence","release":"2026-08-19.0","reason":"Overlapping building; compare alternate footprint","matches":["arcgis:University_Property:118"]}},{"type":"Feature","id":"overture:b9b752bf-d480-45ff-8a47-9df5c0926236","geometry":{"type":"Polygon","coordinates":[[[3.2036044,6.4642895],[3.203509,6.4643143],[3.2034117,6.4639451],[3.203479,6.4639275],[3.2034931,6.4639808],[3.2035419,6.4639681],[3.203583,6.4641236],[3.2035288,6.4641377],[3.2035496,6.4642165],[3.2035829,6.4642079],[3.2036044,6.4642895]]]},"properties":{"id":"overture:b9b752bf-d480-45ff-8a47-9df5c0926236","kind":"building","status":"awaiting-evidence","release":"2026-08-19.0","reason":"Overlapping building; compare alternate footprint","matches":["arcgis:University_Property:118"]}},{"type":"Feature","id":"overture:266431ad-7895-4fcd-89bc-24a6acd3a49b","geometry":{"type":"Polygon","coordinates":[[[3.2044475,6.464107],[3.2045121,6.4641079],[3.2045117,6.4641326],[3.2044472,6.4641317],[3.2044475,6.464107]]]},"properties":{"id":"overture:266431ad-7895-4fcd-89bc-24a6acd3a49b","kind":"building","status":"awaiting-evidence","release":"2026-08-19.0","reason":"Overlapping building; compare alternate footprint","matches":["arcgis:University_Property:117"]}},{"type":"Feature","id":"overture:73b9366d-11e0-49f1-81c8-c751893bb570","geometry":{"type":"Polygon","coordinates":[[[3.2044514,6.4640726],[3.2045181,6.4640703],[3.2045192,6.4641024],[3.2044525,6.4641047],[3.2044514,6.4640726]]]},"properties":{"id":"overture:73b9366d-11e0-49f1-81c8-c751893bb570","kind":"building","status":"awaiting-evidence","release":"2026-08-19.0","reason":"Overlapping building; compare alternate footprint","matches":["arcgis:University_Property:117"]}},{"type":"Feature","id":"overture:7d5a68ef-86e0-4b1c-bb3c-390e6cc8cbf9","geometry":{"type":"Polygon","coordinates":[[[3.2042259,6.4641503],[3.2041763,6.4641503],[3.2041763,6.4641246],[3.2042259,6.4641246],[3.2042259,6.4641503]]]},"properties":{"id":"overture:7d5a68ef-86e0-4b1c-bb3c-390e6cc8cbf9","kind":"building","status":"awaiting-evidence","release":"2026-08-19.0","reason":"Overlapping building; compare alternate footprint","matches":["arcgis:University_Property:117"]}},{"type":"Feature","id":"overture:d970820b-23d0-4266-b760-fd7eae960f9a","geometry":{"type":"Polygon","coordinates":[[[3.2043288,6.4641681],[3.2043444,6.4642907],[3.2042822,6.4642985],[3.2042697,6.4642],[3.2043032,6.4641958],[3.2043002,6.4641717],[3.2043288,6.4641681]]]},"properties":{"id":"overture:d970820b-23d0-4266-b760-fd7eae960f9a","kind":"building","status":"awaiting-evidence","release":"2026-08-19.0","reason":"Overlapping building; compare alternate footprint","matches":["arcgis:University_Property:117"]}},{"type":"Feature","id":"overture:a2f703c6-3b9f-4d32-a884-19b759dcaf51","geometry":{"type":"Polygon","coordinates":[[[3.2042643,6.4643227],[3.2042448,6.4643234],[3.2042427,6.4642624],[3.2042621,6.4642618],[3.2042643,6.4643227]]]},"properties":{"id":"overture:a2f703c6-3b9f-4d32-a884-19b759dcaf51","kind":"building","status":"awaiting-evidence","release":"2026-08-19.0","reason":"Overlapping building; compare alternate footprint","matches":["arcgis:University_Property:117"]}},{"type":"Feature","id":"overture:35c8caaa-483a-4899-be92-50742ca9a0df","geometry":{"type":"Polygon","coordinates":[[[3.2045023,6.4641715],[3.2044995,6.4643019],[3.2043453,6.4642985],[3.2043481,6.4641681],[3.2045023,6.4641715]]]},"properties":{"id":"overture:35c8caaa-483a-4899-be92-50742ca9a0df","kind":"building","status":"awaiting-evidence","release":"2026-08-19.0","reason":"Overlapping building; compare alternate footprint","matches":["arcgis:University_Property:117"]}},{"type":"Feature","id":"overture:1b2b6886-2226-42c9-bcb9-7e71da235a1e","geometry":{"type":"Polygon","coordinates":[[[3.2048741,6.4642122],[3.2048905,6.464257],[3.2048368,6.4642766],[3.2048205,6.4642319],[3.2048741,6.4642122]]]},"properties":{"id":"overture:1b2b6886-2226-42c9-bcb9-7e71da235a1e","kind":"building","status":"awaiting-evidence","release":"2026-08-19.0","reason":"Crosses campus boundary"}},{"type":"Feature","id":"overture:69a872a0-0fde-40c4-9640-1e1506e475db","geometry":{"type":"Polygon","coordinates":[[[3.2048737,6.4643172],[3.2048924,6.4643865],[3.2048502,6.4643978],[3.2048314,6.4643285],[3.2048737,6.4643172]]]},"properties":{"id":"overture:69a872a0-0fde-40c4-9640-1e1506e475db","kind":"building","status":"awaiting-evidence","release":"2026-08-19.0","reason":"Crosses campus boundary"}},{"type":"Feature","id":"overture:bba73919-5886-483a-8f85-e762df25daf0","geometry":{"type":"Polygon","coordinates":[[[3.2044957,6.4643365],[3.2044274,6.4643358],[3.2044276,6.4643076],[3.204496,6.4643083],[3.2044957,6.4643365]]]},"properties":{"id":"overture:bba73919-5886-483a-8f85-e762df25daf0","kind":"building","status":"awaiting-evidence","release":"2026-08-19.0","reason":"Overlapping building; compare alternate footprint","matches":["arcgis:University_Property:117","osm:way:1267692207"]}},{"type":"Feature","id":"overture:e49a3d18-bd5f-4037-8ad6-0907c97a6b89","geometry":{"type":"Polygon","coordinates":[[[3.2049485,6.4644774],[3.2049547,6.4645048],[3.2049102,6.4645149],[3.204904,6.4644876],[3.2049485,6.4644774]]]},"properties":{"id":"overture:e49a3d18-bd5f-4037-8ad6-0907c97a6b89","kind":"building","status":"awaiting-evidence","release":"2026-08-19.0","reason":"Crosses campus boundary"}},{"type":"Feature","id":"overture:b04ff1ad-6722-4a46-aa30-4f8b5cd3e792","geometry":{"type":"Polygon","coordinates":[[[3.2049451,6.4646237],[3.2049849,6.4646172],[3.2049896,6.4646458],[3.2049497,6.4646523],[3.2049451,6.4646237]]]},"properties":{"id":"overture:b04ff1ad-6722-4a46-aa30-4f8b5cd3e792","kind":"building","status":"awaiting-evidence","release":"2026-08-19.0","reason":"Crosses campus boundary"}},{"type":"Feature","id":"overture:95c6c0a0-87e8-4873-907e-4919f042ab64","geometry":{"type":"Polygon","coordinates":[[[3.2044911,6.4645543],[3.2045631,6.4645558],[3.2045623,6.464598],[3.2044902,6.4645965],[3.2044911,6.4645543]]]},"properties":{"id":"overture:95c6c0a0-87e8-4873-907e-4919f042ab64","kind":"building","status":"awaiting-evidence","release":"2026-08-19.0","reason":"Overlapping building; compare alternate footprint","matches":["arcgis:University_Property:114"]}},{"type":"Feature","id":"overture:01e3bcf6-244e-445a-a407-c249a98415b3","geometry":{"type":"Polygon","coordinates":[[[3.2042608,6.4646392],[3.2042232,6.4646404],[3.2042212,6.4645737],[3.2042588,6.4645726],[3.2042608,6.4646392]]]},"properties":{"id":"overture:01e3bcf6-244e-445a-a407-c249a98415b3","kind":"building","status":"awaiting-evidence","release":"2026-08-19.0","reason":"Overlapping building; compare alternate footprint","matches":["arcgis:University_Property:114"]}},{"type":"Feature","id":"overture:9ab7bbf6-e97b-4a53-a261-653511149e1e","geometry":{"type":"Polygon","coordinates":[[[3.2045263,6.4647689],[3.2043426,6.4647663],[3.204344,6.4646692],[3.2045277,6.4646718],[3.2045263,6.4647689]]]},"properties":{"id":"overture:9ab7bbf6-e97b-4a53-a261-653511149e1e","kind":"building","status":"awaiting-evidence","release":"2026-08-19.0","reason":"Overlapping building; compare alternate footprint","matches":["arcgis:University_Property:114"]}},{"type":"Feature","id":"overture:fbccb5eb-d06c-4ed4-9d8a-6e4e0bc1dbfd","geometry":{"type":"Polygon","coordinates":[[[3.2045875,6.4646451],[3.204618,6.4646474],[3.2046153,6.4646837],[3.2045848,6.4646814],[3.2045875,6.4646451]]]},"properties":{"id":"overture:fbccb5eb-d06c-4ed4-9d8a-6e4e0bc1dbfd","kind":"building","status":"awaiting-evidence","release":"2026-08-19.0","reason":"Overlapping building; compare alternate footprint","matches":["arcgis:University_Property:114"]}},{"type":"Feature","id":"overture:d51b5313-3d5d-4afc-b37c-c42fb581dcee","geometry":{"type":"Polygon","coordinates":[[[3.2045946,6.4646728],[3.2046292,6.4646728],[3.2046292,6.4647095],[3.2045946,6.4647095],[3.2045946,6.4646728]]]},"properties":{"id":"overture:d51b5313-3d5d-4afc-b37c-c42fb581dcee","kind":"building","status":"awaiting-evidence","release":"2026-08-19.0","reason":"Overlapping building; compare alternate footprint","matches":["arcgis:University_Property:114"]}},{"type":"Feature","id":"overture:a2874709-84cc-47df-9970-7d8d1c261634","geometry":{"type":"Polygon","coordinates":[[[3.2046317,6.4647116],[3.2046356,6.4647614],[3.2046015,6.4647641],[3.2045976,6.4647143],[3.2046317,6.4647116]]]},"properties":{"id":"overture:a2874709-84cc-47df-9970-7d8d1c261634","kind":"building","status":"awaiting-evidence","release":"2026-08-19.0","reason":"Overlapping building; compare alternate footprint","matches":["arcgis:University_Property:114"]}},{"type":"Feature","id":"overture:eaf7cad5-fa79-4b23-ad3b-e93dbec4d20a","geometry":{"type":"Polygon","coordinates":[[[3.2046017,6.4648028],[3.2045732,6.4648056],[3.2045645,6.4647183],[3.204593,6.4647155],[3.2046017,6.4648028]]]},"properties":{"id":"overture:eaf7cad5-fa79-4b23-ad3b-e93dbec4d20a","kind":"building","status":"awaiting-evidence","release":"2026-08-19.0","reason":"Overlapping building; compare alternate footprint","matches":["arcgis:University_Property:114","arcgis:University_Property:116"]}},{"type":"Feature","id":"overture:62207678-0798-4068-87f1-b5135423a5cc","geometry":{"type":"Polygon","coordinates":[[[3.2042835,6.4648808],[3.2042564,6.4648832],[3.2042514,6.4648272],[3.2042784,6.4648248],[3.2042835,6.4648808]]]},"properties":{"id":"overture:62207678-0798-4068-87f1-b5135423a5cc","kind":"building","status":"awaiting-evidence","release":"2026-08-19.0","reason":"Overlapping building; compare alternate footprint","matches":["arcgis:University_Property:116"]}},{"type":"Feature","id":"overture:be33fa9b-8bf8-4eb9-9f50-8f30d5c4fa8e","geometry":{"type":"Polygon","coordinates":[[[3.2045867,6.4649795],[3.2043976,6.4649728],[3.2044019,6.4648507],[3.204591,6.4648573],[3.2045867,6.4649795]]]},"properties":{"id":"overture:be33fa9b-8bf8-4eb9-9f50-8f30d5c4fa8e","kind":"building","status":"awaiting-evidence","release":"2026-08-19.0","reason":"Overlapping building; compare alternate footprint","matches":["arcgis:University_Property:116"]}},{"type":"Feature","id":"overture:a8fb2c0d-a74f-44f5-ab81-90c699aa0f84","geometry":{"type":"Polygon","coordinates":[[[3.2035018,6.4649635],[3.2034823,6.4649655],[3.2034789,6.4649329],[3.2034985,6.4649309],[3.2035018,6.4649635]]]},"properties":{"id":"overture:a8fb2c0d-a74f-44f5-ab81-90c699aa0f84","kind":"building","status":"awaiting-evidence","release":"2026-08-19.0","reason":"Overlapping building; compare alternate footprint","matches":["osm:way:1267692226"]}},{"type":"Feature","id":"overture:eea0f822-b5b4-41f4-8e57-507fe51d60bd","geometry":{"type":"Polygon","coordinates":[[[3.2037102,6.4649202],[3.2036358,6.4649215],[3.2036351,6.464885],[3.2037096,6.4648836],[3.2037102,6.4649202]]]},"properties":{"id":"overture:eea0f822-b5b4-41f4-8e57-507fe51d60bd","kind":"building","status":"awaiting-evidence","release":"2026-08-19.0","reason":"Overlapping building; compare alternate footprint","matches":["arcgis:University_Property:118"]}},{"type":"Feature","id":"overture:bfad1ddd-c93c-4e8b-a95c-51d831b75e48","geometry":{"type":"Polygon","coordinates":[[[3.2037012,6.4648775],[3.2036304,6.4648782],[3.2036302,6.4648555],[3.203701,6.4648549],[3.2037012,6.4648775]]]},"properties":{"id":"overture:bfad1ddd-c93c-4e8b-a95c-51d831b75e48","kind":"building","status":"awaiting-evidence","release":"2026-08-19.0","reason":"Overlapping building; compare alternate footprint","matches":["arcgis:University_Property:118"]}},{"type":"Feature","id":"overture:cee8c9e1-6674-4c31-99bd-6912ed7a68ec","geometry":{"type":"Polygon","coordinates":[[[3.2034852,6.4648752],[3.2032048,6.4649392],[3.2031749,6.4648097],[3.2034553,6.4647457],[3.2034852,6.4648752]]]},"properties":{"id":"overture:cee8c9e1-6674-4c31-99bd-6912ed7a68ec","kind":"building","status":"awaiting-evidence","release":"2026-08-19.0","reason":"Overlapping building; compare alternate footprint","matches":["arcgis:University_Property:118"]}},{"type":"Feature","id":"overture:3629e523-3bb8-430c-9cc8-a4fd8e616eec","geometry":{"type":"Polygon","coordinates":[[[3.2036938,6.4648402],[3.203617,6.4648412],[3.2036167,6.4648139],[3.2036935,6.4648129],[3.2036938,6.4648402]]]},"properties":{"id":"overture:3629e523-3bb8-430c-9cc8-a4fd8e616eec","kind":"building","status":"awaiting-evidence","release":"2026-08-19.0","reason":"Overlapping building; compare alternate footprint","matches":["arcgis:University_Property:118"]}},{"type":"Feature","id":"overture:c663920e-af88-4273-80ef-07254dcfe5eb","geometry":{"type":"Polygon","coordinates":[[[3.2041111,6.4648375],[3.2042007,6.4648338],[3.2042018,6.4648609],[3.2041122,6.4648646],[3.2041111,6.4648375]]]},"properties":{"id":"overture:c663920e-af88-4273-80ef-07254dcfe5eb","kind":"building","status":"awaiting-evidence","release":"2026-08-19.0","reason":"Overlapping building; compare alternate footprint","matches":["arcgis:University_Property:115"]}},{"type":"Feature","id":"overture:c8a1990c-81fd-42c6-938f-5e2c9a3fec38","geometry":{"type":"Polygon","coordinates":[[[3.2041541,6.4648176],[3.2040039,6.4648236],[3.2040017,6.464767],[3.2041519,6.464761],[3.2041541,6.4648176]]]},"properties":{"id":"overture:c8a1990c-81fd-42c6-938f-5e2c9a3fec38","kind":"building","status":"awaiting-evidence","release":"2026-08-19.0","reason":"Overlapping building; compare alternate footprint","matches":["arcgis:University_Property:115"]}},{"type":"Feature","id":"overture:97e1677d-726c-4d6e-bfca-9f05d08feb1c","geometry":{"type":"Polygon","coordinates":[[[3.2041206,6.4646777],[3.2040153,6.4646763],[3.2040157,6.4646497],[3.204121,6.464651],[3.2041206,6.4646777]]]},"properties":{"id":"overture:97e1677d-726c-4d6e-bfca-9f05d08feb1c","kind":"building","status":"awaiting-evidence","release":"2026-08-19.0","reason":"Overlapping building; compare alternate footprint","matches":["arcgis:University_Property:113","arcgis:University_Property:115"]}},{"type":"Feature","id":"overture:cc843456-2df3-4924-9560-66b8aa1b4cbd","geometry":{"type":"Polygon","coordinates":[[[3.2037116,6.4647256],[3.203605,6.4647346],[3.2036023,6.4647029],[3.2037089,6.4646939],[3.2037116,6.4647256]]]},"properties":{"id":"overture:cc843456-2df3-4924-9560-66b8aa1b4cbd","kind":"building","status":"awaiting-evidence","release":"2026-08-19.0","reason":"Overlapping building; compare alternate footprint","matches":["arcgis:University_Property:118"]}},{"type":"Feature","id":"overture:736e9a1e-47b5-4e64-8dd1-215da9dffcc8","geometry":{"type":"Polygon","coordinates":[[[3.2036888,6.4647689],[3.203604,6.4647829],[3.2035975,6.464744],[3.2036823,6.46473],[3.2036888,6.4647689]]]},"properties":{"id":"overture:736e9a1e-47b5-4e64-8dd1-215da9dffcc8","kind":"building","status":"awaiting-evidence","release":"2026-08-19.0","reason":"Overlapping building; compare alternate footprint","matches":["arcgis:University_Property:118"]}},{"type":"Feature","id":"overture:7369a655-35ab-4423-905e-029edf7a4b56","geometry":{"type":"Polygon","coordinates":[[[3.2036941,6.4648066],[3.2036217,6.4648099],[3.2036206,6.464786],[3.203693,6.4647827],[3.2036941,6.4648066]]]},"properties":{"id":"overture:7369a655-35ab-4423-905e-029edf7a4b56","kind":"building","status":"awaiting-evidence","release":"2026-08-19.0","reason":"Overlapping building; compare alternate footprint","matches":["arcgis:University_Property:118"]}},{"type":"Feature","id":"overture:972b871e-6c5a-404e-be84-3ddd24a5aed7","geometry":{"type":"Polygon","coordinates":[[[3.202554,6.4650337],[3.2024889,6.4650417],[3.2024816,6.4649828],[3.2024014,6.4649926],[3.2023863,6.4648697],[3.2028785,6.4648098],[3.2028929,6.4649267],[3.202834,6.4649338],[3.202842,6.4649987],[3.2027724,6.4650071],[3.2027693,6.4649817],[3.2025509,6.4650083],[3.202554,6.4650337]]]},"properties":{"id":"overture:972b871e-6c5a-404e-be84-3ddd24a5aed7","kind":"building","status":"awaiting-evidence","release":"2026-08-19.0","reason":"Overlapping building; compare alternate footprint","matches":["osm:way:1272791603"]}},{"type":"Feature","id":"overture:a33c7570-787d-42d9-bb51-8835e5be2ed5","geometry":{"type":"Polygon","coordinates":[[[3.2020952,6.4649309],[3.2020416,6.4649222],[3.2020503,6.4648688],[3.2021039,6.4648775],[3.2020952,6.4649309]]]},"properties":{"id":"overture:a33c7570-787d-42d9-bb51-8835e5be2ed5","kind":"building","status":"awaiting-evidence","release":"2026-08-19.0","reason":"Overlapping building; compare alternate footprint","matches":["osm:way:1267689284"]}},{"type":"Feature","id":"overture:90a96ff1-a03c-4cbd-832f-78f150e7edba","geometry":{"type":"Polygon","coordinates":[[[3.2018333,6.4650326],[3.2017292,6.4650303],[3.2017439,6.4643726],[3.2018481,6.4643749],[3.2018333,6.4650326]]]},"properties":{"id":"overture:90a96ff1-a03c-4cbd-832f-78f150e7edba","kind":"building","status":"awaiting-evidence","release":"2026-08-19.0","reason":"Overlapping building; compare alternate footprint","matches":["arcgis:University_Property:10"]}},{"type":"Feature","id":"overture:dffcddb9-6afe-44f8-9212-2f21bfb504e6","geometry":{"type":"Polygon","coordinates":[[[3.2012215,6.4646355],[3.2013101,6.4646205],[3.2013245,6.4647046],[3.2012359,6.4647196],[3.2012215,6.4646355]]]},"properties":{"id":"overture:dffcddb9-6afe-44f8-9212-2f21bfb504e6","kind":"building","status":"awaiting-evidence","release":"2026-08-19.0","reason":"Overlapping building; compare alternate footprint","matches":["arcgis:University_Property:63"]}},{"type":"Feature","id":"overture:48542512-d656-4bdf-9df9-0218a70a5d17","geometry":{"type":"Polygon","coordinates":[[[3.2011502,6.4650927],[3.2010542,6.4650921],[3.2010568,6.4647038],[3.2011528,6.4647044],[3.2011502,6.4650927]]]},"properties":{"id":"overture:48542512-d656-4bdf-9df9-0218a70a5d17","kind":"building","status":"awaiting-evidence","release":"2026-08-19.0","reason":"Overlapping building; compare alternate footprint","matches":["arcgis:University_Property:9"]}},{"type":"Feature","id":"overture:37f2ea5d-9c3b-4a62-a6ce-6281b1734d32","geometry":{"type":"Polygon","coordinates":[[[3.2012212,6.4649973],[3.20169,6.4650096],[3.2016869,6.465125],[3.2012181,6.4651127],[3.2012212,6.4649973]]]},"properties":{"id":"overture:37f2ea5d-9c3b-4a62-a6ce-6281b1734d32","kind":"building","status":"awaiting-evidence","release":"2026-08-19.0","reason":"Overlapping building; compare alternate footprint","matches":["arcgis:University_Property:66"]}},{"type":"Feature","id":"overture:fdfa8b55-12f1-45f8-8bc3-bb949802bfa3","geometry":{"type":"Polygon","coordinates":[[[3.2023755,6.4651832],[3.2022394,6.465182],[3.2022402,6.4650915],[3.2023763,6.4650927],[3.2023755,6.4651832]]]},"properties":{"id":"overture:fdfa8b55-12f1-45f8-8bc3-bb949802bfa3","kind":"building","status":"awaiting-evidence","release":"2026-08-19.0","reason":"Overlapping building; compare alternate footprint","matches":["osm:way:591396668"]}},{"type":"Feature","id":"overture:43a938a6-ffb3-48e6-ad24-8ddfca570517","geometry":{"type":"Polygon","coordinates":[[[3.2015884,6.4655511],[3.2014191,6.465549],[3.2014204,6.4654407],[3.2015897,6.4654428],[3.2015884,6.4655511]]]},"properties":{"id":"overture:43a938a6-ffb3-48e6-ad24-8ddfca570517","kind":"building","status":"awaiting-evidence","release":"2026-08-19.0","reason":"Overlapping building; compare alternate footprint","matches":["arcgis:University_Property:129"]}},{"type":"Feature","id":"overture:4ba66d51-8de9-4a81-9fbb-449b0b27525c","geometry":{"type":"Polygon","coordinates":[[[3.2012593,6.4653581],[3.2014348,6.4653619],[3.2014342,6.4653876],[3.2012588,6.4653839],[3.2012593,6.4653581]]]},"properties":{"id":"overture:4ba66d51-8de9-4a81-9fbb-449b0b27525c","kind":"building","status":"awaiting-evidence","release":"2026-08-19.0","reason":"Overlapping building; compare alternate footprint","matches":["arcgis:University_Property:129","arcgis:University_Property:130"]}},{"type":"Feature","id":"overture:6755fa71-d076-400b-825f-0189d687f3b0","geometry":{"type":"Polygon","coordinates":[[[3.2016039,6.4655415],[3.2016039,6.4654501],[3.2017757,6.4654501],[3.2017757,6.4655415],[3.2016039,6.4655415]]]},"properties":{"id":"overture:6755fa71-d076-400b-825f-0189d687f3b0","kind":"building","status":"awaiting-evidence","release":"2026-08-19.0","reason":"Overlapping building; compare alternate footprint","matches":["arcgis:University_Property:129"]}},{"type":"Feature","id":"overture:03c59508-4255-4488-8a63-20e601c04b9e","geometry":{"type":"Polygon","coordinates":[[[3.2021482,6.4655589],[3.2019016,6.4655501],[3.2019057,6.4654376],[3.2021523,6.4654464],[3.2021482,6.4655589]]]},"properties":{"id":"overture:03c59508-4255-4488-8a63-20e601c04b9e","kind":"building","status":"awaiting-evidence","release":"2026-08-19.0","reason":"Overlapping building; compare alternate footprint","matches":["arcgis:University_Property:129"]}},{"type":"Feature","id":"overture:b1ea1d81-a25e-4575-b7d2-9764d798612b","geometry":{"type":"Polygon","coordinates":[[[3.2023792,6.4655358],[3.2023512,6.4655349],[3.202354,6.4654453],[3.2024448,6.4654482],[3.2024413,6.4655576],[3.2023786,6.4655556],[3.2023792,6.4655358]]]},"properties":{"id":"overture:b1ea1d81-a25e-4575-b7d2-9764d798612b","kind":"building","status":"awaiting-evidence","release":"2026-08-19.0","reason":"Overlapping building; compare alternate footprint","matches":["arcgis:University_Property:129"]}},{"type":"Feature","id":"overture:cd8a2ca8-247e-4acd-970f-a014345e1e51","geometry":{"type":"Polygon","coordinates":[[[3.201615,6.4655876],[3.2016421,6.4655876],[3.2016421,6.4656238],[3.201615,6.4656238],[3.201615,6.4655876]]]},"properties":{"id":"overture:cd8a2ca8-247e-4acd-970f-a014345e1e51","kind":"building","status":"awaiting-evidence","release":"2026-08-19.0","reason":"Overlapping building; compare alternate footprint","matches":["overture:083a893b-19a7-4257-a4eb-cb006efef70e"]}},{"type":"Feature","id":"overture:e19064f7-2247-4d36-80b0-2afe026d9a9c","geometry":{"type":"Polygon","coordinates":[[[3.2014041,6.4655558],[3.2012274,6.4655548],[3.2012281,6.4654439],[3.2014047,6.4654449],[3.2014041,6.4655558]]]},"properties":{"id":"overture:e19064f7-2247-4d36-80b0-2afe026d9a9c","kind":"building","status":"awaiting-evidence","release":"2026-08-19.0","reason":"Overlapping building; compare alternate footprint","matches":["arcgis:University_Property:130"]}},{"type":"Feature","id":"overture:2dba1c90-272b-4f2c-854e-b1b19d7396a6","geometry":{"type":"Polygon","coordinates":[[[3.201589,6.4659408],[3.2010747,6.4659514],[3.2010728,6.4658609],[3.2015871,6.4658504],[3.201589,6.4659408]]]},"properties":{"id":"overture:2dba1c90-272b-4f2c-854e-b1b19d7396a6","kind":"building","status":"awaiting-evidence","release":"2026-08-19.0","reason":"Overlapping building; compare alternate footprint","matches":["arcgis:University_Property:8","osm:way:591396662"]}},{"type":"Feature","id":"overture:0a1e46a7-af93-4f86-81ea-06172ade4b7a","geometry":{"type":"Polygon","coordinates":[[[3.2028761,6.4660356],[3.2028151,6.4660302],[3.2028525,6.4656065],[3.2029136,6.4656118],[3.2028761,6.4660356]]]},"properties":{"id":"overture:0a1e46a7-af93-4f86-81ea-06172ade4b7a","kind":"building","status":"awaiting-evidence","release":"2026-08-19.0","reason":"Overlapping building; compare alternate footprint","matches":["arcgis:University_Property:32"]}},{"type":"Feature","id":"overture:e7a67ed2-5417-48c3-b5b9-8dfa9789a7b4","geometry":{"type":"Polygon","coordinates":[[[3.2029815,6.466118],[3.2028861,6.4661122],[3.2029185,6.4655839],[3.2030285,6.4655906],[3.2030007,6.4660438],[3.2029861,6.4660429],[3.2029815,6.466118]]]},"properties":{"id":"overture:e7a67ed2-5417-48c3-b5b9-8dfa9789a7b4","kind":"building","status":"awaiting-evidence","release":"2026-08-19.0","reason":"Overlapping building; compare alternate footprint","matches":["arcgis:University_Property:32"]}},{"type":"Feature","id":"overture:e200588a-0924-4d53-90d8-e6152f6595c3","geometry":{"type":"Polygon","coordinates":[[[3.2031946,6.4660522],[3.2030444,6.4660482],[3.2030555,6.4656351],[3.2032057,6.4656391],[3.2031946,6.4660522]]]},"properties":{"id":"overture:e200588a-0924-4d53-90d8-e6152f6595c3","kind":"building","status":"awaiting-evidence","release":"2026-08-19.0","reason":"Overlapping building; compare alternate footprint","matches":["arcgis:University_Property:32"]}},{"type":"Feature","id":"overture:55544f0b-37ea-4ad6-8485-e7594efdb15c","geometry":{"type":"Polygon","coordinates":[[[3.2034159,6.4660569],[3.2033683,6.4660549],[3.2033853,6.4656546],[3.2034329,6.4656566],[3.2034159,6.4660569]]]},"properties":{"id":"overture:55544f0b-37ea-4ad6-8485-e7594efdb15c","kind":"building","status":"awaiting-evidence","release":"2026-08-19.0","reason":"Overlapping building; compare alternate footprint","matches":["arcgis:University_Property:32"]}},{"type":"Feature","id":"overture:9d18490b-ea77-4c12-9034-b536c1803746","geometry":{"type":"Polygon","coordinates":[[[3.2033528,6.4661362],[3.2032738,6.4661323],[3.2032776,6.4660565],[3.2032466,6.466055],[3.2032692,6.4655936],[3.2033792,6.465599],[3.2033528,6.4661362]]]},"properties":{"id":"overture:9d18490b-ea77-4c12-9034-b536c1803746","kind":"building","status":"awaiting-evidence","release":"2026-08-19.0","reason":"Overlapping building; compare alternate footprint","matches":["arcgis:University_Property:32"]}},{"type":"Feature","id":"overture:df532bd5-09e6-4f79-9b74-56e6fce015ca","geometry":{"type":"Polygon","coordinates":[[[3.2032978,6.4654945],[3.2033719,6.4654945],[3.2033719,6.4655236],[3.2032978,6.4655236],[3.2032978,6.4654945]]]},"properties":{"id":"overture:df532bd5-09e6-4f79-9b74-56e6fce015ca","kind":"building","status":"awaiting-evidence","release":"2026-08-19.0","reason":"Overlapping building; compare alternate footprint","matches":["arcgis:University_Property:32"]}},{"type":"Feature","id":"overture:5b28bf09-2f87-411b-b3c6-8ad9581c2928","geometry":{"type":"Polygon","coordinates":[[[3.2034137,6.4655789],[3.2033058,6.4655939],[3.203301,6.4655599],[3.2034089,6.4655449],[3.2034137,6.4655789]]]},"properties":{"id":"overture:5b28bf09-2f87-411b-b3c6-8ad9581c2928","kind":"building","status":"awaiting-evidence","release":"2026-08-19.0","reason":"Overlapping building; compare alternate footprint","matches":["arcgis:University_Property:32"]}},{"type":"Feature","id":"overture:c831b7bf-19d1-41e8-b77a-5278c158e663","geometry":{"type":"Polygon","coordinates":[[[3.2037387,6.4657786],[3.2035728,6.4657724],[3.2035848,6.4654552],[3.2037507,6.4654615],[3.2037461,6.4655827],[3.2037657,6.4655835],[3.2037627,6.4656618],[3.2037431,6.4656611],[3.2037387,6.4657786]]]},"properties":{"id":"overture:c831b7bf-19d1-41e8-b77a-5278c158e663","kind":"building","status":"awaiting-evidence","release":"2026-08-19.0","reason":"Overlapping building; compare alternate footprint","matches":["arcgis:University_Property:119"]}},{"type":"Feature","id":"overture:9871e891-343c-4150-ac0b-5182b5d61d9b","geometry":{"type":"Polygon","coordinates":[[[3.2035057,6.4656878],[3.2034655,6.4656878],[3.2034655,6.4656085],[3.2035057,6.4656085],[3.2035057,6.4656878]]]},"properties":{"id":"overture:9871e891-343c-4150-ac0b-5182b5d61d9b","kind":"building","status":"awaiting-evidence","release":"2026-08-19.0","reason":"Overlapping building; compare alternate footprint","matches":["osm:way:1272814520"]}},{"type":"Feature","id":"overture:8bd67fbd-dd7e-42b1-a57f-665391aa9a3b","geometry":{"type":"Polygon","coordinates":[[[3.2028147,6.4653839],[3.2028147,6.4654392],[3.2027772,6.4654392],[3.2027772,6.4653839],[3.2028147,6.4653839]]]},"properties":{"id":"overture:8bd67fbd-dd7e-42b1-a57f-665391aa9a3b","kind":"building","status":"awaiting-evidence","release":"2026-08-19.0","reason":"Overlapping building; compare alternate footprint","matches":["osm:way:1267692227"]}},{"type":"Feature","id":"overture:90cc0523-caec-4804-9986-79de662251a8","geometry":{"type":"Polygon","coordinates":[[[3.2035978,6.4653747],[3.2037712,6.465382],[3.2037688,6.4654384],[3.2035954,6.4654311],[3.2035978,6.4653747]]]},"properties":{"id":"overture:90cc0523-caec-4804-9986-79de662251a8","kind":"building","status":"awaiting-evidence","release":"2026-08-19.0","reason":"Overlapping building; compare alternate footprint","matches":["arcgis:University_Property:119"]}},{"type":"Feature","id":"overture:e9faefd5-046f-47ca-9e62-b148230f476b","geometry":{"type":"Polygon","coordinates":[[[3.2032462,6.4661315],[3.203041,6.4661275],[3.2030423,6.4660636],[3.2032475,6.4660676],[3.2032462,6.4661315]]]},"properties":{"id":"overture:e9faefd5-046f-47ca-9e62-b148230f476b","kind":"building","status":"awaiting-evidence","release":"2026-08-19.0","reason":"Overlapping building; compare alternate footprint","matches":["arcgis:University_Property:32","osm:way:1272814522"]}},{"type":"Feature","id":"overture:2800d654-f42c-4210-b4da-6a3eb6f0addd","geometry":{"type":"Polygon","coordinates":[[[3.2021627,6.4660281],[3.2021642,6.4661392],[3.2021276,6.4661396],[3.2021287,6.4662182],[3.201913,6.4662211],[3.201909,6.4659297],[3.2021198,6.4659269],[3.2021212,6.4660287],[3.2021627,6.4660281]],[[3.2019776,6.4660642],[3.2019795,6.4661228],[3.2020419,6.4661208],[3.20204,6.4660622],[3.2019776,6.4660642]]]},"properties":{"id":"overture:2800d654-f42c-4210-b4da-6a3eb6f0addd","kind":"building","status":"awaiting-evidence","release":"2026-08-19.0","reason":"Overlapping building; compare alternate footprint","matches":["arcgis:University_Property:33"]}},{"type":"Feature","id":"overture:6ba0b182-e7c6-4c86-9b17-38c31d2191e1","geometry":{"type":"Polygon","coordinates":[[[3.2018527,6.4662907],[3.2017516,6.4662918],[3.2017482,6.4659883],[3.2018493,6.4659872],[3.2018527,6.4662907]]]},"properties":{"id":"overture:6ba0b182-e7c6-4c86-9b17-38c31d2191e1","kind":"building","status":"awaiting-evidence","release":"2026-08-19.0","reason":"Overlapping building; compare alternate footprint","matches":["arcgis:University_Property:34"]}},{"type":"Feature","id":"overture:78c66dbd-785f-4044-9a74-9d7944a754bd","geometry":{"type":"Polygon","coordinates":[[[3.2014851,6.4665084],[3.2011999,6.4665043],[3.2012026,6.466319],[3.2014878,6.4663231],[3.2014851,6.4665084]]]},"properties":{"id":"overture:78c66dbd-785f-4044-9a74-9d7944a754bd","kind":"building","status":"awaiting-evidence","release":"2026-08-19.0","reason":"Overlapping building; compare alternate footprint","matches":["arcgis:University_Property:28"]}},{"type":"Feature","id":"overture:2d4338e5-3ecf-4bb7-af66-06bad34078f4","geometry":{"type":"Polygon","coordinates":[[[3.200198,6.4666262],[3.200107,6.4666088],[3.2001583,6.4663432],[3.1999908,6.4663113],[3.2000322,6.4660971],[3.2004634,6.4661793],[3.2004538,6.4662291],[3.200519,6.4662415],[3.2005301,6.4661837],[3.2006461,6.4662059],[3.2006071,6.466408],[3.2004764,6.4663831],[3.2004434,6.4665537],[3.2003724,6.4665401],[3.2003517,6.4666474],[3.2002633,6.4666305],[3.2003121,6.4663777],[3.2003933,6.4663932],[3.2004198,6.466256],[3.2002969,6.4662326],[3.2002712,6.4663659],[3.2002491,6.4663617],[3.200198,6.4666262]]]},"properties":{"id":"overture:2d4338e5-3ecf-4bb7-af66-06bad34078f4","kind":"building","status":"awaiting-evidence","release":"2026-08-19.0","reason":"Overlapping building; compare alternate footprint","matches":["arcgis:University_Property:30"]}},{"type":"Feature","id":"overture:3042a8dc-20b0-4af3-b0bf-926798fccb7f","geometry":{"type":"Polygon","coordinates":[[[3.1993061,6.4666772],[3.1992008,6.4666812],[3.1991946,6.4665204],[3.1992999,6.4665164],[3.1993061,6.4666772]]]},"properties":{"id":"overture:3042a8dc-20b0-4af3-b0bf-926798fccb7f","kind":"building","status":"awaiting-evidence","release":"2026-08-19.0","reason":"Overlapping building; compare alternate footprint","matches":["arcgis:University_Property:62"]}},{"type":"Feature","id":"overture:2ec8abfc-4182-4ee0-802a-bf0eeef220e3","geometry":{"type":"Polygon","coordinates":[[[3.1990981,6.4664432],[3.199097,6.4665222],[3.1990162,6.4665211],[3.1990146,6.4666356],[3.1989325,6.4666345],[3.1989352,6.4664409],[3.1990981,6.4664432]]]},"properties":{"id":"overture:2ec8abfc-4182-4ee0-802a-bf0eeef220e3","kind":"building","status":"awaiting-evidence","release":"2026-08-19.0","reason":"Overlapping building; compare alternate footprint","matches":["arcgis:University_Property:61"]}},{"type":"Feature","id":"overture:a3fdc3e5-2f0e-497f-983c-5a120fb6db7b","geometry":{"type":"Polygon","coordinates":[[[3.1973916,6.4667258],[3.1973112,6.4666112],[3.1974328,6.4665269],[3.1975133,6.4666415],[3.1973916,6.4667258]]]},"properties":{"id":"overture:a3fdc3e5-2f0e-497f-983c-5a120fb6db7b","kind":"building","status":"awaiting-evidence","release":"2026-08-19.0","reason":"Overlapping building; compare alternate footprint","matches":["osm:way:1267563807"]}},{"type":"Feature","id":"overture:3167c882-9fab-4c5a-9426-34dd02c6748c","geometry":{"type":"Polygon","coordinates":[[[3.1984451,6.4662448],[3.1981802,6.4662215],[3.1981891,6.4661219],[3.1984539,6.4661452],[3.1984451,6.4662448]]]},"properties":{"id":"overture:3167c882-9fab-4c5a-9426-34dd02c6748c","kind":"building","status":"awaiting-evidence","release":"2026-08-19.0","reason":"Overlapping building; compare alternate footprint","matches":["osm:way:1267563813"]}},{"type":"Feature","id":"overture:cb0cec5f-612f-47a7-ad8b-54af27a72060","geometry":{"type":"Polygon","coordinates":[[[3.1997748,6.4663367],[3.1996963,6.4663201],[3.1997248,6.4661875],[3.1998033,6.4662042],[3.1997748,6.4663367]]]},"properties":{"id":"overture:cb0cec5f-612f-47a7-ad8b-54af27a72060","kind":"building","status":"awaiting-evidence","release":"2026-08-19.0","reason":"Overlapping building; compare alternate footprint","matches":["osm:way:1267563808"]}},{"type":"Feature","id":"overture:44bb642a-eed0-4ce6-8711-3fa28fbc66ac","geometry":{"type":"Polygon","coordinates":[[[3.1992545,6.4656408],[3.1992513,6.4656595],[3.1994223,6.4656881],[3.1994071,6.4657774],[3.1991323,6.4657314],[3.1991506,6.4656234],[3.1992545,6.4656408]],[[3.1992818,6.4656763],[3.1992776,6.4656987],[3.1993111,6.4657051],[3.1993154,6.4656827],[3.1992818,6.4656763]]]},"properties":{"id":"overture:44bb642a-eed0-4ce6-8711-3fa28fbc66ac","kind":"building","status":"awaiting-evidence","release":"2026-08-19.0","reason":"Overlapping building; compare alternate footprint","matches":["osm:relation:17476964"]}},{"type":"Feature","id":"overture:10e35e6c-f6a8-46a9-ad8b-a02bd9a556bd","geometry":{"type":"Polygon","coordinates":[[[3.2003783,6.4658312],[3.2002169,6.4657967],[3.2002668,6.465566],[3.2005717,6.465631],[3.2005325,6.465812],[3.2003891,6.4657814],[3.2003783,6.4658312]]]},"properties":{"id":"overture:10e35e6c-f6a8-46a9-ad8b-a02bd9a556bd","kind":"building","status":"awaiting-evidence","release":"2026-08-19.0","reason":"Overlapping building; compare alternate footprint","matches":["arcgis:University_Property:131","osm:way:1267674451"]}},{"type":"Feature","id":"overture:28afb483-adc9-4a84-8679-ed9850c8f9c9","geometry":{"type":"Polygon","coordinates":[[[3.2000428,6.4655924],[3.1998953,6.4655813],[3.1999057,6.4654449],[3.2000532,6.465456],[3.2000428,6.4655924]]]},"properties":{"id":"overture:28afb483-adc9-4a84-8679-ed9850c8f9c9","kind":"building","status":"awaiting-evidence","release":"2026-08-19.0","reason":"Overlapping building; compare alternate footprint","matches":["arcgis:University_Property:29","osm:way:591396708"]}},{"type":"Feature","id":"overture:ca799b4c-450d-4f55-8c1d-57ecb241b913","geometry":{"type":"Polygon","coordinates":[[[3.2006425,6.4655552],[3.2005218,6.4655418],[3.2005296,6.4654719],[3.2006503,6.4654853],[3.2006425,6.4655552]]]},"properties":{"id":"overture:ca799b4c-450d-4f55-8c1d-57ecb241b913","kind":"building","status":"awaiting-evidence","release":"2026-08-19.0","reason":"Overlapping building; compare alternate footprint","matches":["arcgis:University_Property:131","osm:way:1267674450"]}},{"type":"Feature","id":"overture:8d59a8ec-ee52-4830-8115-02fda6d3fd6a","geometry":{"type":"Polygon","coordinates":[[[3.2006062,6.46544],[3.2005613,6.4654432],[3.2005573,6.4653879],[3.2006021,6.4653847],[3.2006062,6.46544]]]},"properties":{"id":"overture:8d59a8ec-ee52-4830-8115-02fda6d3fd6a","kind":"building","status":"awaiting-evidence","release":"2026-08-19.0","reason":"Overlapping building; compare alternate footprint","matches":["osm:way:1267689296"]}},{"type":"Feature","id":"overture:1bf72079-6ab7-4f18-8f2c-66ba2d578bae","geometry":{"type":"Polygon","coordinates":[[[3.2007099,6.4654413],[3.2006606,6.4654379],[3.2006633,6.4653999],[3.2007126,6.4654034],[3.2007099,6.4654413]]]},"properties":{"id":"overture:1bf72079-6ab7-4f18-8f2c-66ba2d578bae","kind":"building","status":"awaiting-evidence","release":"2026-08-19.0","reason":"Overlapping building; compare alternate footprint","matches":["osm:way:1267689295"]}},{"type":"Feature","id":"overture:0a785170-c0f2-4431-b52a-09d5d5e61e0a","geometry":{"type":"Polygon","coordinates":[[[3.2001067,6.4654152],[3.199935,6.4654013],[3.199942,6.4653163],[3.2001137,6.4653303],[3.2001067,6.4654152]]]},"properties":{"id":"overture:0a785170-c0f2-4431-b52a-09d5d5e61e0a","kind":"building","status":"awaiting-evidence","release":"2026-08-19.0","reason":"Overlapping building; compare alternate footprint","matches":["arcgis:University_Property:29"]}},{"type":"Feature","id":"overture:81d9a14e-6a55-4eee-8e8b-b5aa27de4cde","geometry":{"type":"Polygon","coordinates":[[[3.199358,6.4656536],[3.1992408,6.4656336],[3.1992766,6.4654276],[3.1993937,6.4654476],[3.199358,6.4656536]]]},"properties":{"id":"overture:81d9a14e-6a55-4eee-8e8b-b5aa27de4cde","kind":"building","status":"awaiting-evidence","release":"2026-08-19.0","reason":"Overlapping building; compare alternate footprint","matches":["osm:way:1267563810"]}},{"type":"Feature","id":"overture:c63a5320-ffb9-4169-ac48-9976027b300a","geometry":{"type":"Polygon","coordinates":[[[3.1994611,6.4656093],[3.1994019,6.4655998],[3.1994199,6.4654883],[3.1994792,6.4654977],[3.1994611,6.4656093]]]},"properties":{"id":"overture:c63a5320-ffb9-4169-ac48-9976027b300a","kind":"building","status":"awaiting-evidence","release":"2026-08-19.0","reason":"Overlapping building; compare alternate footprint","matches":["osm:way:1267563811"]}},{"type":"Feature","id":"overture:704072af-2fc7-48fc-be25-5e804d300138","geometry":{"type":"Polygon","coordinates":[[[3.1997366,6.4656881],[3.1995823,6.4656838],[3.1995845,6.4656057],[3.1997388,6.46561],[3.1997366,6.4656881]]]},"properties":{"id":"overture:704072af-2fc7-48fc-be25-5e804d300138","kind":"building","status":"awaiting-evidence","release":"2026-08-19.0","reason":"Overlapping building; compare alternate footprint","matches":["osm:way:1267563809"]}},{"type":"Feature","id":"overture:65724d2d-6044-466b-bdf6-5805e129c17f","geometry":{"type":"Polygon","coordinates":[[[3.1984872,6.4656665],[3.1981033,6.4652928],[3.198167,6.4652281],[3.1985509,6.4656019],[3.1984872,6.4656665]]]},"properties":{"id":"overture:65724d2d-6044-466b-bdf6-5805e129c17f","kind":"building","status":"awaiting-evidence","release":"2026-08-19.0","reason":"Overlapping building; compare alternate footprint","matches":["arcgis:University_Property:53"]}},{"type":"Feature","id":"overture:9785804c-4bb1-46e3-b208-4b6a1b861c2c","geometry":{"type":"Polygon","coordinates":[[[3.1978058,6.4656512],[3.1977282,6.4655796],[3.1979491,6.4653431],[3.1980267,6.4654147],[3.1978058,6.4656512]]]},"properties":{"id":"overture:9785804c-4bb1-46e3-b208-4b6a1b861c2c","kind":"building","status":"awaiting-evidence","release":"2026-08-19.0","reason":"Crosses campus boundary"}},{"type":"Feature","id":"overture:f55ed885-ff02-4f16-80ce-7f117a24a2b9","geometry":{"type":"Polygon","coordinates":[[[3.1978013,6.4658664],[3.1976564,6.4657239],[3.1977354,6.4656445],[3.1978804,6.4657871],[3.1978013,6.4658664]]]},"properties":{"id":"overture:f55ed885-ff02-4f16-80ce-7f117a24a2b9","kind":"building","status":"awaiting-evidence","release":"2026-08-19.0","reason":"Overlapping building; compare alternate footprint","matches":["arcgis:University_Property:53"]}},{"type":"Feature","id":"overture:c3489655-c9e9-4d18-b9c9-b92425da6fca","geometry":{"type":"Polygon","coordinates":[[[3.1980396,6.4661131],[3.1978126,6.4658841],[3.1978899,6.4658084],[3.1981169,6.4660374],[3.1980396,6.4661131]]]},"properties":{"id":"overture:c3489655-c9e9-4d18-b9c9-b92425da6fca","kind":"building","status":"awaiting-evidence","release":"2026-08-19.0","reason":"Overlapping building; compare alternate footprint","matches":["arcgis:University_Property:53"]}},{"type":"Feature","id":"overture:4d439ccc-6a54-477c-b12b-de9cb4cb9b08","geometry":{"type":"Polygon","coordinates":[[[3.1971358,6.4660452],[3.197053,6.4660982],[3.1970323,6.4660662],[3.1971151,6.4660133],[3.1971358,6.4660452]]]},"properties":{"id":"overture:4d439ccc-6a54-477c-b12b-de9cb4cb9b08","kind":"building","status":"awaiting-evidence","release":"2026-08-19.0","reason":"Overlapping building; compare alternate footprint","matches":["osm:way:1267564038"]}},{"type":"Feature","id":"overture:c5a460d1-bfab-4fe9-a0ec-b6eed3569e81","geometry":{"type":"Polygon","coordinates":[[[3.1971858,6.4660982],[3.1970929,6.4661548],[3.1970603,6.466102],[3.1971531,6.4660454],[3.1971858,6.4660982]]]},"properties":{"id":"overture:c5a460d1-bfab-4fe9-a0ec-b6eed3569e81","kind":"building","status":"awaiting-evidence","release":"2026-08-19.0","reason":"Overlapping building; compare alternate footprint","matches":["osm:way:1267564039"]}},{"type":"Feature","id":"overture:211c52bc-8444-4921-9440-ae729622d61f","geometry":{"type":"Polygon","coordinates":[[[3.1972119,6.4661755],[3.1971294,6.4662225],[3.1970948,6.4661624],[3.1971773,6.4661155],[3.1972119,6.4661755]]]},"properties":{"id":"overture:211c52bc-8444-4921-9440-ae729622d61f","kind":"building","status":"awaiting-evidence","release":"2026-08-19.0","reason":"Overlapping building; compare alternate footprint","matches":["osm:way:1267564040"]}},{"type":"Feature","id":"overture:74de9dc5-457d-4786-af2b-58fcfcc89087","geometry":{"type":"Polygon","coordinates":[[[3.1971908,6.4666246],[3.1970798,6.4666982],[3.197035,6.4666315],[3.197146,6.4665579],[3.1971908,6.4666246]]]},"properties":{"id":"overture:74de9dc5-457d-4786-af2b-58fcfcc89087","kind":"building","status":"awaiting-evidence","release":"2026-08-19.0","reason":"Overlapping building; compare alternate footprint","matches":["osm:way:1267564037"]}},{"type":"Feature","id":"overture:b37ed24a-c6a9-40c3-b538-b107751eee88","geometry":{"type":"Polygon","coordinates":[[[3.1971754,6.466921],[3.1970626,6.4667703],[3.1972879,6.4666039],[3.1973952,6.4667474],[3.1973565,6.466776],[3.1972769,6.4666696],[3.1971263,6.4667808],[3.1972113,6.4668945],[3.1971754,6.466921]]]},"properties":{"id":"overture:b37ed24a-c6a9-40c3-b538-b107751eee88","kind":"building","status":"awaiting-evidence","release":"2026-08-19.0","reason":"Overlapping building; compare alternate footprint","matches":["osm:way:1267563806"]}},{"type":"Feature","id":"overture:e0aca66e-3b79-4fc2-990c-8273532d015f","geometry":{"type":"Polygon","coordinates":[[[3.1973299,6.4667858],[3.1972126,6.4668611],[3.1971514,6.4667669],[3.1972687,6.4666916],[3.1973299,6.4667858]]]},"properties":{"id":"overture:e0aca66e-3b79-4fc2-990c-8273532d015f","kind":"building","status":"awaiting-evidence","release":"2026-08-19.0","reason":"Overlapping building; compare alternate footprint","matches":["osm:way:1272948158"]}},{"type":"Feature","id":"overture:6f54b197-906b-4cf6-bd5c-c317ce1e6bc7","geometry":{"type":"Polygon","coordinates":[[[3.1972513,6.4669805],[3.1972218,6.4669997],[3.1971786,6.466934],[3.197422,6.4667761],[3.1974582,6.4668312],[3.197438,6.4668443],[3.1974564,6.4668723],[3.1974436,6.4668806],[3.1974531,6.4668951],[3.1972723,6.4670124],[3.1972513,6.4669805]]]},"properties":{"id":"overture:6f54b197-906b-4cf6-bd5c-c317ce1e6bc7","kind":"building","status":"awaiting-evidence","release":"2026-08-19.0","reason":"Overlapping building; compare alternate footprint","matches":["osm:way:1272948159"]}},{"type":"Feature","id":"overture:24239bd8-9fc2-43e6-8dff-e9d37088efa1","geometry":{"type":"Polygon","coordinates":[[[3.197104,6.466942],[3.1970215,6.467002],[3.1969297,6.4668773],[3.1970121,6.4668174],[3.197104,6.466942]]]},"properties":{"id":"overture:24239bd8-9fc2-43e6-8dff-e9d37088efa1","kind":"building","status":"awaiting-evidence","release":"2026-08-19.0","reason":"Overlapping building; compare alternate footprint","matches":["osm:way:1267563805"]}},{"type":"Feature","id":"overture:ebf38aaf-a489-4911-8f35-fedeb58cd8c5","geometry":{"type":"Polygon","coordinates":[[[3.1969769,6.466968],[3.196941,6.4669963],[3.1969107,6.4669584],[3.1969465,6.4669301],[3.1969769,6.466968]]]},"properties":{"id":"overture:ebf38aaf-a489-4911-8f35-fedeb58cd8c5","kind":"building","status":"awaiting-evidence","release":"2026-08-19.0","reason":"Overlapping building; compare alternate footprint","matches":["osm:way:1272944903"]}},{"type":"Feature","id":"overture:db08e70d-1a5d-42b4-be84-4759c2c44bd7","geometry":{"type":"Polygon","coordinates":[[[3.1952127,6.4677864],[3.1950776,6.4678745],[3.1950336,6.4678081],[3.1951687,6.4677199],[3.1952127,6.4677864]]]},"properties":{"id":"overture:db08e70d-1a5d-42b4-be84-4759c2c44bd7","kind":"building","status":"awaiting-evidence","release":"2026-08-19.0","reason":"Crosses campus boundary"}},{"type":"Feature","id":"overture:f26e2264-9f49-46d4-8cab-51fc72feca7a","geometry":{"type":"Polygon","coordinates":[[[3.1961913,6.4678059],[3.1958775,6.4678019],[3.1958792,6.4676739],[3.196193,6.4676779],[3.1961913,6.4678059]]]},"properties":{"id":"overture:f26e2264-9f49-46d4-8cab-51fc72feca7a","kind":"building","status":"awaiting-evidence","release":"2026-08-19.0","reason":"Overlapping building; compare alternate footprint","matches":["arcgis:University_Property:84","osm:way:1272944914"]}},{"type":"Feature","id":"overture:3dc7c707-ae47-43f2-98ac-5edc2474f675","geometry":{"type":"Polygon","coordinates":[[[3.1967439,6.4677966],[3.196422,6.4678045],[3.1964188,6.4676781],[3.1967407,6.4676701],[3.1967439,6.4677966]]]},"properties":{"id":"overture:3dc7c707-ae47-43f2-98ac-5edc2474f675","kind":"building","status":"awaiting-evidence","release":"2026-08-19.0","reason":"Overlapping building; compare alternate footprint","matches":["arcgis:University_Property:83","osm:way:1272944913"]}},{"type":"Feature","id":"overture:d11a91d2-b5ac-4f1e-8156-85da092123ac","geometry":{"type":"Polygon","coordinates":[[[3.1972803,6.4677726],[3.1969692,6.4677819],[3.1969657,6.4676676],[3.1972768,6.4676583],[3.1972803,6.4677726]]]},"properties":{"id":"overture:d11a91d2-b5ac-4f1e-8156-85da092123ac","kind":"building","status":"awaiting-evidence","release":"2026-08-19.0","reason":"Overlapping building; compare alternate footprint","matches":["arcgis:University_Property:82","osm:way:1272944912"]}},{"type":"Feature","id":"overture:18b29632-a759-476a-88a4-4c8494d90388","geometry":{"type":"Polygon","coordinates":[[[3.1989708,6.4675547],[3.1988434,6.4675227],[3.1988605,6.4674552],[3.1989879,6.4674872],[3.1989708,6.4675547]]]},"properties":{"id":"overture:18b29632-a759-476a-88a4-4c8494d90388","kind":"building","status":"awaiting-evidence","release":"2026-08-19.0","reason":"Overlapping building; compare alternate footprint","matches":["osm:way:1267563817"]}},{"type":"Feature","id":"overture:0e4ca9da-7e9d-42f9-b670-1c4846b11b1c","geometry":{"type":"Polygon","coordinates":[[[3.1978275,6.4677699],[3.1975029,6.4677779],[3.1974999,6.4676553],[3.1978244,6.4676473],[3.1978275,6.4677699]]]},"properties":{"id":"overture:0e4ca9da-7e9d-42f9-b670-1c4846b11b1c","kind":"building","status":"awaiting-evidence","release":"2026-08-19.0","reason":"Overlapping building; compare alternate footprint","matches":["arcgis:University_Property:21","osm:way:1272948161"]}},{"type":"Feature","id":"overture:626513da-1693-455a-8b40-1de7edd6f571","geometry":{"type":"Polygon","coordinates":[[[3.1983096,6.4679602],[3.1982322,6.4679621],[3.198231,6.4679142],[3.1983084,6.4679123],[3.1983096,6.4679602]]]},"properties":{"id":"overture:626513da-1693-455a-8b40-1de7edd6f571","kind":"building","status":"awaiting-evidence","release":"2026-08-19.0","reason":"Overlapping building; compare alternate footprint","matches":["osm:way:1267563804"]}},{"type":"Feature","id":"overture:4f34686b-55db-4153-9cd8-44e1893a3d01","geometry":{"type":"Polygon","coordinates":[[[3.1982423,6.4678709],[3.1981817,6.4678619],[3.1981891,6.4678128],[3.1982497,6.4678218],[3.1982423,6.4678709]]]},"properties":{"id":"overture:4f34686b-55db-4153-9cd8-44e1893a3d01","kind":"building","status":"awaiting-evidence","release":"2026-08-19.0","reason":"Overlapping building; compare alternate footprint","matches":["osm:way:1267563803"]}},{"type":"Feature","id":"overture:b281918d-90b1-46ee-a3bc-8d3164aa9f15","geometry":{"type":"Polygon","coordinates":[[[3.1991575,6.4678934],[3.1990818,6.4678696],[3.1991061,6.4677936],[3.1991817,6.4678174],[3.1991575,6.4678934]]]},"properties":{"id":"overture:b281918d-90b1-46ee-a3bc-8d3164aa9f15","kind":"building","status":"awaiting-evidence","release":"2026-08-19.0","reason":"Overlapping building; compare alternate footprint","matches":["arcgis:University_Property:20","osm:way:591394160"]}},{"type":"Feature","id":"overture:36dea5b6-f519-40cf-b11c-6716aaeba271","geometry":{"type":"Polygon","coordinates":[[[3.2001761,6.4678817],[3.2001472,6.4678702],[3.2002269,6.4676717],[3.20033,6.4677125],[3.2002506,6.4679105],[3.2002168,6.4678971],[3.2002122,6.4679084],[3.2001718,6.4678924],[3.2001761,6.4678817]]]},"properties":{"id":"overture:36dea5b6-f519-40cf-b11c-6716aaeba271","kind":"building","status":"awaiting-evidence","release":"2026-08-19.0","reason":"Overlapping building; compare alternate footprint","matches":["arcgis:University_Property:59"]}},{"type":"Feature","id":"overture:5361a6e7-0620-497b-9e81-c32e72b3f459","geometry":{"type":"Polygon","coordinates":[[[3.2003566,6.4676669],[3.2002959,6.4676422],[3.2003228,6.4675769],[3.2003972,6.4676072],[3.200377,6.4676561],[3.2003633,6.4676505],[3.2003566,6.4676669]]]},"properties":{"id":"overture:5361a6e7-0620-497b-9e81-c32e72b3f459","kind":"building","status":"awaiting-evidence","release":"2026-08-19.0","reason":"Overlapping building; compare alternate footprint","matches":["arcgis:University_Property:59","osm:way:1267674448"]}},{"type":"Feature","id":"overture:69b0ce61-61db-42ee-8b7a-b393ffd39b73","geometry":{"type":"Polygon","coordinates":[[[3.2000814,6.467712],[3.1995284,6.4674576],[3.1995769,6.4673535],[3.2001299,6.4676079],[3.2000814,6.467712]]]},"properties":{"id":"overture:69b0ce61-61db-42ee-8b7a-b393ffd39b73","kind":"building","status":"awaiting-evidence","release":"2026-08-19.0","reason":"Overlapping building; compare alternate footprint","matches":["arcgis:University_Property:19"]}},{"type":"Feature","id":"overture:bb49c41b-b95f-47b5-81b1-1583aae79ad2","geometry":{"type":"Polygon","coordinates":[[[3.2003099,6.4674767],[3.2002368,6.4674441],[3.2002553,6.467403],[3.2003284,6.4674357],[3.2003099,6.4674767]]]},"properties":{"id":"overture:bb49c41b-b95f-47b5-81b1-1583aae79ad2","kind":"building","status":"awaiting-evidence","release":"2026-08-19.0","reason":"Overlapping building; compare alternate footprint","matches":["osm:way:1272816929"]}},{"type":"Feature","id":"overture:87afca89-def4-4258-87d5-56513048f122","geometry":{"type":"Polygon","coordinates":[[[3.2002163,6.4674229],[3.1996581,6.4671515],[3.1997056,6.4670552],[3.2002637,6.4673266],[3.2002163,6.4674229]]]},"properties":{"id":"overture:87afca89-def4-4258-87d5-56513048f122","kind":"building","status":"awaiting-evidence","release":"2026-08-19.0","reason":"Overlapping building; compare alternate footprint","matches":["arcgis:University_Property:67"]}},{"type":"Feature","id":"overture:ff3418e3-971a-4de8-818a-7ce112bda437","geometry":{"type":"Polygon","coordinates":[[[3.1993932,6.4672722],[3.1993161,6.4672382],[3.1994369,6.4669676],[3.199514,6.4670016],[3.1993932,6.4672722]]]},"properties":{"id":"overture:ff3418e3-971a-4de8-818a-7ce112bda437","kind":"building","status":"awaiting-evidence","release":"2026-08-19.0","reason":"Overlapping building; compare alternate footprint","matches":["arcgis:University_Property:81"]}},{"type":"Feature","id":"overture:f224817b-8e5d-49bf-85e9-105d8f87e43a","geometry":{"type":"Polygon","coordinates":[[[3.1991506,6.4675285],[3.1990811,6.4674972],[3.1992434,6.4671418],[3.1993129,6.4671731],[3.1992789,6.4672475],[3.1991506,6.4675285]]]},"properties":{"id":"overture:f224817b-8e5d-49bf-85e9-105d8f87e43a","kind":"building","status":"awaiting-evidence","release":"2026-08-19.0","reason":"Overlapping building; compare alternate footprint","matches":["arcgis:University_Property:81"]}},{"type":"Feature","id":"overture:ad77f530-b563-4723-8763-e60239994fed","geometry":{"type":"Polygon","coordinates":[[[3.1990331,6.4673988],[3.1988675,6.4673295],[3.1989869,6.4670478],[3.1991525,6.4671171],[3.1990331,6.4673988]]]},"properties":{"id":"overture:ad77f530-b563-4723-8763-e60239994fed","kind":"building","status":"awaiting-evidence","release":"2026-08-19.0","reason":"Overlapping building; compare alternate footprint","matches":["arcgis:University_Property:60"]}},{"type":"Feature","id":"overture:74117d22-1d76-412e-87c4-ee98acc2faa9","geometry":{"type":"Polygon","coordinates":[[[3.200613,6.4668658],[3.2003695,6.4668188],[3.2003779,6.4667755],[3.2004139,6.4667824],[3.2004488,6.4666039],[3.200419,6.4665981],[3.2004276,6.466554],[3.200665,6.4665998],[3.200613,6.4668658]]]},"properties":{"id":"overture:74117d22-1d76-412e-87c4-ee98acc2faa9","kind":"building","status":"awaiting-evidence","release":"2026-08-19.0","reason":"Overlapping building; compare alternate footprint","matches":["arcgis:University_Property:30"]}},{"type":"Feature","id":"overture:a35b4366-8344-4491-b14e-625cfb3d4d98","geometry":{"type":"Polygon","coordinates":[[[3.2018299,6.466859],[3.201767,6.4668384],[3.2018213,6.4666745],[3.2018842,6.4666951],[3.2018299,6.466859]]]},"properties":{"id":"overture:a35b4366-8344-4491-b14e-625cfb3d4d98","kind":"building","status":"awaiting-evidence","release":"2026-08-19.0","reason":"Overlapping building; compare alternate footprint","matches":["arcgis:University_Property:7","osm:way:1267674449"]}},{"type":"Feature","id":"overture:ade6583f-9e31-4942-9adc-98b549090584","geometry":{"type":"Polygon","coordinates":[[[3.2016477,6.4668078],[3.2016672,6.4667603],[3.2017133,6.4667792],[3.2016937,6.4668268],[3.2016477,6.4668078]]]},"properties":{"id":"overture:ade6583f-9e31-4942-9adc-98b549090584","kind":"building","status":"awaiting-evidence","release":"2026-08-19.0","reason":"Overlapping building; compare alternate footprint","matches":["arcgis:University_Property:7"]}},{"type":"Feature","id":"overture:eb296479-092f-45da-838b-c7e4bf8e5d45","geometry":{"type":"Polygon","coordinates":[[[3.2016464,6.4668167],[3.2016899,6.4668259],[3.2016836,6.4668557],[3.2016401,6.4668465],[3.2016464,6.4668167]]]},"properties":{"id":"overture:eb296479-092f-45da-838b-c7e4bf8e5d45","kind":"building","status":"awaiting-evidence","release":"2026-08-19.0","reason":"Overlapping building; compare alternate footprint","matches":["arcgis:University_Property:7"]}},{"type":"Feature","id":"overture:1973d3b3-051f-49b4-9687-0653aa3f5252","geometry":{"type":"Polygon","coordinates":[[[3.2017519,6.4668507],[3.2017903,6.4668665],[3.2017783,6.4668955],[3.2017399,6.4668797],[3.2017519,6.4668507]]]},"properties":{"id":"overture:1973d3b3-051f-49b4-9687-0653aa3f5252","kind":"building","status":"awaiting-evidence","release":"2026-08-19.0","reason":"Overlapping building; compare alternate footprint","matches":["arcgis:University_Property:7"]}},{"type":"Feature","id":"overture:32389d38-3b01-49a7-b6b7-c076637fd741","geometry":{"type":"Polygon","coordinates":[[[3.2017732,6.4669862],[3.2016577,6.4669301],[3.2016903,6.4668638],[3.2018351,6.4669341],[3.2017939,6.4670178],[3.2017646,6.4670036],[3.2017732,6.4669862]]]},"properties":{"id":"overture:32389d38-3b01-49a7-b6b7-c076637fd741","kind":"building","status":"awaiting-evidence","release":"2026-08-19.0","reason":"Overlapping building; compare alternate footprint","matches":["arcgis:University_Property:7"]}},{"type":"Feature","id":"overture:ba506464-3f87-49a7-ba8b-88044242db75","geometry":{"type":"Polygon","coordinates":[[[3.2022613,6.4669112],[3.202163,6.4669041],[3.2021659,6.4668638],[3.2021889,6.4668655],[3.2021931,6.4668077],[3.2023434,6.4668186],[3.2023391,6.4668779],[3.2023522,6.4668788],[3.2023494,6.4669175],[3.2022613,6.4669112]]]},"properties":{"id":"overture:ba506464-3f87-49a7-ba8b-88044242db75","kind":"building","status":"awaiting-evidence","release":"2026-08-19.0","reason":"Overlapping building; compare alternate footprint","matches":["arcgis:University_Property:78","osm:way:773643307"]}},{"type":"Feature","id":"overture:dab38cdd-26bb-4036-9292-2717c5eba5c9","geometry":{"type":"Polygon","coordinates":[[[3.2021616,6.4669345],[3.202348,6.4669472],[3.202345,6.4669913],[3.2023218,6.4669898],[3.2023178,6.4670476],[3.2021677,6.4670374],[3.2021718,6.4669779],[3.2021587,6.4669771],[3.2021616,6.4669345]]]},"properties":{"id":"overture:dab38cdd-26bb-4036-9292-2717c5eba5c9","kind":"building","status":"awaiting-evidence","release":"2026-08-19.0","reason":"Overlapping building; compare alternate footprint","matches":["arcgis:University_Property:78","osm:way:773643305"]}},{"type":"Feature","id":"overture:526edcae-05c1-4d9a-b9f7-5b7240652159","geometry":{"type":"Polygon","coordinates":[[[3.2015337,6.4671133],[3.2014451,6.4670696],[3.2014704,6.467019],[3.2015072,6.4670371],[3.2015188,6.4670137],[3.2014803,6.4669948],[3.2015197,6.4669159],[3.20161,6.4669605],[3.2015337,6.4671133]]]},"properties":{"id":"overture:526edcae-05c1-4d9a-b9f7-5b7240652159","kind":"building","status":"awaiting-evidence","release":"2026-08-19.0","reason":"Overlapping building; compare alternate footprint","matches":["arcgis:University_Property:7"]}},{"type":"Feature","id":"overture:b67b09ab-dcea-4dc3-bf5d-5c1e60bcb80f","geometry":{"type":"Polygon","coordinates":[[[3.2013463,6.4672061],[3.2012082,6.4671376],[3.2012503,6.4670539],[3.2013043,6.4670807],[3.2013515,6.4669868],[3.2014356,6.4670285],[3.2013463,6.4672061]]]},"properties":{"id":"overture:b67b09ab-dcea-4dc3-bf5d-5c1e60bcb80f","kind":"building","status":"awaiting-evidence","release":"2026-08-19.0","reason":"Overlapping building; compare alternate footprint","matches":["arcgis:University_Property:7"]}},{"type":"Feature","id":"overture:9a8f1e52-0d23-4a50-b409-fd8b220265f3","geometry":{"type":"Polygon","coordinates":[[[3.2016898,6.467243],[3.2016221,6.4673737],[3.2013453,6.4672322],[3.201413,6.4671015],[3.2016898,6.467243]]]},"properties":{"id":"overture:9a8f1e52-0d23-4a50-b409-fd8b220265f3","kind":"building","status":"awaiting-evidence","release":"2026-08-19.0","reason":"Overlapping building; compare alternate footprint","matches":["osm:way:1272816924"]}},{"type":"Feature","id":"overture:b7897b37-9b17-415c-8959-4038c1f5a85f","geometry":{"type":"Polygon","coordinates":[[[3.201948,6.4674181],[3.2019031,6.4673981],[3.2019698,6.46725],[3.2020148,6.46727],[3.201948,6.4674181]]]},"properties":{"id":"overture:b7897b37-9b17-415c-8959-4038c1f5a85f","kind":"building","status":"awaiting-evidence","release":"2026-08-19.0","reason":"Overlapping building; compare alternate footprint","matches":["arcgis:University_Property:6","osm:way:1272816927"]}},{"type":"Feature","id":"overture:f66a4e4d-8faa-4ae0-9c72-99fa1ba67f6c","geometry":{"type":"Polygon","coordinates":[[[3.2021236,6.4672252],[3.2021877,6.4672561],[3.2021696,6.4672937],[3.2021055,6.4672628],[3.2021236,6.4672252]]]},"properties":{"id":"overture:f66a4e4d-8faa-4ae0-9c72-99fa1ba67f6c","kind":"building","status":"awaiting-evidence","release":"2026-08-19.0","reason":"Overlapping building; compare alternate footprint","matches":["arcgis:University_Property:6"]}},{"type":"Feature","id":"overture:c7977c31-99ba-40f0-9c67-2c24d4e7e2f1","geometry":{"type":"Polygon","coordinates":[[[3.202052,6.4672622],[3.2019849,6.4672402],[3.2020514,6.4670399],[3.2021185,6.4670619],[3.202052,6.4672622]]]},"properties":{"id":"overture:c7977c31-99ba-40f0-9c67-2c24d4e7e2f1","kind":"building","status":"awaiting-evidence","release":"2026-08-19.0","reason":"Overlapping building; compare alternate footprint","matches":["arcgis:University_Property:6","osm:way:1272816926"]}},{"type":"Feature","id":"overture:9f261984-0816-4277-a85f-529f76556d95","geometry":{"type":"Polygon","coordinates":[[[3.2017103,6.4672128],[3.2016018,6.4671609],[3.2016878,6.466983],[3.201782,6.467028],[3.2017387,6.4671174],[3.2017531,6.4671243],[3.2017103,6.4672128]]]},"properties":{"id":"overture:9f261984-0816-4277-a85f-529f76556d95","kind":"building","status":"awaiting-evidence","release":"2026-08-19.0","reason":"Overlapping building; compare alternate footprint","matches":["arcgis:University_Property:7","osm:way:591396658"]}},{"type":"Feature","id":"overture:5629c37f-6db0-4eab-969f-75ed2f24c91c","geometry":{"type":"Polygon","coordinates":[[[3.203977,6.4678753],[3.2040125,6.4678753],[3.2040125,6.4679025],[3.203977,6.4679025],[3.203977,6.4678753]]]},"properties":{"id":"overture:5629c37f-6db0-4eab-969f-75ed2f24c91c","kind":"building","status":"awaiting-evidence","release":"2026-08-19.0","reason":"Overlapping building; compare alternate footprint","matches":["arcgis:University_Property:92"]}},{"type":"Feature","id":"overture:a915e4f3-39b8-4bab-a41b-771ca1ceeca7","geometry":{"type":"Polygon","coordinates":[[[3.2038292,6.4681217],[3.2037184,6.4681239],[3.2037113,6.4677686],[3.2038221,6.4677664],[3.2038292,6.4681217]]]},"properties":{"id":"overture:a915e4f3-39b8-4bab-a41b-771ca1ceeca7","kind":"building","status":"awaiting-evidence","release":"2026-08-19.0","reason":"Overlapping building; compare alternate footprint","matches":["arcgis:University_Property:92"]}},{"type":"Feature","id":"overture:1f5866ca-6f10-4d88-89b5-5f7477fd902d","geometry":{"type":"Polygon","coordinates":[[[3.2037592,6.46775],[3.2037055,6.4677492],[3.2037082,6.467566],[3.2037618,6.4675668],[3.2037592,6.46775]]]},"properties":{"id":"overture:1f5866ca-6f10-4d88-89b5-5f7477fd902d","kind":"building","status":"awaiting-evidence","release":"2026-08-19.0","reason":"Overlapping building; compare alternate footprint","matches":["arcgis:University_Property:92"]}},{"type":"Feature","id":"overture:9a871f94-ee06-4f7f-a699-0715e6d50ccf","geometry":{"type":"Polygon","coordinates":[[[3.2021029,6.4677206],[3.201941,6.4676519],[3.2019584,6.4676112],[3.2019005,6.4675866],[3.2019516,6.4674676],[3.2019913,6.4674844],[3.2020108,6.467439],[3.2019711,6.4674222],[3.2020231,6.4673012],[3.2020658,6.4673194],[3.2020786,6.4672895],[3.2022558,6.4673646],[3.2021865,6.467526],[3.2021578,6.4675138],[3.2021405,6.4675541],[3.2021692,6.4675663],[3.2021029,6.4677206]]]},"properties":{"id":"overture:9a871f94-ee06-4f7f-a699-0715e6d50ccf","kind":"building","status":"awaiting-evidence","release":"2026-08-19.0","reason":"Overlapping building; compare alternate footprint","matches":["arcgis:University_Property:6"]}},{"type":"Feature","id":"overture:125e8720-9ebe-42ec-a360-3a6ea7b31d7e","geometry":{"type":"Polygon","coordinates":[[[3.2018562,6.467612],[3.2018099,6.4675893],[3.2018831,6.4674418],[3.2019293,6.4674645],[3.2018562,6.467612]]]},"properties":{"id":"overture:125e8720-9ebe-42ec-a360-3a6ea7b31d7e","kind":"building","status":"awaiting-evidence","release":"2026-08-19.0","reason":"Overlapping building; compare alternate footprint","matches":["arcgis:University_Property:6","osm:way:1272816928"]}},{"type":"Feature","id":"overture:863d496c-0c41-4ac1-843e-c0baa404c847","geometry":{"type":"Polygon","coordinates":[[[3.2016606,6.4678057],[3.2012091,6.4675972],[3.2012536,6.4675021],[3.2017051,6.4677105],[3.2016606,6.4678057]]]},"properties":{"id":"overture:863d496c-0c41-4ac1-843e-c0baa404c847","kind":"building","status":"awaiting-evidence","release":"2026-08-19.0","reason":"Overlapping building; compare alternate footprint","matches":["arcgis:University_Property:77"]}},{"type":"Feature","id":"overture:c865abac-10c0-4fc8-af16-8520f1bf1147","geometry":{"type":"Polygon","coordinates":[[[3.2011295,6.4678115],[3.2010988,6.4677427],[3.2011353,6.4676797],[3.2011988,6.4676682],[3.2012968,6.4677141],[3.2013199,6.467779],[3.201293,6.4678344],[3.2012276,6.4678574],[3.2011295,6.4678115]]]},"properties":{"id":"overture:c865abac-10c0-4fc8-af16-8520f1bf1147","kind":"building","status":"awaiting-evidence","release":"2026-08-19.0","reason":"Overlapping building; compare alternate footprint","matches":["arcgis:University_Property:65"]}},{"type":"Feature","id":"overture:e5144526-e7d5-43f4-b84a-09e809ba13dd","geometry":{"type":"Polygon","coordinates":[[[3.2016037,6.4682194],[3.2011523,6.4680109],[3.2011968,6.4679158],[3.2016482,6.4681243],[3.2016037,6.4682194]]]},"properties":{"id":"overture:e5144526-e7d5-43f4-b84a-09e809ba13dd","kind":"building","status":"awaiting-evidence","release":"2026-08-19.0","reason":"Overlapping building; compare alternate footprint","matches":["arcgis:University_Property:5"]}},{"type":"Feature","id":"overture:7d5b585e-957d-4c87-91d9-3792cbb6c17a","geometry":{"type":"Polygon","coordinates":[[[3.2019054,6.4683375],[3.2017575,6.4682638],[3.2019247,6.4679324],[3.2020726,6.4680061],[3.2019054,6.4683375]]]},"properties":{"id":"overture:7d5b585e-957d-4c87-91d9-3792cbb6c17a","kind":"building","status":"awaiting-evidence","release":"2026-08-19.0","reason":"Overlapping building; compare alternate footprint","matches":["arcgis:University_Property:76"]}},{"type":"Feature","id":"overture:16963a2b-49ef-4079-b5d6-1dd7286c012d","geometry":{"type":"Polygon","coordinates":[[[3.2017143,6.4683064],[3.2016966,6.4683402],[3.2015598,6.4682696],[3.2015775,6.4682358],[3.2017143,6.4683064]]]},"properties":{"id":"overture:16963a2b-49ef-4079-b5d6-1dd7286c012d","kind":"building","status":"awaiting-evidence","release":"2026-08-19.0","reason":"Overlapping building; compare alternate footprint","matches":["osm:way:1267330359"]}},{"type":"Feature","id":"overture:6e67968d-668e-46ae-a09a-21dcebeec6c7","geometry":{"type":"Polygon","coordinates":[[[3.2014317,6.4684837],[3.2014344,6.4684841],[3.2014282,6.4685351],[3.2014646,6.4685395],[3.2014576,6.4685963],[3.2011487,6.468559],[3.2011554,6.4685043],[3.2011858,6.468508],[3.201191,6.4684653],[3.2011784,6.4684637],[3.2011942,6.4683344],[3.2014462,6.4683649],[3.2014317,6.4684837]],[[3.2013529,6.4684903],[3.2013591,6.4684424],[3.2012591,6.4684302],[3.2012542,6.4684792],[3.2013529,6.4684903]]]},"properties":{"id":"overture:6e67968d-668e-46ae-a09a-21dcebeec6c7","kind":"building","status":"awaiting-evidence","release":"2026-08-19.0","reason":"Overlapping building; compare alternate footprint","matches":["arcgis:University_Property:43"]}},{"type":"Feature","id":"overture:bc01b293-8231-427f-9af6-778fd4938335","geometry":{"type":"Polygon","coordinates":[[[3.2017958,6.4685045],[3.2018253,6.4684388],[3.2019125,6.4684775],[3.201883,6.4685431],[3.2017958,6.4685045]]]},"properties":{"id":"overture:bc01b293-8231-427f-9af6-778fd4938335","kind":"building","status":"awaiting-evidence","release":"2026-08-19.0","reason":"Overlapping building; compare alternate footprint","matches":["osm:way:1267330362"]}},{"type":"Feature","id":"overture:bf2971e0-6db9-433b-b4a9-0ddcf47efe89","geometry":{"type":"Polygon","coordinates":[[[3.2017703,6.4684922],[3.20171,6.4684762],[3.2017257,6.4684175],[3.2017861,6.4684335],[3.2017703,6.4684922]]]},"properties":{"id":"overture:bf2971e0-6db9-433b-b4a9-0ddcf47efe89","kind":"building","status":"awaiting-evidence","release":"2026-08-19.0","reason":"Overlapping building; compare alternate footprint","matches":["osm:way:1267330361"]}},{"type":"Feature","id":"overture:9e2c95c8-20b5-4db4-a591-07f570866ad2","geometry":{"type":"Polygon","coordinates":[[[3.2015866,6.4683589],[3.2017153,6.4684029],[3.2016913,6.4684725],[3.2015625,6.4684285],[3.2015866,6.4683589]]]},"properties":{"id":"overture:9e2c95c8-20b5-4db4-a591-07f570866ad2","kind":"building","status":"awaiting-evidence","release":"2026-08-19.0","reason":"Overlapping building; compare alternate footprint","matches":["osm:way:1267330360"]}},{"type":"Feature","id":"overture:2e7e78a9-cd30-4a98-a257-744665b44d2b","geometry":{"type":"Polygon","coordinates":[[[3.2037526,6.4683284],[3.2036962,6.4683276],[3.2036988,6.468153],[3.2037553,6.4681539],[3.2037526,6.4683284]]]},"properties":{"id":"overture:2e7e78a9-cd30-4a98-a257-744665b44d2b","kind":"building","status":"awaiting-evidence","release":"2026-08-19.0","reason":"Overlapping building; compare alternate footprint","matches":["arcgis:University_Property:92"]}},{"type":"Feature","id":"overture:d0454366-625a-4747-ab40-fb46de6c8fd8","geometry":{"type":"Polygon","coordinates":[[[3.2044288,6.4687667],[3.204448,6.4686944],[3.2045098,6.4687106],[3.2044906,6.4687828],[3.2044288,6.4687667]]]},"properties":{"id":"overture:d0454366-625a-4747-ab40-fb46de6c8fd8","kind":"building","status":"awaiting-evidence","release":"2026-08-19.0","reason":"Crosses campus boundary"}},{"type":"Feature","id":"overture:af7747a0-23f4-4826-a678-86a6fe031797","geometry":{"type":"Polygon","coordinates":[[[3.2043739,6.4688924],[3.2044395,6.4689234],[3.2043433,6.4691245],[3.2042776,6.4690935],[3.2043739,6.4688924]]]},"properties":{"id":"overture:af7747a0-23f4-4826-a678-86a6fe031797","kind":"building","status":"awaiting-evidence","release":"2026-08-19.0","reason":"Crosses campus boundary"}},{"type":"Feature","id":"overture:7e7594cd-c79c-414c-b4a1-0a46bd231ecb","geometry":{"type":"Polygon","coordinates":[[[3.2025209,6.4691322],[3.2025538,6.4691358],[3.20255,6.4691709],[3.2025171,6.4691673],[3.2025209,6.4691322]]]},"properties":{"id":"overture:7e7594cd-c79c-414c-b4a1-0a46bd231ecb","kind":"building","status":"awaiting-evidence","release":"2026-08-19.0","reason":"Overlapping building; compare alternate footprint","matches":["arcgis:University_Property:92"]}},{"type":"Feature","id":"overture:1c591dca-0560-43ea-937e-06f9802193f3","geometry":{"type":"Polygon","coordinates":[[[3.2035828,6.4691118],[3.2034876,6.4691171],[3.2034852,6.4690744],[3.2035804,6.4690691],[3.2035828,6.4691118]]]},"properties":{"id":"overture:1c591dca-0560-43ea-937e-06f9802193f3","kind":"building","status":"awaiting-evidence","release":"2026-08-19.0","reason":"Overlapping building; compare alternate footprint","matches":["arcgis:University_Property:92"]}},{"type":"Feature","id":"overture:c3424300-3e3a-4074-9613-31242fb82ae3","geometry":{"type":"Polygon","coordinates":[[[3.2035913,6.4688419],[3.2036041,6.4690013],[3.2032921,6.4690264],[3.2032793,6.4688669],[3.2035913,6.4688419]]]},"properties":{"id":"overture:c3424300-3e3a-4074-9613-31242fb82ae3","kind":"building","status":"awaiting-evidence","release":"2026-08-19.0","reason":"Overlapping building; compare alternate footprint","matches":["arcgis:University_Property:92"]}},{"type":"Feature","id":"overture:f3016e9a-2660-43f5-928c-1c715fe9d579","geometry":{"type":"Polygon","coordinates":[[[3.2036241,6.4689113],[3.2036602,6.4689113],[3.2036603,6.4689655],[3.2036241,6.4689655],[3.2036241,6.4689113]]]},"properties":{"id":"overture:f3016e9a-2660-43f5-928c-1c715fe9d579","kind":"building","status":"awaiting-evidence","release":"2026-08-19.0","reason":"Overlapping building; compare alternate footprint","matches":["arcgis:University_Property:92"]}},{"type":"Feature","id":"overture:086bb8b2-77db-49f0-a26f-e22296915204","geometry":{"type":"Polygon","coordinates":[[[3.2038853,6.4690158],[3.2037203,6.4690092],[3.2037236,6.4689277],[3.2038886,6.4689343],[3.2038853,6.4690158]]]},"properties":{"id":"overture:086bb8b2-77db-49f0-a26f-e22296915204","kind":"building","status":"awaiting-evidence","release":"2026-08-19.0","reason":"Overlapping building; compare alternate footprint","matches":["arcgis:University_Property:92"]}},{"type":"Feature","id":"overture:b9f5d9e7-0549-479e-8469-594234513ac6","geometry":{"type":"Polygon","coordinates":[[[3.204006,6.4688759],[3.20379,6.4688613],[3.2038057,6.4686339],[3.2040216,6.4686485],[3.204006,6.4688759]]]},"properties":{"id":"overture:b9f5d9e7-0549-479e-8469-594234513ac6","kind":"building","status":"awaiting-evidence","release":"2026-08-19.0","reason":"Overlapping building; compare alternate footprint","matches":["arcgis:University_Property:92"]}},{"type":"Feature","id":"overture:8302d985-7752-495b-adb1-0de63053fc32","geometry":{"type":"Polygon","coordinates":[[[3.20352,6.4687894],[3.2035191,6.4688351],[3.2034337,6.4688334],[3.2034346,6.4687877],[3.20352,6.4687894]]]},"properties":{"id":"overture:8302d985-7752-495b-adb1-0de63053fc32","kind":"building","status":"awaiting-evidence","release":"2026-08-19.0","reason":"Overlapping building; compare alternate footprint","matches":["arcgis:University_Property:92"]}},{"type":"Feature","id":"overture:989e6fbd-ccc4-4528-9ade-c5148536a52a","geometry":{"type":"Polygon","coordinates":[[[3.2032463,6.4689528],[3.2032552,6.469011],[3.2032207,6.4690163],[3.2032118,6.4689581],[3.2032463,6.4689528]]]},"properties":{"id":"overture:989e6fbd-ccc4-4528-9ade-c5148536a52a","kind":"building","status":"awaiting-evidence","release":"2026-08-19.0","reason":"Overlapping building; compare alternate footprint","matches":["arcgis:University_Property:92"]}},{"type":"Feature","id":"overture:01d88987-a455-4190-a979-a0da7a320596","geometry":{"type":"Polygon","coordinates":[[[3.2031943,6.46901],[3.2031932,6.4690346],[3.2031352,6.469032],[3.2031363,6.4690074],[3.2031943,6.46901]]]},"properties":{"id":"overture:01d88987-a455-4190-a979-a0da7a320596","kind":"building","status":"awaiting-evidence","release":"2026-08-19.0","reason":"Overlapping building; compare alternate footprint","matches":["arcgis:University_Property:92"]}},{"type":"Feature","id":"overture:c108350c-e062-493d-a1ba-da20016bc5d3","geometry":{"type":"Polygon","coordinates":[[[3.201381,6.4687993],[3.2014071,6.4688036],[3.2013779,6.4689786],[3.2013589,6.4689755],[3.2013494,6.4690319],[3.2010801,6.4689876],[3.2010914,6.4689202],[3.2011209,6.4689251],[3.2011486,6.468759],[3.2011259,6.4687553],[3.2011421,6.4686582],[3.2013975,6.4687003],[3.201381,6.4687993]],[[3.2012456,6.4689281],[3.2011664,6.4689164],[3.2011641,6.4689322],[3.201288,6.4689505],[3.2013183,6.4687488],[3.2011982,6.468731],[3.2011955,6.4687486],[3.2012708,6.4687597],[3.2012456,6.4689281]]]},"properties":{"id":"overture:c108350c-e062-493d-a1ba-da20016bc5d3","kind":"building","status":"awaiting-evidence","release":"2026-08-19.0","reason":"Overlapping building; compare alternate footprint","matches":["arcgis:University_Property:31"]}},{"type":"Feature","id":"overture:1866c90d-3b3e-43e1-8303-038454032051","geometry":{"type":"Polygon","coordinates":[[[3.2009326,6.4691384],[3.2009456,6.4690132],[3.2012057,6.4690398],[3.2011927,6.4691651],[3.2009326,6.4691384]]]},"properties":{"id":"overture:1866c90d-3b3e-43e1-8303-038454032051","kind":"building","status":"awaiting-evidence","release":"2026-08-19.0","reason":"Overlapping building; compare alternate footprint","matches":["osm:way:1267330363"]}},{"type":"Feature","id":"overture:57f48d76-527b-4d2e-9280-57a9c274f118","geometry":{"type":"Polygon","coordinates":[[[3.2013599,6.469238],[3.2012057,6.4692411],[3.201203,6.4691078],[3.2013572,6.4691047],[3.2013599,6.469238]]]},"properties":{"id":"overture:57f48d76-527b-4d2e-9280-57a9c274f118","kind":"building","status":"awaiting-evidence","release":"2026-08-19.0","reason":"Overlapping building; compare alternate footprint","matches":["arcgis:University_Property:91"]}},{"type":"Feature","id":"overture:e9c75ce8-314a-4549-b3e9-88a2402741e0","geometry":{"type":"Polygon","coordinates":[[[3.2014195,6.4693111],[3.2014677,6.4693076],[3.201478,6.4694486],[3.2014298,6.4694521],[3.2014195,6.4693111]]]},"properties":{"id":"overture:e9c75ce8-314a-4549-b3e9-88a2402741e0","kind":"building","status":"awaiting-evidence","release":"2026-08-19.0","reason":"Overlapping building; compare alternate footprint","matches":["arcgis:University_Property:92"]}},{"type":"Feature","id":"overture:c6513c7a-785d-4ec5-a17e-a5995752932d","geometry":{"type":"Polygon","coordinates":[[[3.1992766,6.4694289],[3.199186,6.4693923],[3.1991984,6.4693622],[3.1992889,6.4693988],[3.1992766,6.4694289]]]},"properties":{"id":"overture:c6513c7a-785d-4ec5-a17e-a5995752932d","kind":"building","status":"awaiting-evidence","release":"2026-08-19.0","reason":"Overlapping building; compare alternate footprint","matches":["osm:way:1267565503"]}},{"type":"Feature","id":"overture:53e3f01e-232d-4e44-abed-86be539c8ccc","geometry":{"type":"Polygon","coordinates":[[[3.1985958,6.4693512],[3.19861,6.4693057],[3.1987005,6.4693337],[3.1986863,6.4693792],[3.1985958,6.4693512]]]},"properties":{"id":"overture:53e3f01e-232d-4e44-abed-86be539c8ccc","kind":"building","status":"awaiting-evidence","release":"2026-08-19.0","reason":"Overlapping building; compare alternate footprint","matches":["arcgis:University_Property:89"]}},{"type":"Feature","id":"overture:fdd544e0-4472-4e1d-9e7c-57425d097029","geometry":{"type":"Polygon","coordinates":[[[3.1988675,6.4694063],[3.1987535,6.469367],[3.1987793,6.4692932],[3.1988933,6.4693325],[3.1988675,6.4694063]]]},"properties":{"id":"overture:fdd544e0-4472-4e1d-9e7c-57425d097029","kind":"building","status":"awaiting-evidence","release":"2026-08-19.0","reason":"Overlapping building; compare alternate footprint","matches":["arcgis:University_Property:89"]}},{"type":"Feature","id":"overture:9928ea33-8a3c-4eb4-980d-ee34704f3f39","geometry":{"type":"Polygon","coordinates":[[[3.1989237,6.4693206],[3.1988662,6.469297],[3.1988917,6.4692357],[3.1989491,6.4692593],[3.1989237,6.4693206]]]},"properties":{"id":"overture:9928ea33-8a3c-4eb4-980d-ee34704f3f39","kind":"building","status":"awaiting-evidence","release":"2026-08-19.0","reason":"Overlapping building; compare alternate footprint","matches":["arcgis:University_Property:89"]}},{"type":"Feature","id":"overture:9156fd0c-7596-4840-9718-fc65e95371bd","geometry":{"type":"Polygon","coordinates":[[[3.1986328,6.4692244],[3.1987515,6.4692637],[3.1987321,6.4693215],[3.1986134,6.4692822],[3.1986328,6.4692244]]]},"properties":{"id":"overture:9156fd0c-7596-4840-9718-fc65e95371bd","kind":"building","status":"awaiting-evidence","release":"2026-08-19.0","reason":"Overlapping building; compare alternate footprint","matches":["arcgis:University_Property:89"]}},{"type":"Feature","id":"overture:ebe08951-1b61-42bd-b888-eb174269a50b","geometry":{"type":"Polygon","coordinates":[[[3.198084,6.469392],[3.198028,6.4693913],[3.1980285,6.4693475],[3.1980845,6.4693481],[3.198084,6.469392]]]},"properties":{"id":"overture:ebe08951-1b61-42bd-b888-eb174269a50b","kind":"building","status":"awaiting-evidence","release":"2026-08-19.0","reason":"Overlapping building; compare alternate footprint","matches":["osm:way:1267565509"]}},{"type":"Feature","id":"overture:97577c9e-8d1c-4b32-b453-f6ecb9e17c63","geometry":{"type":"Polygon","coordinates":[[[3.1979794,6.4692674],[3.1979794,6.4691428],[3.1980417,6.4691428],[3.1980417,6.4691941],[3.1981041,6.4691941],[3.1981041,6.4691448],[3.1982053,6.4691448],[3.1982053,6.469258],[3.1982496,6.469258],[3.1982496,6.4693846],[3.198143,6.4693846],[3.198143,6.4693227],[3.1981282,6.4693227],[3.1981282,6.4692727],[3.1981027,6.4692727],[3.1981027,6.469342],[3.1980806,6.469342],[3.1980806,6.469322],[3.198023,6.469322],[3.198023,6.4692674],[3.1979794,6.4692674]]]},"properties":{"id":"overture:97577c9e-8d1c-4b32-b453-f6ecb9e17c63","kind":"building","status":"awaiting-evidence","release":"2026-08-19.0","reason":"Overlapping building; compare alternate footprint","matches":["arcgis:University_Property:58"]}},{"type":"Feature","id":"overture:6df83a9a-3e53-45dd-a67b-bee7f8a6b8d0","geometry":{"type":"Polygon","coordinates":[[[3.1985342,6.4691698],[3.1985423,6.4690545],[3.1986394,6.4690612],[3.1986313,6.4691765],[3.1985342,6.4691698]]]},"properties":{"id":"overture:6df83a9a-3e53-45dd-a67b-bee7f8a6b8d0","kind":"building","status":"awaiting-evidence","release":"2026-08-19.0","reason":"Overlapping building; compare alternate footprint","matches":["arcgis:University_Property:89"]}},{"type":"Feature","id":"overture:28250e3b-d3c0-4ae4-8438-90c14e53a682","geometry":{"type":"Polygon","coordinates":[[[3.1989835,6.4691511],[3.1989426,6.4692424],[3.198861,6.4692063],[3.1989019,6.469115],[3.1989835,6.4691511]]]},"properties":{"id":"overture:28250e3b-d3c0-4ae4-8438-90c14e53a682","kind":"building","status":"awaiting-evidence","release":"2026-08-19.0","reason":"Overlapping building; compare alternate footprint","matches":["arcgis:University_Property:89"]}},{"type":"Feature","id":"overture:7e2f6d66-195b-4ec0-b519-fcfa86c879a6","geometry":{"type":"Polygon","coordinates":[[[3.1985489,6.4689682],[3.198551,6.4689432],[3.1986073,6.4689479],[3.1986052,6.4689729],[3.1985489,6.4689682]]]},"properties":{"id":"overture:7e2f6d66-195b-4ec0-b519-fcfa86c879a6","kind":"building","status":"awaiting-evidence","release":"2026-08-19.0","reason":"Overlapping building; compare alternate footprint","matches":["arcgis:University_Property:89"]}},{"type":"Feature","id":"overture:d331f99e-a356-4984-b089-e82112d5323e","geometry":{"type":"Polygon","coordinates":[[[3.198661,6.4689372],[3.1985101,6.4689159],[3.1985174,6.4688652],[3.1986682,6.4688866],[3.198661,6.4689372]]]},"properties":{"id":"overture:d331f99e-a356-4984-b089-e82112d5323e","kind":"building","status":"awaiting-evidence","release":"2026-08-19.0","reason":"Overlapping building; compare alternate footprint","matches":["arcgis:University_Property:89"]}},{"type":"Feature","id":"overture:f121fea5-1a40-4514-b020-60d9e72079e8","geometry":{"type":"Polygon","coordinates":[[[3.198661,6.4690525],[3.1985309,6.4690385],[3.1985374,6.4689786],[3.1986675,6.4689926],[3.198661,6.4690525]]]},"properties":{"id":"overture:f121fea5-1a40-4514-b020-60d9e72079e8","kind":"building","status":"awaiting-evidence","release":"2026-08-19.0","reason":"Overlapping building; compare alternate footprint","matches":["arcgis:University_Property:89"]}},{"type":"Feature","id":"overture:8b7fb28c-dd49-4c62-9ddc-47482ab8a33d","geometry":{"type":"Polygon","coordinates":[[[3.1980877,6.4689379],[3.198024,6.4689399],[3.1980227,6.4689013],[3.1980864,6.4688993],[3.1980877,6.4689379]]]},"properties":{"id":"overture:8b7fb28c-dd49-4c62-9ddc-47482ab8a33d","kind":"building","status":"awaiting-evidence","release":"2026-08-19.0","reason":"Overlapping building; compare alternate footprint","matches":["osm:way:1267565510"]}},{"type":"Feature","id":"overture:35d4a92c-7c21-4055-9e8b-e2d931931ad1","geometry":{"type":"Polygon","coordinates":[[[3.1979767,6.468817],[3.1979767,6.4686924],[3.198039,6.4686924],[3.198039,6.4687437],[3.1981014,6.4687437],[3.1981014,6.4686944],[3.1982027,6.4686944],[3.1982027,6.4688076],[3.1982469,6.4688076],[3.1982469,6.4689342],[3.1981403,6.4689342],[3.1981403,6.4688723],[3.1981255,6.4688723],[3.1981255,6.4688223],[3.1981001,6.4688223],[3.1981001,6.4688916],[3.1980779,6.4688916],[3.1980779,6.4688716],[3.1980203,6.4688716],[3.1980203,6.468817],[3.1979767,6.468817]]]},"properties":{"id":"overture:35d4a92c-7c21-4055-9e8b-e2d931931ad1","kind":"building","status":"awaiting-evidence","release":"2026-08-19.0","reason":"Overlapping building; compare alternate footprint","matches":["arcgis:University_Property:57"]}},{"type":"Feature","id":"overture:c9cd0247-1bcb-4a93-9faa-ecfaecb8b75f","geometry":{"type":"Polygon","coordinates":[[[3.1985631,6.4687267],[3.198549,6.468812],[3.1984824,6.4688011],[3.1984965,6.4687158],[3.1985631,6.4687267]]]},"properties":{"id":"overture:c9cd0247-1bcb-4a93-9faa-ecfaecb8b75f","kind":"building","status":"awaiting-evidence","release":"2026-08-19.0","reason":"Overlapping building; compare alternate footprint","matches":["arcgis:University_Property:89"]}},{"type":"Feature","id":"overture:1e7c756b-d9c0-4e8c-a038-2b31221dad58","geometry":{"type":"Polygon","coordinates":[[[3.1986737,6.4688747],[3.198555,6.4688573],[3.1985745,6.4687267],[3.1986932,6.4687441],[3.1986737,6.4688747]]]},"properties":{"id":"overture:1e7c756b-d9c0-4e8c-a038-2b31221dad58","kind":"building","status":"awaiting-evidence","release":"2026-08-19.0","reason":"Overlapping building; compare alternate footprint","matches":["arcgis:University_Property:89"]}},{"type":"Feature","id":"overture:9afa9dd1-a324-4773-a65f-e6f2fba9ffc7","geometry":{"type":"Polygon","coordinates":[[[3.1998692,6.4688166],[3.1997872,6.4687761],[3.1998975,6.4685558],[3.1999796,6.4685964],[3.1999951,6.4685655],[3.2001199,6.4686271],[3.2000619,6.4687429],[3.199942,6.4686837],[3.199917,6.4687337],[3.1999984,6.4687739],[3.2000142,6.4687423],[3.2001235,6.4687963],[3.2000546,6.468934],[3.1999523,6.4688834],[3.1999691,6.4688497],[3.1998758,6.4688035],[3.1998692,6.4688166]]]},"properties":{"id":"overture:9afa9dd1-a324-4773-a65f-e6f2fba9ffc7","kind":"building","status":"awaiting-evidence","release":"2026-08-19.0","reason":"Overlapping building; compare alternate footprint","matches":["arcgis:University_Property:41"]}},{"type":"Feature","id":"overture:f7445a94-db58-44ff-b51c-cd089207820c","geometry":{"type":"Polygon","coordinates":[[[3.2004225,6.4688313],[3.2001465,6.4687012],[3.2001565,6.4686801],[3.2001189,6.4686624],[3.2002065,6.4684788],[3.2005201,6.4686266],[3.2004225,6.4688313]]]},"properties":{"id":"overture:f7445a94-db58-44ff-b51c-cd089207820c","kind":"building","status":"awaiting-evidence","release":"2026-08-19.0","reason":"Overlapping building; compare alternate footprint","matches":["arcgis:University_Property:75"]}},{"type":"Feature","id":"overture:f5e0b336-2875-4762-8258-288a13d3a6ae","geometry":{"type":"Polygon","coordinates":[[[3.1990293,6.4686135],[3.1990582,6.4686347],[3.1990358,6.4686652],[3.1990069,6.4686441],[3.1990293,6.4686135]]]},"properties":{"id":"overture:f5e0b336-2875-4762-8258-288a13d3a6ae","kind":"building","status":"awaiting-evidence","release":"2026-08-19.0","reason":"Overlapping building; compare alternate footprint","matches":["arcgis:University_Property:89"]}},{"type":"Feature","id":"overture:14ba371a-7742-46d0-a0cf-847876ef5efb","geometry":{"type":"Polygon","coordinates":[[[3.199046,6.4685849],[3.1990792,6.4686003],[3.1990655,6.4686297],[3.1990323,6.4686143],[3.199046,6.4685849]]]},"properties":{"id":"overture:14ba371a-7742-46d0-a0cf-847876ef5efb","kind":"building","status":"awaiting-evidence","release":"2026-08-19.0","reason":"Overlapping building; compare alternate footprint","matches":["arcgis:University_Property:89"]}},{"type":"Feature","id":"overture:84c00259-d25b-4b8c-ab18-1a39e4d332b0","geometry":{"type":"Polygon","coordinates":[[[3.2000403,6.468135],[3.1999357,6.4680844],[3.1999867,6.4679804],[3.2000913,6.4680311],[3.2000403,6.468135]]]},"properties":{"id":"overture:84c00259-d25b-4b8c-ab18-1a39e4d332b0","kind":"building","status":"awaiting-evidence","release":"2026-08-19.0","reason":"Overlapping building; compare alternate footprint","matches":["arcgis:University_Property:42"]}},{"type":"Feature","id":"overture:aec9e807-d232-46ef-ba00-5351af952137","geometry":{"type":"Polygon","coordinates":[[[3.1991639,6.4681299],[3.1990953,6.4682458],[3.1993699,6.4684063],[3.1993335,6.4684676],[3.1989916,6.4682677],[3.1991004,6.4680838],[3.1991368,6.4681051],[3.1991754,6.4680399],[3.1994993,6.4682293],[3.1994567,6.4683011],[3.1991639,6.4681299]]]},"properties":{"id":"overture:aec9e807-d232-46ef-ba00-5351af952137","kind":"building","status":"awaiting-evidence","release":"2026-08-19.0","reason":"Overlapping building; compare alternate footprint","matches":["arcgis:University_Property:68","osm:way:591394159"]}},{"type":"Feature","id":"overture:9628c60e-1f74-430e-a32c-cd1152ea038e","geometry":{"type":"Polygon","coordinates":[[[3.198645,6.4684481],[3.1985262,6.4684162],[3.1985617,6.4682856],[3.198728,6.4683303],[3.1987164,6.468373],[3.198669,6.4683602],[3.198645,6.4684481]]]},"properties":{"id":"overture:9628c60e-1f74-430e-a32c-cd1152ea038e","kind":"building","status":"awaiting-evidence","release":"2026-08-19.0","reason":"Overlapping building; compare alternate footprint","matches":["arcgis:University_Property:89"]}},{"type":"Feature","id":"overture:9be6220b-9b53-4770-a9c6-0b6de192159e","geometry":{"type":"Polygon","coordinates":[[[3.1985247,6.4681484],[3.1985579,6.4681504],[3.1985531,6.4682268],[3.1985199,6.4682247],[3.1985247,6.4681484]]]},"properties":{"id":"overture:9be6220b-9b53-4770-a9c6-0b6de192159e","kind":"building","status":"awaiting-evidence","release":"2026-08-19.0","reason":"Overlapping building; compare alternate footprint","matches":["arcgis:University_Property:89"]}},{"type":"Feature","id":"overture:d4c4260d-bfa3-447f-973e-5a220067da64","geometry":{"type":"Polygon","coordinates":[[[3.1980246,6.4685467],[3.1980233,6.4684995],[3.1980736,6.4684981],[3.1980748,6.4685453],[3.1980246,6.4685467]]]},"properties":{"id":"overture:d4c4260d-bfa3-447f-973e-5a220067da64","kind":"building","status":"awaiting-evidence","release":"2026-08-19.0","reason":"Overlapping building; compare alternate footprint","matches":["osm:way:1267565511"]}},{"type":"Feature","id":"overture:da867e49-ee71-49f7-85fa-1929c897813b","geometry":{"type":"Polygon","coordinates":[[[3.1979797,6.4684222],[3.1979797,6.4682976],[3.1980421,6.4682976],[3.1980421,6.4683489],[3.1981044,6.4683489],[3.1981044,6.4682996],[3.1982057,6.4682996],[3.1982057,6.4684129],[3.1982499,6.4684129],[3.1982499,6.4685395],[3.1981433,6.4685395],[3.1981433,6.4684775],[3.1981286,6.4684775],[3.1981286,6.4684275],[3.1981031,6.4684275],[3.1981031,6.4684968],[3.198081,6.4684968],[3.198081,6.4684768],[3.1980233,6.4684768],[3.1980233,6.4684222],[3.1979797,6.4684222]]]},"properties":{"id":"overture:da867e49-ee71-49f7-85fa-1929c897813b","kind":"building","status":"awaiting-evidence","release":"2026-08-19.0","reason":"Overlapping building; compare alternate footprint","matches":["arcgis:University_Property:69"]}},{"type":"Feature","id":"overture:a9fe9a40-8c41-4bbf-a5af-ba0c09fbcdb8","geometry":{"type":"Polygon","coordinates":[[[3.1987488,6.4684735],[3.1986596,6.4684495],[3.1986768,6.4683867],[3.1987659,6.4684107],[3.1987488,6.4684735]]]},"properties":{"id":"overture:a9fe9a40-8c41-4bbf-a5af-ba0c09fbcdb8","kind":"building","status":"awaiting-evidence","release":"2026-08-19.0","reason":"Overlapping building; compare alternate footprint","matches":["arcgis:University_Property:89"]}},{"type":"Feature","id":"overture:35edeb80-9bd8-45ed-820c-2388106c737a","geometry":{"type":"Polygon","coordinates":[[[3.1987202,6.4686039],[3.1986288,6.4685814],[3.198657,6.4684682],[3.1987484,6.4684906],[3.1987202,6.4686039]]]},"properties":{"id":"overture:35edeb80-9bd8-45ed-820c-2388106c737a","kind":"building","status":"awaiting-evidence","release":"2026-08-19.0","reason":"Overlapping building; compare alternate footprint","matches":["arcgis:University_Property:89"]}},{"type":"Feature","id":"overture:73db47ee-fd8b-4759-8f60-54b376e3ac0a","geometry":{"type":"Polygon","coordinates":[[[3.1989196,6.4686015],[3.1989692,6.4686075],[3.1989629,6.4686593],[3.1989133,6.4686533],[3.1989196,6.4686015]]]},"properties":{"id":"overture:73db47ee-fd8b-4759-8f60-54b376e3ac0a","kind":"building","status":"awaiting-evidence","release":"2026-08-19.0","reason":"Overlapping building; compare alternate footprint","matches":["arcgis:University_Property:89"]}},{"type":"Feature","id":"overture:62e549bc-8bb4-493d-8512-5ff216174a23","geometry":{"type":"Polygon","coordinates":[[[3.1985891,6.4686391],[3.198602,6.4685834],[3.1987307,6.4686127],[3.1987179,6.4686684],[3.1985891,6.4686391]]]},"properties":{"id":"overture:62e549bc-8bb4-493d-8512-5ff216174a23","kind":"building","status":"awaiting-evidence","release":"2026-08-19.0","reason":"Overlapping building; compare alternate footprint","matches":["arcgis:University_Property:89"]}},{"type":"Feature","id":"overture:ba2daab7-f893-4a6c-b95d-c0621fcf9dec","geometry":{"type":"Polygon","coordinates":[[[3.1986697,6.4687247],[3.1985939,6.4687147],[3.1986012,6.4686603],[3.198677,6.4686703],[3.1986697,6.4687247]]]},"properties":{"id":"overture:ba2daab7-f893-4a6c-b95d-c0621fcf9dec","kind":"building","status":"awaiting-evidence","release":"2026-08-19.0","reason":"Overlapping building; compare alternate footprint","matches":["arcgis:University_Property:89"]}},{"type":"Feature","id":"overture:e96919c1-e419-4376-bd55-7655cc167641","geometry":{"type":"Polygon","coordinates":[[[3.1964039,6.4684715],[3.1964079,6.4685708],[3.1962955,6.4685753],[3.1962921,6.468492],[3.1963536,6.4684895],[3.1963529,6.4684735],[3.1964039,6.4684715]]]},"properties":{"id":"overture:e96919c1-e419-4376-bd55-7655cc167641","kind":"building","status":"awaiting-evidence","release":"2026-08-19.0","reason":"Overlapping building; compare alternate footprint","matches":["arcgis:University_Property:36"]}},{"type":"Feature","id":"overture:d816965e-8c88-4c83-bd52-7eb3823035d4","geometry":{"type":"Polygon","coordinates":[[[3.1959233,6.4685752],[3.195808,6.468581],[3.1958027,6.4684806],[3.195918,6.4684747],[3.1959233,6.4685752]]]},"properties":{"id":"overture:d816965e-8c88-4c83-bd52-7eb3823035d4","kind":"building","status":"awaiting-evidence","release":"2026-08-19.0","reason":"Overlapping building; compare alternate footprint","matches":["arcgis:University_Property:56","osm:way:1267158630"]}},{"type":"Feature","id":"overture:ec72cd8a-ad9c-4921-917d-0f11b79d5592","geometry":{"type":"Polygon","coordinates":[[[3.1960481,6.4684389],[3.1960499,6.4685487],[3.1959278,6.4685507],[3.1959313,6.4684436],[3.1960481,6.4684389]]]},"properties":{"id":"overture:ec72cd8a-ad9c-4921-917d-0f11b79d5592","kind":"building","status":"awaiting-evidence","release":"2026-08-19.0","reason":"Overlapping building; compare alternate footprint","matches":["arcgis:University_Property:56","osm:way:1267158631"]}},{"type":"Feature","id":"overture:c8c6b8b7-99a7-42d6-a360-27e682095a87","geometry":{"type":"Polygon","coordinates":[[[3.1959214,6.4683706],[3.1959221,6.4684465],[3.1958574,6.4684468],[3.1958555,6.4683735],[3.1959214,6.4683706]]]},"properties":{"id":"overture:c8c6b8b7-99a7-42d6-a360-27e682095a87","kind":"building","status":"awaiting-evidence","release":"2026-08-19.0","reason":"Overlapping building; compare alternate footprint","matches":["arcgis:University_Property:56"]}},{"type":"Feature","id":"overture:a7e6a721-1c9c-4b53-8e45-9f8ce319a9df","geometry":{"type":"Polygon","coordinates":[[[3.1963154,6.4684321],[3.1962762,6.4684315],[3.1962772,6.4683725],[3.1963165,6.4683732],[3.1963154,6.4684321]]]},"properties":{"id":"overture:a7e6a721-1c9c-4b53-8e45-9f8ce319a9df","kind":"building","status":"awaiting-evidence","release":"2026-08-19.0","reason":"Overlapping building; compare alternate footprint","matches":["arcgis:University_Property:36","osm:way:1267158624"]}},{"type":"Feature","id":"overture:bbba7a28-605a-449f-9c5b-6d5c09f00f8c","geometry":{"type":"Polygon","coordinates":[[[3.1964012,6.4683649],[3.1964025,6.4684361],[3.1963503,6.4684371],[3.1963489,6.4683658],[3.1964012,6.4683649]]]},"properties":{"id":"overture:bbba7a28-605a-449f-9c5b-6d5c09f00f8c","kind":"building","status":"awaiting-evidence","release":"2026-08-19.0","reason":"Overlapping building; compare alternate footprint","matches":["arcgis:University_Property:36"]}},{"type":"Feature","id":"overture:480d2575-bf7f-4f15-bb45-db5949836c44","geometry":{"type":"Polygon","coordinates":[[[3.1968397,6.4683622],[3.1968441,6.4684375],[3.1967892,6.4684406],[3.1967849,6.4683653],[3.1968397,6.4683622]]]},"properties":{"id":"overture:480d2575-bf7f-4f15-bb45-db5949836c44","kind":"building","status":"awaiting-evidence","release":"2026-08-19.0","reason":"Overlapping building; compare alternate footprint","matches":["arcgis:University_Property:71"]}},{"type":"Feature","id":"overture:29534866-f67a-4e25-ae57-7bfe2242f499","geometry":{"type":"Polygon","coordinates":[[[3.1965326,6.4685408],[3.1964159,6.4685361],[3.19642,6.4684357],[3.1965367,6.4684403],[3.1965326,6.4685408]]]},"properties":{"id":"overture:29534866-f67a-4e25-ae57-7bfe2242f499","kind":"building","status":"awaiting-evidence","release":"2026-08-19.0","reason":"Overlapping building; compare alternate footprint","matches":["arcgis:University_Property:36"]}},{"type":"Feature","id":"overture:2f617f44-3502-4a27-b771-666bc8ac63ca","geometry":{"type":"Polygon","coordinates":[[[3.1968646,6.4685674],[3.1967466,6.4685768],[3.1967385,6.4684763],[3.1968566,6.468467],[3.1968646,6.4685674]]]},"properties":{"id":"overture:2f617f44-3502-4a27-b771-666bc8ac63ca","kind":"building","status":"awaiting-evidence","release":"2026-08-19.0","reason":"Overlapping building; compare alternate footprint","matches":["arcgis:University_Property:71","osm:way:1267158623"]}},{"type":"Feature","id":"overture:4b024422-6ff7-4a23-bf48-656c8d7a6d17","geometry":{"type":"Polygon","coordinates":[[[3.1969826,6.4685434],[3.1968753,6.4685401],[3.1968783,6.4684424],[3.1969856,6.4684458],[3.1969826,6.4685434]]]},"properties":{"id":"overture:4b024422-6ff7-4a23-bf48-656c8d7a6d17","kind":"building","status":"awaiting-evidence","release":"2026-08-19.0","reason":"Overlapping building; compare alternate footprint","matches":["arcgis:University_Property:71","osm:way:1267158622"]}},{"type":"Feature","id":"overture:bd773470-1a3f-43c7-be61-a11371123a7a","geometry":{"type":"Polygon","coordinates":[[[3.1972937,6.4685748],[3.1971985,6.4685748],[3.1971985,6.4684708],[3.1973179,6.4684708],[3.1973179,6.4684395],[3.1972448,6.4684395],[3.1972448,6.4684229],[3.1971918,6.4684229],[3.1971918,6.4683576],[3.1973185,6.4683576],[3.1973185,6.4683209],[3.1974376,6.4683209],[3.1974376,6.4683829],[3.1973983,6.4683829],[3.1973983,6.4684012],[3.1973283,6.4684012],[3.1973283,6.4684195],[3.1973812,6.4684195],[3.1973812,6.4684382],[3.1974453,6.4684382],[3.1974453,6.4685395],[3.1973266,6.4685395],[3.1973266,6.4685581],[3.1972937,6.4685581],[3.1972937,6.4685748]]]},"properties":{"id":"overture:bd773470-1a3f-43c7-be61-a11371123a7a","kind":"building","status":"awaiting-evidence","release":"2026-08-19.0","reason":"Overlapping building; compare alternate footprint","matches":["arcgis:University_Property:23"]}},{"type":"Feature","id":"overture:e87c6661-c89c-45db-bbaf-afe2bd2c05e1","geometry":{"type":"Polygon","coordinates":[[[3.1969711,6.4683959],[3.1968561,6.4683945],[3.1968569,6.4683261],[3.1969719,6.4683274],[3.1969711,6.4683959]]]},"properties":{"id":"overture:e87c6661-c89c-45db-bbaf-afe2bd2c05e1","kind":"building","status":"awaiting-evidence","release":"2026-08-19.0","reason":"Overlapping building; compare alternate footprint","matches":["arcgis:University_Property:71"]}},{"type":"Feature","id":"overture:528fff5f-70cc-4911-914c-a885c80af532","geometry":{"type":"Polygon","coordinates":[[[3.1960049,6.4684062],[3.1959291,6.4684009],[3.1959271,6.4683351],[3.1960472,6.4683363],[3.1960485,6.4683908],[3.1960022,6.4683955],[3.1960049,6.4684062]]]},"properties":{"id":"overture:528fff5f-70cc-4911-914c-a885c80af532","kind":"building","status":"awaiting-evidence","release":"2026-08-19.0","reason":"Overlapping building; compare alternate footprint","matches":["arcgis:University_Property:56","osm:way:1267158629"]}},{"type":"Feature","id":"overture:7cabdb50-415f-4787-bb10-48842471077e","geometry":{"type":"Polygon","coordinates":[[[3.1972501,6.4707189],[3.1972562,6.4706722],[3.1972967,6.4706774],[3.1972907,6.470724],[3.1972501,6.4707189]]]},"properties":{"id":"overture:7cabdb50-415f-4787-bb10-48842471077e","kind":"building","status":"awaiting-evidence","release":"2026-08-19.0","reason":"Overlapping building; compare alternate footprint","matches":["osm:way:1267565528"]}},{"type":"Feature","id":"overture:d9752dd4-f4d7-4780-8b5c-451f85f06545","geometry":{"type":"Polygon","coordinates":[[[3.1979261,6.4701417],[3.1979278,6.470204],[3.1978964,6.4702048],[3.1978946,6.4701426],[3.1979261,6.4701417]]]},"properties":{"id":"overture:d9752dd4-f4d7-4780-8b5c-451f85f06545","kind":"building","status":"awaiting-evidence","release":"2026-08-19.0","reason":"Overlapping building; compare alternate footprint","matches":["arcgis:University_Property:90"]}},{"type":"Feature","id":"overture:02eee180-3ff0-41dc-9322-694c620e082a","geometry":{"type":"Polygon","coordinates":[[[3.1981214,6.470079],[3.1981725,6.4700845],[3.1981666,6.470139],[3.1981156,6.4701336],[3.1981214,6.470079]]]},"properties":{"id":"overture:02eee180-3ff0-41dc-9322-694c620e082a","kind":"building","status":"awaiting-evidence","release":"2026-08-19.0","reason":"Overlapping building; compare alternate footprint","matches":["arcgis:University_Property:90"]}},{"type":"Feature","id":"overture:1d9b2585-ea37-4af4-af8b-3110e9a56dc0","geometry":{"type":"Polygon","coordinates":[[[3.1984116,6.470157],[3.1983532,6.4701559],[3.1983545,6.4700879],[3.1983707,6.4700882],[3.1983712,6.4700611],[3.198394,6.4700616],[3.1983934,6.4700887],[3.198413,6.470089],[3.1984116,6.470157]]]},"properties":{"id":"overture:1d9b2585-ea37-4af4-af8b-3110e9a56dc0","kind":"building","status":"awaiting-evidence","release":"2026-08-19.0","reason":"Overlapping building; compare alternate footprint","matches":["arcgis:University_Property:90"]}},{"type":"Feature","id":"overture:75222c5f-b213-448b-b3f2-5adf2f0088e4","geometry":{"type":"Polygon","coordinates":[[[3.1979282,6.4704655],[3.1979732,6.4704678],[3.1979706,6.4705195],[3.1979256,6.4705172],[3.1979282,6.4704655]]]},"properties":{"id":"overture:75222c5f-b213-448b-b3f2-5adf2f0088e4","kind":"building","status":"awaiting-evidence","release":"2026-08-19.0","reason":"Overlapping building; compare alternate footprint","matches":["arcgis:University_Property:90"]}},{"type":"Feature","id":"overture:8a09e854-d261-4c7f-8224-574f883e856f","geometry":{"type":"Polygon","coordinates":[[[3.1988097,6.4705472],[3.1988954,6.4705502],[3.1989918,6.4705536],[3.1989886,6.4706441],[3.1988065,6.4706377],[3.1988097,6.4705472]]]},"properties":{"id":"overture:8a09e854-d261-4c7f-8224-574f883e856f","kind":"building","status":"awaiting-evidence","release":"2026-08-19.0","reason":"Overlapping building; compare alternate footprint","matches":["551a0524-2f0d-47b4-87b1-fcffb7e8359b"]}},{"type":"Feature","id":"overture:6f51fec8-1898-4858-be69-fdc0b10692e0","geometry":{"type":"Polygon","coordinates":[[[3.1999014,6.4705651],[3.1999062,6.470531],[3.1999733,6.4705403],[3.1999684,6.4705744],[3.1999014,6.4705651]]]},"properties":{"id":"overture:6f51fec8-1898-4858-be69-fdc0b10692e0","kind":"building","status":"awaiting-evidence","release":"2026-08-19.0","reason":"Overlapping building; compare alternate footprint","matches":["osm:way:1267330374"]}},{"type":"Feature","id":"overture:424b9328-fb61-4837-bc53-b92bc4be6571","geometry":{"type":"Polygon","coordinates":[[[3.2001585,6.470523],[3.2001677,6.4704297],[3.2003716,6.4704497],[3.2003623,6.470543],[3.2001585,6.470523]]]},"properties":{"id":"overture:424b9328-fb61-4837-bc53-b92bc4be6571","kind":"building","status":"awaiting-evidence","release":"2026-08-19.0","reason":"Overlapping building; compare alternate footprint","matches":["osm:way:1267330375"]}},{"type":"Feature","id":"overture:03002ba0-d3c1-4a9b-95bd-e2feefced5b6","geometry":{"type":"Polygon","coordinates":[[[3.2004789,6.4701912],[3.2004064,6.4701632],[3.2004255,6.4701144],[3.200498,6.4701424],[3.2004789,6.4701912]]]},"properties":{"id":"overture:03002ba0-d3c1-4a9b-95bd-e2feefced5b6","kind":"building","status":"awaiting-evidence","release":"2026-08-19.0","reason":"Overlapping building; compare alternate footprint","matches":["osm:way:1267330376"]}},{"type":"Feature","id":"overture:9091e4af-c922-46d9-a5e4-5505d2b61ee9","geometry":{"type":"Polygon","coordinates":[[[3.2007028,6.4700819],[3.2006948,6.4701499],[3.2006264,6.4701419],[3.2006345,6.4700739],[3.2007028,6.4700819]]]},"properties":{"id":"overture:9091e4af-c922-46d9-a5e4-5505d2b61ee9","kind":"building","status":"awaiting-evidence","release":"2026-08-19.0","reason":"Overlapping building; compare alternate footprint","matches":["osm:way:1273213938"]}},{"type":"Feature","id":"overture:fb28bd61-aab4-41f6-8f1e-f303bd6b350a","geometry":{"type":"Polygon","coordinates":[[[3.2006633,6.4700327],[3.2006223,6.4700219],[3.2006344,6.4699766],[3.2006754,6.4699874],[3.2006633,6.4700327]]]},"properties":{"id":"overture:fb28bd61-aab4-41f6-8f1e-f303bd6b350a","kind":"building","status":"awaiting-evidence","release":"2026-08-19.0","reason":"Overlapping building; compare alternate footprint","matches":["osm:way:1273213937"]}},{"type":"Feature","id":"overture:43bbe2b0-6fc2-49b2-b3e3-f4b1b7926f62","geometry":{"type":"Polygon","coordinates":[[[3.2001485,6.4700046],[3.2001758,6.4699207],[3.2005084,6.4700273],[3.2004811,6.4701112],[3.2001485,6.4700046]]]},"properties":{"id":"overture:43bbe2b0-6fc2-49b2-b3e3-f4b1b7926f62","kind":"building","status":"awaiting-evidence","release":"2026-08-19.0","reason":"Overlapping building; compare alternate footprint","matches":["arcgis:University_Property:86"]}},{"type":"Feature","id":"overture:20cc6821-9b75-4c5b-8783-8238c3adb6c6","geometry":{"type":"Polygon","coordinates":[[[3.200126,6.4699183],[3.2000028,6.469878],[3.2000403,6.4697648],[3.2001635,6.4698051],[3.200126,6.4699183]]]},"properties":{"id":"overture:20cc6821-9b75-4c5b-8783-8238c3adb6c6","kind":"building","status":"awaiting-evidence","release":"2026-08-19.0","reason":"Overlapping building; compare alternate footprint","matches":["arcgis:University_Property:86"]}},{"type":"Feature","id":"overture:d801cacf-5aa9-41c8-9ff7-65b2cd0da2b3","geometry":{"type":"Polygon","coordinates":[[[3.1980725,6.4700261],[3.1981265,6.4700319],[3.1981192,6.4700998],[3.1980652,6.470094],[3.1980725,6.4700261]]]},"properties":{"id":"overture:d801cacf-5aa9-41c8-9ff7-65b2cd0da2b3","kind":"building","status":"awaiting-evidence","release":"2026-08-19.0","reason":"Overlapping building; compare alternate footprint","matches":["arcgis:University_Property:90"]}},{"type":"Feature","id":"overture:813b4c43-a389-4351-bd4b-919e3797faa7","geometry":{"type":"Polygon","coordinates":[[[3.1980774,6.469981],[3.1981313,6.4699867],[3.1981265,6.4700319],[3.1980725,6.4700261],[3.1980774,6.469981]]]},"properties":{"id":"overture:813b4c43-a389-4351-bd4b-919e3797faa7","kind":"building","status":"awaiting-evidence","release":"2026-08-19.0","reason":"Overlapping building; compare alternate footprint","matches":["arcgis:University_Property:90"]}},{"type":"Feature","id":"overture:a03454dc-395e-4505-928f-e18e7fb5f7d1","geometry":{"type":"Polygon","coordinates":[[[3.1972688,6.4700617],[3.1972676,6.46993],[3.1975633,6.4699273],[3.1975647,6.4700806],[3.197477,6.4700814],[3.1974768,6.4700599],[3.1972688,6.4700617]]]},"properties":{"id":"overture:a03454dc-395e-4505-928f-e18e7fb5f7d1","kind":"building","status":"awaiting-evidence","release":"2026-08-19.0","reason":"Overlapping building; compare alternate footprint","matches":["osm:way:1267565519"]}},{"type":"Feature","id":"overture:17b0d599-204c-4a44-be2c-8c5ecf250c0f","geometry":{"type":"Polygon","coordinates":[[[3.1981676,6.4699734],[3.1980937,6.4699705],[3.1980976,6.469871],[3.1981715,6.4698739],[3.1981676,6.4699734]]]},"properties":{"id":"overture:17b0d599-204c-4a44-be2c-8c5ecf250c0f","kind":"building","status":"awaiting-evidence","release":"2026-08-19.0","reason":"Overlapping building; compare alternate footprint","matches":["arcgis:University_Property:90"]}},{"type":"Feature","id":"overture:4f88659a-0856-442d-8618-d04581e8e1a9","geometry":{"type":"Polygon","coordinates":[[[3.1987642,6.4697488],[3.1988152,6.4695649],[3.198915,6.4695922],[3.198864,6.4697761],[3.1987642,6.4697488]]]},"properties":{"id":"overture:4f88659a-0856-442d-8618-d04581e8e1a9","kind":"building","status":"awaiting-evidence","release":"2026-08-19.0","reason":"Overlapping building; compare alternate footprint","matches":["osm:way:1267565507"]}},{"type":"Feature","id":"overture:2e3fb264-78c1-4525-a2a6-61d400525c59","geometry":{"type":"Polygon","coordinates":[[[3.1986845,6.4697301],[3.198726,6.4695755],[3.1987935,6.4695935],[3.198752,6.469748],[3.1986845,6.4697301]]]},"properties":{"id":"overture:2e3fb264-78c1-4525-a2a6-61d400525c59","kind":"building","status":"awaiting-evidence","release":"2026-08-19.0","reason":"Overlapping building; compare alternate footprint","matches":["osm:way:1267565506"]}},{"type":"Feature","id":"overture:acc9cc23-47f3-4b7f-9351-b6605ca350cd","geometry":{"type":"Polygon","coordinates":[[[3.1990373,6.4695551],[3.1988829,6.4694936],[3.1989386,6.4693557],[3.199093,6.4694172],[3.1990373,6.4695551]]]},"properties":{"id":"overture:acc9cc23-47f3-4b7f-9351-b6605ca350cd","kind":"building","status":"awaiting-evidence","release":"2026-08-19.0","reason":"Overlapping building; compare alternate footprint","matches":["arcgis:University_Property:88"]}},{"type":"Feature","id":"overture:ad2924ff-b65c-450e-9e56-4d262a97a2da","geometry":{"type":"Polygon","coordinates":[[[3.1988061,6.4693906],[3.1988498,6.4694023],[3.1988415,6.4694333],[3.1987978,6.4694216],[3.1988061,6.4693906]]]},"properties":{"id":"overture:ad2924ff-b65c-450e-9e56-4d262a97a2da","kind":"building","status":"awaiting-evidence","release":"2026-08-19.0","reason":"Overlapping building; compare alternate footprint","matches":["arcgis:University_Property:89"]}},{"type":"Feature","id":"overture:a51f458f-af0f-4680-ad30-1e4a89223cf7","geometry":{"type":"Polygon","coordinates":[[[3.1993033,6.4693888],[3.1993443,6.469405],[3.1993275,6.4694469],[3.1992865,6.4694308],[3.1993033,6.4693888]]]},"properties":{"id":"overture:a51f458f-af0f-4680-ad30-1e4a89223cf7","kind":"building","status":"awaiting-evidence","release":"2026-08-19.0","reason":"Overlapping building; compare alternate footprint","matches":["osm:way:1267565502"]}},{"type":"Feature","id":"overture:b311db57-be0b-4791-8e36-0762b5e2bbb6","geometry":{"type":"Polygon","coordinates":[[[3.199182,6.469599],[3.1990499,6.4695482],[3.1990982,6.4694243],[3.1992303,6.4694751],[3.199182,6.469599]]]},"properties":{"id":"overture:b311db57-be0b-4791-8e36-0762b5e2bbb6","kind":"building","status":"awaiting-evidence","release":"2026-08-19.0","reason":"Overlapping building; compare alternate footprint","matches":["arcgis:University_Property:88"]}},{"type":"Feature","id":"overture:0abf9c41-bccb-40d6-b620-50ab825c7dac","geometry":{"type":"Polygon","coordinates":[[[3.1996707,6.4696352],[3.1998816,6.4696951],[3.1998512,6.4698023],[3.1996403,6.4697424],[3.1996707,6.4696352]]]},"properties":{"id":"overture:0abf9c41-bccb-40d6-b620-50ab825c7dac","kind":"building","status":"awaiting-evidence","release":"2026-08-19.0","reason":"Overlapping building; compare alternate footprint","matches":["arcgis:University_Property:87"]}},{"type":"Feature","id":"overture:ea5dd871-239a-4b52-884f-d5591a324396","geometry":{"type":"Polygon","coordinates":[[[3.2000872,6.4695316],[3.2001657,6.4696035],[3.2001453,6.4696255],[3.2000668,6.4695536],[3.2000872,6.4695316]]]},"properties":{"id":"overture:ea5dd871-239a-4b52-884f-d5591a324396","kind":"building","status":"awaiting-evidence","release":"2026-08-19.0","reason":"Overlapping building; compare alternate footprint","matches":["osm:way:1273213942"]}},{"type":"Feature","id":"overture:7dd3e5db-da15-45fe-ae5f-0e444f9363ed","geometry":{"type":"Polygon","coordinates":[[[3.2014666,6.4695082],[3.2014686,6.4695635],[3.2013854,6.4695665],[3.2013834,6.4695112],[3.2014666,6.4695082]]]},"properties":{"id":"overture:7dd3e5db-da15-45fe-ae5f-0e444f9363ed","kind":"building","status":"awaiting-evidence","release":"2026-08-19.0","reason":"Overlapping building; compare alternate footprint","matches":["osm:way:1273213939"]}},{"type":"Feature","id":"overture:a742816a-9166-47a1-8fd7-98da0b0f6f35","geometry":{"type":"Polygon","coordinates":[[[3.2014015,6.4696222],[3.2013975,6.4697274],[3.2013475,6.4697256],[3.2013515,6.4696203],[3.2014015,6.4696222]]]},"properties":{"id":"overture:a742816a-9166-47a1-8fd7-98da0b0f6f35","kind":"building","status":"awaiting-evidence","release":"2026-08-19.0","reason":"Overlapping building; compare alternate footprint","matches":["osm:way:1267330369"]}},{"type":"Feature","id":"overture:8b7dfae8-95e6-4a90-9fe8-f94fe12555e6","geometry":{"type":"Polygon","coordinates":[[[3.2013314,6.4697799],[3.2012098,6.4697701],[3.2012285,6.4695409],[3.2013502,6.4695507],[3.2013314,6.4697799]]]},"properties":{"id":"overture:8b7dfae8-95e6-4a90-9fe8-f94fe12555e6","kind":"building","status":"awaiting-evidence","release":"2026-08-19.0","reason":"Overlapping building; compare alternate footprint","matches":["osm:way:1267330370"]}},{"type":"Feature","id":"overture:4a25be2d-a2d2-4bed-93e2-63a52aae2f25","geometry":{"type":"Polygon","coordinates":[[[3.2011398,6.4698389],[3.2010998,6.4698227],[3.2011306,6.4697474],[3.2011707,6.4697636],[3.2011398,6.4698389]]]},"properties":{"id":"overture:4a25be2d-a2d2-4bed-93e2-63a52aae2f25","kind":"building","status":"awaiting-evidence","release":"2026-08-19.0","reason":"Overlapping building; compare alternate footprint","matches":["osm:way:1267330368"]}},{"type":"Feature","id":"overture:7f82c197-394f-4070-8e84-841aeaa44a50","geometry":{"type":"Polygon","coordinates":[[[3.2014685,6.4697791],[3.2015312,6.4697808],[3.2015302,6.4698191],[3.2014674,6.4698174],[3.2014685,6.4697791]]]},"properties":{"id":"overture:7f82c197-394f-4070-8e84-841aeaa44a50","kind":"building","status":"awaiting-evidence","release":"2026-08-19.0","reason":"Overlapping building; compare alternate footprint","matches":["arcgis:University_Property:92"]}},{"type":"Feature","id":"overture:b54780bd-7275-43da-b322-ef947b16f93b","geometry":{"type":"Polygon","coordinates":[[[3.201195,6.4698661],[3.201199,6.4697994],[3.2014123,6.4698121],[3.2014082,6.4698787],[3.201195,6.4698661]]]},"properties":{"id":"overture:b54780bd-7275-43da-b322-ef947b16f93b","kind":"building","status":"awaiting-evidence","release":"2026-08-19.0","reason":"Overlapping building; compare alternate footprint","matches":["osm:way:1267330367"]}},{"type":"Feature","id":"overture:4732ccd6-04ae-4650-a93b-4db62503130b","geometry":{"type":"Polygon","coordinates":[[[3.2014643,6.4698207],[3.2015305,6.4698239],[3.201528,6.4698739],[3.2014618,6.4698707],[3.2014643,6.4698207]]]},"properties":{"id":"overture:4732ccd6-04ae-4650-a93b-4db62503130b","kind":"building","status":"awaiting-evidence","release":"2026-08-19.0","reason":"Overlapping building; compare alternate footprint","matches":["arcgis:University_Property:92"]}},{"type":"Feature","id":"overture:4873bd97-2a02-404b-9ee5-a9b477452e86","geometry":{"type":"Polygon","coordinates":[[[3.2015328,6.4698747],[3.2015343,6.4698998],[3.2014651,6.4699039],[3.2014637,6.4698788],[3.2015328,6.4698747]]]},"properties":{"id":"overture:4873bd97-2a02-404b-9ee5-a9b477452e86","kind":"building","status":"awaiting-evidence","release":"2026-08-19.0","reason":"Overlapping building; compare alternate footprint","matches":["arcgis:University_Property:92"]}},{"type":"Feature","id":"overture:dc2cad6f-2f19-4871-8679-f5a03688f3fb","geometry":{"type":"Polygon","coordinates":[[[3.2011622,6.4699262],[3.2011628,6.4698754],[3.2012674,6.4698767],[3.2012668,6.4699276],[3.2011622,6.4699262]]]},"properties":{"id":"overture:dc2cad6f-2f19-4871-8679-f5a03688f3fb","kind":"building","status":"awaiting-evidence","release":"2026-08-19.0","reason":"Overlapping building; compare alternate footprint","matches":["osm:way:1267330372"]}},{"type":"Feature","id":"overture:601861de-c22d-42f8-aece-e417aeff14a1","geometry":{"type":"Polygon","coordinates":[[[3.2013935,6.4700546],[3.2012996,6.4700486],[3.201305,6.469966],[3.2013989,6.469972],[3.2013935,6.4700546]]]},"properties":{"id":"overture:601861de-c22d-42f8-aece-e417aeff14a1","kind":"building","status":"awaiting-evidence","release":"2026-08-19.0","reason":"Overlapping building; compare alternate footprint","matches":["osm:way:1267330365"]}},{"type":"Feature","id":"overture:ba83927d-a5a2-4f85-b4f2-189b710f1b29","geometry":{"type":"Polygon","coordinates":[[[3.2015361,6.4699299],[3.2015419,6.470028],[3.2014727,6.470032],[3.2014669,6.469934],[3.2015361,6.4699299]]]},"properties":{"id":"overture:ba83927d-a5a2-4f85-b4f2-189b710f1b29","kind":"building","status":"awaiting-evidence","release":"2026-08-19.0","reason":"Overlapping building; compare alternate footprint","matches":["arcgis:University_Property:92"]}},{"type":"Feature","id":"overture:236bb64d-4bbe-4c9c-9d86-1716b4a074c6","geometry":{"type":"Polygon","coordinates":[[[3.2011628,6.4700248],[3.2011695,6.4699446],[3.2012822,6.469954],[3.2012754,6.4700341],[3.2011628,6.4700248]]]},"properties":{"id":"overture:236bb64d-4bbe-4c9c-9d86-1716b4a074c6","kind":"building","status":"awaiting-evidence","release":"2026-08-19.0","reason":"Overlapping building; compare alternate footprint","matches":["osm:way:1267330371"]}},{"type":"Feature","id":"overture:aaaf7dcb-d9c9-448d-b210-6d6164ce57ee","geometry":{"type":"Polygon","coordinates":[[[3.2012869,6.4699446],[3.2012909,6.4698953],[3.2014002,6.469904],[3.2013962,6.4699533],[3.2012869,6.4699446]]]},"properties":{"id":"overture:aaaf7dcb-d9c9-448d-b210-6d6164ce57ee","kind":"building","status":"awaiting-evidence","release":"2026-08-19.0","reason":"Overlapping building; compare alternate footprint","matches":["osm:way:1267330366"]}},{"type":"Feature","id":"overture:0ea7164e-afa9-4f17-820e-928da00aef81","geometry":{"type":"Polygon","coordinates":[[[3.2016231,6.4698021],[3.2018251,6.4697894],[3.2018285,6.4698425],[3.2018899,6.4698386],[3.2018902,6.4698427],[3.2019436,6.4698393],[3.201947,6.4698924],[3.2016302,6.4699123],[3.2016231,6.4698021]]]},"properties":{"id":"overture:0ea7164e-afa9-4f17-820e-928da00aef81","kind":"building","status":"awaiting-evidence","release":"2026-08-19.0","reason":"Overlapping building; compare alternate footprint","matches":["arcgis:University_Property:92"]}},{"type":"Feature","id":"overture:8859d557-1178-4b29-a261-d3b0deeece6f","geometry":{"type":"Polygon","coordinates":[[[3.2025871,6.4698979],[3.2025805,6.4698279],[3.2028676,6.469801],[3.202874,6.4698684],[3.2030479,6.4698522],[3.2030421,6.4697914],[3.2031979,6.4697768],[3.2032028,6.4698283],[3.2032666,6.4698223],[3.2032735,6.469895],[3.2027667,6.4699424],[3.202761,6.4698816],[3.2025871,6.4698979]]]},"properties":{"id":"overture:8859d557-1178-4b29-a261-d3b0deeece6f","kind":"building","status":"awaiting-evidence","release":"2026-08-19.0","reason":"Overlapping building; compare alternate footprint","matches":["arcgis:University_Property:92"]}},{"type":"Feature","id":"overture:aea9db79-7cfe-45b7-b0fb-356c59128223","geometry":{"type":"Polygon","coordinates":[[[3.2034202,6.469578],[3.2029537,6.4696213],[3.2029483,6.4695633],[3.2034149,6.46952],[3.2034202,6.469578]]]},"properties":{"id":"overture:aea9db79-7cfe-45b7-b0fb-356c59128223","kind":"building","status":"awaiting-evidence","release":"2026-08-19.0","reason":"Overlapping building; compare alternate footprint","matches":["arcgis:University_Property:92"]}},{"type":"Feature","id":"overture:4e071047-270c-467c-ac57-ab87726b703e","geometry":{"type":"Polygon","coordinates":[[[3.2026276,6.4708291],[3.2025549,6.4708321],[3.2025468,6.4706429],[3.2026196,6.4706399],[3.2026276,6.4708291]]]},"properties":{"id":"overture:4e071047-270c-467c-ac57-ab87726b703e","kind":"building","status":"awaiting-evidence","release":"2026-08-19.0","reason":"Overlapping building; compare alternate footprint","matches":["arcgis:University_Property:122"]}},{"type":"Feature","id":"overture:c7de4445-60bc-4158-8481-1b993b76b997","geometry":{"type":"Polygon","coordinates":[[[3.2025439,6.4705174],[3.2025892,6.4705174],[3.2025892,6.4705618],[3.202544,6.4705618],[3.2025439,6.4705174]]]},"properties":{"id":"overture:c7de4445-60bc-4158-8481-1b993b76b997","kind":"building","status":"awaiting-evidence","release":"2026-08-19.0","reason":"Overlapping building; compare alternate footprint","matches":["arcgis:University_Property:122"]}},{"type":"Feature","id":"overture:9ac1c2b8-998b-440a-911c-d9f7d6815ac1","geometry":{"type":"Polygon","coordinates":[[[3.2037706,6.4705187],[3.2037132,6.4704953],[3.2037523,6.4704007],[3.2038097,6.4704241],[3.2037706,6.4705187]]]},"properties":{"id":"overture:9ac1c2b8-998b-440a-911c-d9f7d6815ac1","kind":"building","status":"awaiting-evidence","release":"2026-08-19.0","reason":"Crosses campus boundary"}},{"type":"Feature","id":"overture:6ef17bf6-f3dc-44ae-8be5-ce700d7a4dde","geometry":{"type":"Polygon","coordinates":[[[3.2019608,6.4705725],[3.2019822,6.4707754],[3.2019545,6.4707783],[3.2019518,6.4707533],[3.201909,6.4707578],[3.2019116,6.4707829],[3.2018335,6.4707911],[3.2018122,6.4705882],[3.2019608,6.4705725]]]},"properties":{"id":"overture:6ef17bf6-f3dc-44ae-8be5-ce700d7a4dde","kind":"building","status":"awaiting-evidence","release":"2026-08-19.0","reason":"Overlapping building; compare alternate footprint","matches":["arcgis:University_Property:122"]}},{"type":"Feature","id":"overture:3873d426-c530-4e5d-8556-490a43e64fd7","geometry":{"type":"Polygon","coordinates":[[[3.2023458,6.470573],[3.2023487,6.4706243],[3.2023021,6.4706268],[3.2022992,6.4705756],[3.2023458,6.470573]]]},"properties":{"id":"overture:3873d426-c530-4e5d-8556-490a43e64fd7","kind":"building","status":"awaiting-evidence","release":"2026-08-19.0","reason":"Overlapping building; compare alternate footprint","matches":["arcgis:University_Property:122"]}},{"type":"Feature","id":"overture:accaf738-3894-4a1b-8aee-2ae57c7d009d","geometry":{"type":"Polygon","coordinates":[[[3.2023416,6.4706395],[3.2023632,6.4706789],[3.2022693,6.4707301],[3.2022478,6.4706908],[3.2023416,6.4706395]]]},"properties":{"id":"overture:accaf738-3894-4a1b-8aee-2ae57c7d009d","kind":"building","status":"awaiting-evidence","release":"2026-08-19.0","reason":"Overlapping building; compare alternate footprint","matches":["arcgis:University_Property:122"]}},{"type":"Feature","id":"overture:86aefbfc-843f-4de0-9ac5-375902a87db4","geometry":{"type":"Polygon","coordinates":[[[3.2022348,6.470693],[3.2022522,6.4708044],[3.2022072,6.4708114],[3.2021898,6.4707001],[3.2022348,6.470693]]]},"properties":{"id":"overture:86aefbfc-843f-4de0-9ac5-375902a87db4","kind":"building","status":"awaiting-evidence","release":"2026-08-19.0","reason":"Overlapping building; compare alternate footprint","matches":["arcgis:University_Property:122"]}},{"type":"Feature","id":"overture:205458f6-2fd4-4107-8ec5-61d80399ede5","geometry":{"type":"Polygon","coordinates":[[[3.2012717,6.4708468],[3.2011242,6.4708327],[3.2011318,6.4707545],[3.20118,6.4707591],[3.2011848,6.4707096],[3.2011942,6.4707105],[3.2012173,6.4704722],[3.2012982,6.4704799],[3.2012814,6.4706532],[3.2012993,6.4706549],[3.2012923,6.4707272],[3.2012608,6.4707242],[3.2012565,6.4707683],[3.2012791,6.4707705],[3.2012717,6.4708468]]]},"properties":{"id":"overture:205458f6-2fd4-4107-8ec5-61d80399ede5","kind":"building","status":"awaiting-evidence","release":"2026-08-19.0","reason":"Overlapping building; compare alternate footprint","matches":["arcgis:University_Property:4"]}},{"type":"Feature","id":"overture:53879258-4ea4-44ac-aa9a-414a3235fbdb","geometry":{"type":"Polygon","coordinates":[[[3.2020015,6.4709039],[3.2019944,6.4710261],[3.2019008,6.4710207],[3.201903,6.4709836],[3.2019431,6.4709859],[3.2019459,6.470938],[3.2018844,6.4709345],[3.2018865,6.4708973],[3.2020015,6.4709039]]]},"properties":{"id":"overture:53879258-4ea4-44ac-aa9a-414a3235fbdb","kind":"building","status":"awaiting-evidence","release":"2026-08-19.0","reason":"Overlapping building; compare alternate footprint","matches":["arcgis:University_Property:122"]}},{"type":"Feature","id":"overture:a2a3bf7e-9f82-458b-baf2-7765d50d5aa5","geometry":{"type":"Polygon","coordinates":[[[3.202432,6.4710297],[3.2023412,6.4710399],[3.2023318,6.470958],[3.202284,6.4709634],[3.2022733,6.47087],[3.2024503,6.47085],[3.2024615,6.4709476],[3.2024231,6.4709519],[3.202432,6.4710297]]]},"properties":{"id":"overture:a2a3bf7e-9f82-458b-baf2-7765d50d5aa5","kind":"building","status":"awaiting-evidence","release":"2026-08-19.0","reason":"Overlapping building; compare alternate footprint","matches":["arcgis:University_Property:122"]}},{"type":"Feature","id":"overture:b82d9622-46f5-4cca-8aea-94c7b485223d","geometry":{"type":"Polygon","coordinates":[[[3.2024623,6.4711183],[3.2023574,6.4711316],[3.2023493,6.4710689],[3.2024543,6.4710556],[3.2024623,6.4711183]]]},"properties":{"id":"overture:b82d9622-46f5-4cca-8aea-94c7b485223d","kind":"building","status":"awaiting-evidence","release":"2026-08-19.0","reason":"Overlapping building; compare alternate footprint","matches":["arcgis:University_Property:122"]}},{"type":"Feature","id":"overture:a122bd22-f971-4e14-b94c-9d62ee994098","geometry":{"type":"Polygon","coordinates":[[[3.2020339,6.4710464],[3.2020454,6.471017],[3.2020647,6.470992],[3.2020903,6.4709735],[3.2021202,6.4709628],[3.2021519,6.470961],[3.2021828,6.4709681],[3.2022104,6.4709835],[3.2022325,6.4710061],[3.2022474,6.471034],[3.2022537,6.4710648],[3.2022511,6.4710962],[3.2022396,6.4711256],[3.2022203,6.4711506],[3.2021946,6.4711692],[3.2021648,6.4711798],[3.2021331,6.4711817],[3.2021022,6.4711746],[3.2020746,6.4711591],[3.2020524,6.4711365],[3.2020376,6.4711087],[3.2020312,6.4710778],[3.2020339,6.4710464]]]},"properties":{"id":"overture:a122bd22-f971-4e14-b94c-9d62ee994098","kind":"building","status":"awaiting-evidence","release":"2026-08-19.0","reason":"Overlapping building; compare alternate footprint","matches":["arcgis:University_Property:122"]}},{"type":"Feature","id":"overture:8a31f235-fc95-4b64-9313-0ca2ceec9d28","geometry":{"type":"Polygon","coordinates":[[[3.2014689,6.4711413],[3.2014297,6.4711386],[3.2014404,6.4709814],[3.2014796,6.470984],[3.2014689,6.4711413]]]},"properties":{"id":"overture:8a31f235-fc95-4b64-9313-0ca2ceec9d28","kind":"building","status":"awaiting-evidence","release":"2026-08-19.0","reason":"Overlapping building; compare alternate footprint","matches":["osm:way:1267502630"]}},{"type":"Feature","id":"overture:99d3b312-9411-4f95-a2a3-50c6c52445ca","geometry":{"type":"Polygon","coordinates":[[[3.2012384,6.471097],[3.2011529,6.4710897],[3.2011569,6.4710442],[3.2011372,6.4710426],[3.2011493,6.4709034],[3.2011945,6.4709073],[3.2011965,6.4708835],[3.2012564,6.4708886],[3.2012384,6.471097]]]},"properties":{"id":"overture:99d3b312-9411-4f95-a2a3-50c6c52445ca","kind":"building","status":"awaiting-evidence","release":"2026-08-19.0","reason":"Overlapping building; compare alternate footprint","matches":["osm:way:1267502629"]}},{"type":"Feature","id":"overture:0d0e54c2-9c62-4b2f-9bb4-43cd926b502c","geometry":{"type":"Polygon","coordinates":[[[3.201111,6.4712227],[3.2011229,6.4711731],[3.2014408,6.4712481],[3.201429,6.4712977],[3.201111,6.4712227]]]},"properties":{"id":"overture:0d0e54c2-9c62-4b2f-9bb4-43cd926b502c","kind":"building","status":"awaiting-evidence","release":"2026-08-19.0","reason":"Overlapping building; compare alternate footprint","matches":["osm:way:1267502656"]}},{"type":"Feature","id":"overture:a440feeb-333a-421c-9221-4299f3035b8a","geometry":{"type":"Polygon","coordinates":[[[3.2010445,6.4712723],[3.2009732,6.4712565],[3.2009982,6.4711668],[3.2010596,6.4711799],[3.2010445,6.4712723]]]},"properties":{"id":"overture:a440feeb-333a-421c-9221-4299f3035b8a","kind":"building","status":"awaiting-evidence","release":"2026-08-19.0","reason":"Overlapping building; compare alternate footprint","matches":["osm:way:1267502631"]}},{"type":"Feature","id":"overture:32da590f-5729-4dca-ad49-13e3f3116d7a","geometry":{"type":"Polygon","coordinates":[[[3.2018799,6.4713331],[3.2018697,6.4713613],[3.2018174,6.4713426],[3.2018276,6.4713144],[3.2018799,6.4713331]]]},"properties":{"id":"overture:32da590f-5729-4dca-ad49-13e3f3116d7a","kind":"building","status":"awaiting-evidence","release":"2026-08-19.0","reason":"Overlapping building; compare alternate footprint","matches":["osm:way:1267502655"]}},{"type":"Feature","id":"overture:8e87dab5-5f2f-4167-b584-6eddce58a22c","geometry":{"type":"Polygon","coordinates":[[[3.2020212,6.471406],[3.2019722,6.4713953],[3.2019863,6.4713314],[3.2020353,6.471342],[3.2020212,6.471406]]]},"properties":{"id":"overture:8e87dab5-5f2f-4167-b584-6eddce58a22c","kind":"building","status":"awaiting-evidence","release":"2026-08-19.0","reason":"Overlapping building; compare alternate footprint","matches":["osm:way:1267502654"]}},{"type":"Feature","id":"overture:fc451e5e-ca8e-46f6-9039-fa9af3071f1f","geometry":{"type":"Polygon","coordinates":[[[3.2027043,6.4709879],[3.2027138,6.4710573],[3.2026384,6.4710675],[3.202629,6.4709981],[3.2027043,6.4709879]]]},"properties":{"id":"overture:fc451e5e-ca8e-46f6-9039-fa9af3071f1f","kind":"building","status":"awaiting-evidence","release":"2026-08-19.0","reason":"Overlapping building; compare alternate footprint","matches":["arcgis:University_Property:122"]}},{"type":"Feature","id":"overture:b06f476f-9c7f-44ba-a71a-18f61a91a012","geometry":{"type":"Polygon","coordinates":[[[3.201911,6.4717899],[3.2017301,6.4717516],[3.201765,6.471589],[3.2019459,6.4716273],[3.201911,6.4717899]]]},"properties":{"id":"overture:b06f476f-9c7f-44ba-a71a-18f61a91a012","kind":"building","status":"awaiting-evidence","release":"2026-08-19.0","reason":"Overlapping building; compare alternate footprint","matches":["arcgis:University_Property:3"]}},{"type":"Feature","id":"overture:76bcf09c-b322-4c8b-a8ac-b23d5e6aea0a","geometry":{"type":"Polygon","coordinates":[[[3.2022187,6.4717428],[3.2020384,6.4716968],[3.2020609,6.4716093],[3.2022413,6.4716553],[3.2022187,6.4717428]]]},"properties":{"id":"overture:76bcf09c-b322-4c8b-a8ac-b23d5e6aea0a","kind":"building","status":"awaiting-evidence","release":"2026-08-19.0","reason":"Overlapping building; compare alternate footprint","matches":["arcgis:University_Property:3","osm:way:1267502653"]}},{"type":"Feature","id":"overture:f3821ea6-171d-4faa-a813-ac5f0cb75514","geometry":{"type":"Polygon","coordinates":[[[3.2016357,6.4715677],[3.2014701,6.4715278],[3.2014843,6.4714698],[3.2016499,6.4715098],[3.2016357,6.4715677]]]},"properties":{"id":"overture:f3821ea6-171d-4faa-a813-ac5f0cb75514","kind":"building","status":"awaiting-evidence","release":"2026-08-19.0","reason":"Overlapping building; compare alternate footprint","matches":["arcgis:University_Property:3"]}},{"type":"Feature","id":"overture:bf462bef-5714-4c66-ba45-7dbdbd6bc905","geometry":{"type":"Polygon","coordinates":[[[3.2010612,6.4715615],[3.2009207,6.4715377],[3.2009409,6.4714205],[3.2010813,6.4714442],[3.2010612,6.4715615]]]},"properties":{"id":"overture:bf462bef-5714-4c66-ba45-7dbdbd6bc905","kind":"building","status":"awaiting-evidence","release":"2026-08-19.0","reason":"Overlapping building; compare alternate footprint","matches":["osm:way:1267502634"]}},{"type":"Feature","id":"overture:5f4d050b-5426-4fd1-9d9b-aaa8c7d85951","geometry":{"type":"Polygon","coordinates":[[[3.2009101,6.4715323],[3.2008886,6.4715277],[3.200912,6.4714185],[3.2009336,6.471423],[3.2009101,6.4715323]]]},"properties":{"id":"overture:5f4d050b-5426-4fd1-9d9b-aaa8c7d85951","kind":"building","status":"awaiting-evidence","release":"2026-08-19.0","reason":"Overlapping building; compare alternate footprint","matches":["osm:way:1267502635"]}},{"type":"Feature","id":"overture:3bbb5414-2ffc-49e0-8a9b-5f45695d0076","geometry":{"type":"Polygon","coordinates":[[[3.2009226,6.4717152],[3.2009046,6.4717118],[3.2009144,6.4716599],[3.2009324,6.4716633],[3.2009226,6.4717152]]]},"properties":{"id":"overture:3bbb5414-2ffc-49e0-8a9b-5f45695d0076","kind":"building","status":"awaiting-evidence","release":"2026-08-19.0","reason":"Overlapping building; compare alternate footprint","matches":["osm:way:1267502636"]}},{"type":"Feature","id":"overture:794566a7-18b0-46c0-9754-663d45dabc95","geometry":{"type":"Polygon","coordinates":[[[3.201402,6.471707],[3.2014257,6.471597],[3.2016832,6.4716517],[3.2016595,6.4717616],[3.201402,6.471707]]]},"properties":{"id":"overture:794566a7-18b0-46c0-9754-663d45dabc95","kind":"building","status":"awaiting-evidence","release":"2026-08-19.0","reason":"Overlapping building; compare alternate footprint","matches":["arcgis:University_Property:3"]}},{"type":"Feature","id":"overture:4676226d-4c56-4c9b-b070-9231ae445e30","geometry":{"type":"Polygon","coordinates":[[[3.2008739,6.4717526],[3.2008403,6.4717433],[3.2008493,6.471711],[3.2008829,6.4717202],[3.2008739,6.4717526]]]},"properties":{"id":"overture:4676226d-4c56-4c9b-b070-9231ae445e30","kind":"building","status":"awaiting-evidence","release":"2026-08-19.0","reason":"Overlapping building; compare alternate footprint","matches":["osm:way:1267502637"]}},{"type":"Feature","id":"overture:e4dd9f15-04b5-4493-bc66-e03b64130b2d","geometry":{"type":"Polygon","coordinates":[[[3.2008402,6.4719472],[3.2008182,6.4719428],[3.2008375,6.471848],[3.2008595,6.4718524],[3.2008402,6.4719472]]]},"properties":{"id":"overture:e4dd9f15-04b5-4493-bc66-e03b64130b2d","kind":"building","status":"awaiting-evidence","release":"2026-08-19.0","reason":"Overlapping building; compare alternate footprint","matches":["osm:way:1267502638"]}},{"type":"Feature","id":"overture:c2386632-ed3d-419d-b0fb-258bba5f6373","geometry":{"type":"Polygon","coordinates":[[[3.2013611,6.4718803],[3.2013863,6.471771],[3.2016481,6.4718305],[3.2016314,6.4719032],[3.2015961,6.4718951],[3.2015876,6.4719318],[3.2013611,6.4718803]]]},"properties":{"id":"overture:c2386632-ed3d-419d-b0fb-258bba5f6373","kind":"building","status":"awaiting-evidence","release":"2026-08-19.0","reason":"Overlapping building; compare alternate footprint","matches":["arcgis:University_Property:3"]}},{"type":"Feature","id":"overture:1a2413a1-31e5-4651-9930-00fe29447fe5","geometry":{"type":"Polygon","coordinates":[[[3.2021428,6.4719138],[3.2018807,6.4718519],[3.201892,6.471805],[3.2019636,6.4718219],[3.2019786,6.4717593],[3.202169,6.4718043],[3.2021428,6.4719138]]]},"properties":{"id":"overture:1a2413a1-31e5-4651-9930-00fe29447fe5","kind":"building","status":"awaiting-evidence","release":"2026-08-19.0","reason":"Overlapping building; compare alternate footprint","matches":["arcgis:University_Property:3"]}},{"type":"Feature","id":"overture:056aad9c-cea7-4716-8639-85caad560dbd","geometry":{"type":"Polygon","coordinates":[[[3.2016105,6.4720149],[3.2016061,6.4719815],[3.2016114,6.4719482],[3.2016259,6.4719177],[3.2016485,6.4718925],[3.2016774,6.4718746],[3.2017101,6.4718656],[3.201744,6.471866],[3.2017765,6.471876],[3.2018048,6.4718946],[3.2018267,6.4719204],[3.2018403,6.4719513],[3.2018447,6.4719848],[3.2018394,6.4720181],[3.2018249,6.4720486],[3.2018023,6.4720738],[3.2017735,6.4720916],[3.2017407,6.4721007],[3.2017068,6.4721002],[3.2016743,6.4720903],[3.201646,6.4720716],[3.2016242,6.4720458],[3.2016105,6.4720149]]]},"properties":{"id":"overture:056aad9c-cea7-4716-8639-85caad560dbd","kind":"building","status":"awaiting-evidence","release":"2026-08-19.0","reason":"Overlapping building; compare alternate footprint","matches":["arcgis:University_Property:3"]}},{"type":"Feature","id":"overture:0c2d0ff9-1e44-4bf1-a423-178a0a22714e","geometry":{"type":"Polygon","coordinates":[[[3.2018637,6.4719586],[3.2018846,6.4718777],[3.2021364,6.4719418],[3.202108,6.4720521],[3.2018922,6.4719971],[3.2018998,6.4719678],[3.2018637,6.4719586]]]},"properties":{"id":"overture:0c2d0ff9-1e44-4bf1-a423-178a0a22714e","kind":"building","status":"awaiting-evidence","release":"2026-08-19.0","reason":"Overlapping building; compare alternate footprint","matches":["arcgis:University_Property:3"]}},{"type":"Feature","id":"overture:72d5a642-a247-4d1f-8dc1-26031b3ff24f","geometry":{"type":"Polygon","coordinates":[[[3.202083,6.4721924],[3.2018252,6.4721373],[3.2018417,6.4720615],[3.2018715,6.4720679],[3.2018822,6.4720186],[3.2021101,6.4720674],[3.202083,6.4721924]]]},"properties":{"id":"overture:72d5a642-a247-4d1f-8dc1-26031b3ff24f","kind":"building","status":"awaiting-evidence","release":"2026-08-19.0","reason":"Overlapping building; compare alternate footprint","matches":["arcgis:University_Property:3"]}},{"type":"Feature","id":"overture:9f505d0c-e590-41bd-a9ef-329ed322de31","geometry":{"type":"Polygon","coordinates":[[[3.2015917,6.4720835],[3.2013277,6.4720292],[3.2013515,6.4719151],[3.201581,6.4719624],[3.2015727,6.4720019],[3.2016073,6.472009],[3.2015917,6.4720835]]]},"properties":{"id":"overture:9f505d0c-e590-41bd-a9ef-329ed322de31","kind":"building","status":"awaiting-evidence","release":"2026-08-19.0","reason":"Overlapping building; compare alternate footprint","matches":["arcgis:University_Property:3"]}},{"type":"Feature","id":"overture:27c614f0-0575-44f8-a8ef-b8a4fda460af","geometry":{"type":"Polygon","coordinates":[[[3.2008113,6.4720699],[3.2007685,6.4720648],[3.2007719,6.4720374],[3.2008146,6.4720426],[3.2008113,6.4720699]]]},"properties":{"id":"overture:27c614f0-0575-44f8-a8ef-b8a4fda460af","kind":"building","status":"awaiting-evidence","release":"2026-08-19.0","reason":"Overlapping building; compare alternate footprint","matches":["osm:way:1267502639"]}},{"type":"Feature","id":"overture:e3761234-0b60-4805-8ec0-5b6f57cc7745","geometry":{"type":"Polygon","coordinates":[[[3.2002176,6.4721122],[3.2002254,6.4720701],[3.2003568,6.4720941],[3.200349,6.4721362],[3.2002176,6.4721122]]]},"properties":{"id":"overture:e3761234-0b60-4805-8ec0-5b6f57cc7745","kind":"building","status":"awaiting-evidence","release":"2026-08-19.0","reason":"Overlapping building; compare alternate footprint","matches":["osm:way:1267502662"]}},{"type":"Feature","id":"overture:6e618b67-32c9-49f8-aede-46e33a19acef","geometry":{"type":"Polygon","coordinates":[[[3.200032,6.4720962],[3.1999894,6.4720899],[3.1999975,6.4720357],[3.20004,6.472042],[3.200032,6.4720962]]]},"properties":{"id":"overture:6e618b67-32c9-49f8-aede-46e33a19acef","kind":"building","status":"awaiting-evidence","release":"2026-08-19.0","reason":"Overlapping building; compare alternate footprint","matches":["osm:way:1267502661"]}},{"type":"Feature","id":"overture:a74fd741-043b-4485-a5bd-caa4a95bb4af","geometry":{"type":"Polygon","coordinates":[[[3.2005097,6.4717636],[3.2004587,6.4720194],[3.2001299,6.4719548],[3.2001809,6.4716989],[3.2005097,6.4717636]]]},"properties":{"id":"overture:a74fd741-043b-4485-a5bd-caa4a95bb4af","kind":"building","status":"awaiting-evidence","release":"2026-08-19.0","reason":"Overlapping building; compare alternate footprint","matches":["osm:way:1267502660"]}},{"type":"Feature","id":"overture:693d3f88-1926-47db-946e-b3d260cb85b8","geometry":{"type":"Polygon","coordinates":[[[3.1997169,6.4715422],[3.1997459,6.4715444],[3.1997729,6.4715554],[3.199795,6.4715741],[3.1998103,6.4715987],[3.1998172,6.4716268],[3.199815,6.4716557],[3.1998039,6.4716824],[3.1997851,6.4717045],[3.1997603,6.4717196],[3.199732,6.4717265],[3.199703,6.4717243],[3.1996761,6.4717133],[3.1996539,6.4716946],[3.1996386,6.47167],[3.1996318,6.4716419],[3.199634,6.471613],[3.199645,6.4715863],[3.1996639,6.4715642],[3.1996886,6.471549],[3.1997169,6.4715422]]]},"properties":{"id":"overture:693d3f88-1926-47db-946e-b3d260cb85b8","kind":"building","status":"awaiting-evidence","release":"2026-08-19.0","reason":"Overlapping building; compare alternate footprint","matches":["arcgis:University_Property:120"]}},{"type":"Feature","id":"overture:3926419e-0a31-401d-9129-ba261153e6ac","geometry":{"type":"Polygon","coordinates":[[[3.2005607,6.4714771],[3.2005124,6.4717116],[3.2001857,6.4716452],[3.200234,6.4714107],[3.2005607,6.4714771]]]},"properties":{"id":"overture:3926419e-0a31-401d-9129-ba261153e6ac","kind":"building","status":"awaiting-evidence","release":"2026-08-19.0","reason":"Overlapping building; compare alternate footprint","matches":["osm:way:1267502659"]}},{"type":"Feature","id":"overture:8fd109fb-ea3f-4e25-9ca6-3bd94441ca36","geometry":{"type":"Polygon","coordinates":[[[3.1999387,6.4715191],[3.1998908,6.4715141],[3.1998998,6.4714288],[3.1999477,6.4714338],[3.1999387,6.4715191]]]},"properties":{"id":"overture:8fd109fb-ea3f-4e25-9ca6-3bd94441ca36","kind":"building","status":"awaiting-evidence","release":"2026-08-19.0","reason":"Overlapping building; compare alternate footprint","matches":["osm:way:1273141926"]}},{"type":"Feature","id":"overture:4b4e709d-6273-4e47-9c4c-a5e07ab57804","geometry":{"type":"Polygon","coordinates":[[[3.1995963,6.4713722],[3.1996517,6.4713822],[3.1996297,6.4715041],[3.1995744,6.4714941],[3.1995963,6.4713722]]]},"properties":{"id":"overture:4b4e709d-6273-4e47-9c4c-a5e07ab57804","kind":"building","status":"awaiting-evidence","release":"2026-08-19.0","reason":"Overlapping building; compare alternate footprint","matches":["arcgis:University_Property:120"]}},{"type":"Feature","id":"overture:0f244fc9-a3af-4e42-bc34-9cc35b288739","geometry":{"type":"Polygon","coordinates":[[[3.1992323,6.4713891],[3.1991726,6.4713841],[3.1991756,6.4713489],[3.1992353,6.4713539],[3.1992323,6.4713891]]]},"properties":{"id":"overture:0f244fc9-a3af-4e42-bc34-9cc35b288739","kind":"building","status":"awaiting-evidence","release":"2026-08-19.0","reason":"Overlapping building; compare alternate footprint","matches":["osm:way:1267097973"]}},{"type":"Feature","id":"overture:19e97083-fcd8-40a9-a031-7b869fa07e83","geometry":{"type":"Polygon","coordinates":[[[3.199238,6.4713422],[3.1991823,6.4713378],[3.1991851,6.4713024],[3.1992408,6.4713067],[3.199238,6.4713422]]]},"properties":{"id":"overture:19e97083-fcd8-40a9-a031-7b869fa07e83","kind":"building","status":"awaiting-evidence","release":"2026-08-19.0","reason":"Overlapping building; compare alternate footprint","matches":["osm:way:1267097974"]}},{"type":"Feature","id":"overture:008de769-7545-43a2-8fb4-ab93e6f5c268","geometry":{"type":"Polygon","coordinates":[[[3.1998807,6.4715104],[3.1997091,6.4714784],[3.1997329,6.4713523],[3.1996755,6.4713416],[3.199731,6.4710472],[3.1997884,6.4710579],[3.1998136,6.4709246],[3.1999852,6.4709566],[3.1999617,6.4710814],[3.2000284,6.4710938],[3.1999701,6.4714026],[3.1999034,6.4713902],[3.1998807,6.4715104]]]},"properties":{"id":"overture:008de769-7545-43a2-8fb4-ab93e6f5c268","kind":"building","status":"awaiting-evidence","release":"2026-08-19.0","reason":"Overlapping building; compare alternate footprint","matches":["arcgis:University_Property:120"]}},{"type":"Feature","id":"overture:30229196-6f69-4553-b97c-908bdec8fdd7","geometry":{"type":"Polygon","coordinates":[[[3.1992551,6.4712915],[3.1991894,6.4712872],[3.1991925,6.4712401],[3.1992582,6.4712444],[3.1992551,6.4712915]]]},"properties":{"id":"overture:30229196-6f69-4553-b97c-908bdec8fdd7","kind":"building","status":"awaiting-evidence","release":"2026-08-19.0","reason":"Overlapping building; compare alternate footprint","matches":["osm:way:1267097975"]}},{"type":"Feature","id":"overture:71ee239b-3b52-4752-89df-6ca87ec1dc67","geometry":{"type":"Polygon","coordinates":[[[3.1999479,6.4708207],[3.2000102,6.4708313],[3.1999907,6.4709461],[3.1999284,6.4709355],[3.1999479,6.4708207]]]},"properties":{"id":"overture:71ee239b-3b52-4752-89df-6ca87ec1dc67","kind":"building","status":"awaiting-evidence","release":"2026-08-19.0","reason":"Overlapping building; compare alternate footprint","matches":["arcgis:University_Property:120"]}},{"type":"Feature","id":"overture:653fd02b-cd68-42c7-a316-d9559d1b2fbd","geometry":{"type":"Polygon","coordinates":[[[3.1997268,6.4708543],[3.1997888,6.4708655],[3.1997816,6.4709054],[3.1997196,6.4708942],[3.1997268,6.4708543]]]},"properties":{"id":"overture:653fd02b-cd68-42c7-a316-d9559d1b2fbd","kind":"building","status":"awaiting-evidence","release":"2026-08-19.0","reason":"Overlapping building; compare alternate footprint","matches":["arcgis:University_Property:120"]}},{"type":"Feature","id":"overture:475fe98b-5f44-4486-a923-dfc68e225b47","geometry":{"type":"Polygon","coordinates":[[[3.1993577,6.4707522],[3.1993242,6.4709154],[3.1992385,6.4708981],[3.1992532,6.4708265],[3.1992383,6.4708235],[3.1992487,6.4707731],[3.199286,6.4707807],[3.1992945,6.4707394],[3.1993577,6.4707522]]]},"properties":{"id":"overture:475fe98b-5f44-4486-a923-dfc68e225b47","kind":"building","status":"awaiting-evidence","release":"2026-08-19.0","reason":"Overlapping building; compare alternate footprint","matches":["osm:way:1267565508"]}},{"type":"Feature","id":"overture:86938041-b369-4f29-bc84-a73a66d810f0","geometry":{"type":"Polygon","coordinates":[[[3.1987647,6.4710235],[3.1987518,6.4709146],[3.1988312,6.4709054],[3.1988441,6.4710142],[3.1987647,6.4710235]]]},"properties":{"id":"overture:86938041-b369-4f29-bc84-a73a66d810f0","kind":"building","status":"awaiting-evidence","release":"2026-08-19.0","reason":"Overlapping building; compare alternate footprint","matches":["551a0524-2f0d-47b4-87b1-fcffb7e8359b"]}},{"type":"Feature","id":"overture:181f8322-45bf-4c58-ab0e-9e51b921085a","geometry":{"type":"Polygon","coordinates":[[[3.197008,6.4719796],[3.1969135,6.4719681],[3.196943,6.4717269],[3.1970376,6.4717384],[3.197008,6.4719796]]]},"properties":{"id":"overture:181f8322-45bf-4c58-ab0e-9e51b921085a","kind":"building","status":"awaiting-evidence","release":"2026-08-19.0","reason":"Crosses campus boundary"}},{"type":"Feature","id":"overture:0931a89d-6ab7-4cdb-b8f6-88222f50f93f","geometry":{"type":"Polygon","coordinates":[[[3.1946566,6.480442],[3.1946617,6.4804132],[3.1947023,6.480186],[3.1947929,6.480202],[3.1947509,6.480437],[3.1947472,6.480458],[3.1946566,6.480442]]]},"properties":{"id":"overture:0931a89d-6ab7-4cdb-b8f6-88222f50f93f","kind":"building","status":"awaiting-evidence","release":"2026-08-19.0","reason":"Overlapping building; compare alternate footprint","matches":["osm:way:1267367408"]}},{"type":"Feature","id":"overture:5cfe0041-69b5-493d-a715-7f42e7af4d63","geometry":{"type":"Polygon","coordinates":[[[3.1948915,6.4803269],[3.194857,6.4803189],[3.1948662,6.4802795],[3.1949007,6.4802875],[3.1948915,6.4803269]]]},"properties":{"id":"overture:5cfe0041-69b5-493d-a715-7f42e7af4d63","kind":"building","status":"awaiting-evidence","release":"2026-08-19.0","reason":"Overlapping building; compare alternate footprint","matches":["osm:way:1267367409"]}},{"type":"Feature","id":"overture:8fc9fa08-a806-4f48-a32b-5bf85fe36c60","geometry":{"type":"Polygon","coordinates":[[[3.1948811,6.4804593],[3.194867,6.4804557],[3.1949271,6.4802232],[3.1950103,6.4802444],[3.1950032,6.4802718],[3.1950182,6.4802756],[3.1949593,6.4805032],[3.1948753,6.4804817],[3.1948811,6.4804593]]]},"properties":{"id":"overture:8fc9fa08-a806-4f48-a32b-5bf85fe36c60","kind":"building","status":"awaiting-evidence","release":"2026-08-19.0","reason":"Overlapping building; compare alternate footprint","matches":["osm:way:1267367407"]}},{"type":"Feature","id":"overture:46e8926b-8be7-4aba-ad45-276e2c876eb8","geometry":{"type":"Polygon","coordinates":[[[3.1951107,6.4804241],[3.1951379,6.4804273],[3.1951321,6.4804765],[3.195105,6.4804733],[3.1951107,6.4804241]]]},"properties":{"id":"overture:46e8926b-8be7-4aba-ad45-276e2c876eb8","kind":"building","status":"awaiting-evidence","release":"2026-08-19.0","reason":"Overlapping building; compare alternate footprint","matches":["overture:e381f06c-e9ed-4dbe-bb3a-ff1e9ecea5a2"]}},{"type":"Feature","id":"overture:d2ed207a-99e8-46e2-9506-7a2b99b0d674","geometry":{"type":"Polygon","coordinates":[[[3.1972237,6.4806861],[3.1972217,6.480807],[3.1970243,6.4808037],[3.1970264,6.4806829],[3.1972237,6.4806861]]]},"properties":{"id":"overture:d2ed207a-99e8-46e2-9506-7a2b99b0d674","kind":"building","status":"awaiting-evidence","release":"2026-08-19.0","reason":"Overlapping building; compare alternate footprint","matches":["arcgis:University_Property:111"]}},{"type":"Feature","id":"overture:8e066ea7-7652-43ed-851f-eab30a02e6db","geometry":{"type":"Polygon","coordinates":[[[3.1970384,6.4806549],[3.1970371,6.4805893],[3.1972451,6.4805851],[3.1972465,6.4806507],[3.1970384,6.4806549]]]},"properties":{"id":"overture:8e066ea7-7652-43ed-851f-eab30a02e6db","kind":"building","status":"awaiting-evidence","release":"2026-08-19.0","reason":"Overlapping building; compare alternate footprint","matches":["arcgis:University_Property:111"]}},{"type":"Feature","id":"overture:894b9eec-1ac8-4802-8a1b-8c8d45bf2254","geometry":{"type":"Polygon","coordinates":[[[3.1967444,6.480434],[3.1967211,6.4805488],[3.1966964,6.4805438],[3.1967197,6.480429],[3.1967444,6.480434]]]},"properties":{"id":"overture:894b9eec-1ac8-4802-8a1b-8c8d45bf2254","kind":"building","status":"awaiting-evidence","release":"2026-08-19.0","reason":"Overlapping building; compare alternate footprint","matches":["arcgis:University_Property:111"]}},{"type":"Feature","id":"overture:4642d946-6362-4493-b1e5-8306a43c1dc4","geometry":{"type":"Polygon","coordinates":[[[3.197232,6.4803865],[3.1970805,6.4803412],[3.1970974,6.4802853],[3.1972489,6.4803307],[3.197232,6.4803865]]]},"properties":{"id":"overture:4642d946-6362-4493-b1e5-8306a43c1dc4","kind":"building","status":"awaiting-evidence","release":"2026-08-19.0","reason":"Overlapping building; compare alternate footprint","matches":["osm:way:1272450225"]}},{"type":"Feature","id":"overture:3111ff56-0676-4c8d-b66b-3721b5b27e82","geometry":{"type":"Polygon","coordinates":[[[3.1979764,6.4804711],[3.1979415,6.4804614],[3.1979672,6.4803711],[3.1980021,6.4803808],[3.1979764,6.4804711]]]},"properties":{"id":"overture:3111ff56-0676-4c8d-b66b-3721b5b27e82","kind":"building","status":"awaiting-evidence","release":"2026-08-19.0","reason":"Overlapping building; compare alternate footprint","matches":["osm:way:1267557197"]}},{"type":"Feature","id":"overture:631b848f-d530-41f6-b723-87a0983573c1","geometry":{"type":"Polygon","coordinates":[[[3.1991381,6.4805228],[3.1990093,6.4804821],[3.1990226,6.4804408],[3.1991513,6.4804814],[3.1991381,6.4805228]]]},"properties":{"id":"overture:631b848f-d530-41f6-b723-87a0983573c1","kind":"building","status":"awaiting-evidence","release":"2026-08-19.0","reason":"Overlapping building; compare alternate footprint","matches":["osm:way:1267557200"]}},{"type":"Feature","id":"overture:0e708d4c-d516-43b3-b44f-cc091af64fcb","geometry":{"type":"Polygon","coordinates":[[[3.1977258,6.4807764],[3.1977604,6.4807798],[3.1977569,6.480815],[3.1977224,6.4808115],[3.1977258,6.4807764]]]},"properties":{"id":"overture:0e708d4c-d516-43b3-b44f-cc091af64fcb","kind":"building","status":"awaiting-evidence","release":"2026-08-19.0","reason":"Overlapping building; compare alternate footprint","matches":["arcgis:University_Property:111"]}},{"type":"Feature","id":"overture:c88edebe-5095-49e2-bb00-3e98ac994ce7","geometry":{"type":"Polygon","coordinates":[[[3.1976456,6.4814039],[3.1976758,6.4814103],[3.1976629,6.4814717],[3.1976327,6.4814653],[3.1976456,6.4814039]]]},"properties":{"id":"overture:c88edebe-5095-49e2-bb00-3e98ac994ce7","kind":"building","status":"awaiting-evidence","release":"2026-08-19.0","reason":"Overlapping building; compare alternate footprint","matches":["arcgis:University_Property:111"]}},{"type":"Feature","id":"overture:253298fe-9298-40b1-97dd-2daeabe00906","geometry":{"type":"Polygon","coordinates":[[[3.1973185,6.481825],[3.1972294,6.4817963],[3.197349,6.4814286],[3.1974382,6.4814572],[3.1973185,6.481825]]]},"properties":{"id":"overture:253298fe-9298-40b1-97dd-2daeabe00906","kind":"building","status":"awaiting-evidence","release":"2026-08-19.0","reason":"Overlapping building; compare alternate footprint","matches":["arcgis:University_Property:111"]}},{"type":"Feature","id":"overture:f72e80ec-0b3c-44bc-a675-b652f77589e6","geometry":{"type":"Polygon","coordinates":[[[3.1970637,6.4814816],[3.197138,6.4815037],[3.1970953,6.4816471],[3.197021,6.481625],[3.1970637,6.4814816]]]},"properties":{"id":"overture:f72e80ec-0b3c-44bc-a675-b652f77589e6","kind":"building","status":"awaiting-evidence","release":"2026-08-19.0","reason":"Overlapping building; compare alternate footprint","matches":["arcgis:University_Property:111"]}},{"type":"Feature","id":"overture:86f6367a-5d56-4d54-8f69-45b96dd2d947","geometry":{"type":"Polygon","coordinates":[[[3.196885,6.4817112],[3.1964932,6.4815991],[3.1966033,6.4812194],[3.1969951,6.4813315],[3.196885,6.4817112]]]},"properties":{"id":"overture:86f6367a-5d56-4d54-8f69-45b96dd2d947","kind":"building","status":"awaiting-evidence","release":"2026-08-19.0","reason":"Overlapping building; compare alternate footprint","matches":["arcgis:University_Property:111"]}},{"type":"Feature","id":"overture:82c64797-ecda-42b4-8ddf-96e06629ce63","geometry":{"type":"Polygon","coordinates":[[[3.1970844,6.481412],[3.1971587,6.4814341],[3.1971399,6.4814973],[3.1970656,6.4814752],[3.1970844,6.481412]]]},"properties":{"id":"overture:82c64797-ecda-42b4-8ddf-96e06629ce63","kind":"building","status":"awaiting-evidence","release":"2026-08-19.0","reason":"Overlapping building; compare alternate footprint","matches":["arcgis:University_Property:111"]}},{"type":"Feature","id":"overture:f3c160e1-2b67-48c9-a4d3-6bb29d94a5be","geometry":{"type":"Polygon","coordinates":[[[3.1975157,6.4810538],[3.1974551,6.4812614],[3.1974945,6.4812729],[3.19747,6.4813569],[3.1974306,6.4813454],[3.1974354,6.4813288],[3.1970992,6.4812306],[3.1971189,6.4811633],[3.1973562,6.4812326],[3.1974168,6.4810249],[3.1975157,6.4810538]]]},"properties":{"id":"overture:f3c160e1-2b67-48c9-a4d3-6bb29d94a5be","kind":"building","status":"awaiting-evidence","release":"2026-08-19.0","reason":"Overlapping building; compare alternate footprint","matches":["arcgis:University_Property:111"]}},{"type":"Feature","id":"overture:c0a8a94d-80b7-48ab-a890-1575636cbefb","geometry":{"type":"Polygon","coordinates":[[[3.197219,6.4809671],[3.1972843,6.4809862],[3.1972238,6.4811939],[3.1971584,6.4811748],[3.197219,6.4809671]]]},"properties":{"id":"overture:c0a8a94d-80b7-48ab-a890-1575636cbefb","kind":"building","status":"awaiting-evidence","release":"2026-08-19.0","reason":"Overlapping building; compare alternate footprint","matches":["arcgis:University_Property:111"]}},{"type":"Feature","id":"overture:53ec66eb-c629-4d07-8952-b88fac464b87","geometry":{"type":"Polygon","coordinates":[[[3.1969886,6.4812599],[3.196618,6.481153],[3.196734,6.4807561],[3.1971045,6.480863],[3.1969886,6.4812599]]]},"properties":{"id":"overture:53ec66eb-c629-4d07-8952-b88fac464b87","kind":"building","status":"awaiting-evidence","release":"2026-08-19.0","reason":"Overlapping building; compare alternate footprint","matches":["arcgis:University_Property:111"]}},{"type":"Feature","id":"overture:ed271bd5-7d48-4d80-8f58-7663df73d42e","geometry":{"type":"Polygon","coordinates":[[[3.196885,6.481867],[3.196937,6.4818744],[3.1969321,6.4819084],[3.1968802,6.481901],[3.196885,6.481867]]]},"properties":{"id":"overture:ed271bd5-7d48-4d80-8f58-7663df73d42e","kind":"building","status":"awaiting-evidence","release":"2026-08-19.0","reason":"Overlapping building; compare alternate footprint","matches":["arcgis:University_Property:111"]}},{"type":"Feature","id":"overture:d88f61e5-2e82-4c7d-b606-134ea4023049","geometry":{"type":"Polygon","coordinates":[[[3.1972535,6.4820229],[3.1970664,6.4819829],[3.197083,6.4819061],[3.1972701,6.4819461],[3.1972535,6.4820229]]]},"properties":{"id":"overture:d88f61e5-2e82-4c7d-b606-134ea4023049","kind":"building","status":"awaiting-evidence","release":"2026-08-19.0","reason":"Overlapping building; compare alternate footprint","matches":["arcgis:University_Property:111","osm:way:1267559128"]}},{"type":"Feature","id":"overture:2ac67d20-9767-45de-a5e4-e605da10fb46","geometry":{"type":"Polygon","coordinates":[[[3.1962599,6.4820492],[3.1962643,6.4821743],[3.1961732,6.4821775],[3.1961688,6.4820524],[3.1962599,6.4820492]]]},"properties":{"id":"overture:2ac67d20-9767-45de-a5e4-e605da10fb46","kind":"building","status":"awaiting-evidence","release":"2026-08-19.0","reason":"Crosses campus boundary"}},{"type":"Feature","id":"overture:08a10367-bc4c-4c0e-a672-060f08d334c1","geometry":{"type":"Polygon","coordinates":[[[3.197224,6.4822934],[3.196878,6.4821994],[3.1968923,6.4821474],[3.1972383,6.4822414],[3.197224,6.4822934]]]},"properties":{"id":"overture:08a10367-bc4c-4c0e-a672-060f08d334c1","kind":"building","status":"awaiting-evidence","release":"2026-08-19.0","reason":"Overlapping building; compare alternate footprint","matches":["arcgis:University_Property:126"]}},{"type":"Feature","id":"overture:42fd0a03-386e-4f57-9a72-d1bd18a72f8a","geometry":{"type":"Polygon","coordinates":[[[3.1972079,6.4823879],[3.1968346,6.4822898],[3.1968502,6.4822315],[3.1972234,6.4823297],[3.1972079,6.4823879]]]},"properties":{"id":"overture:42fd0a03-386e-4f57-9a72-d1bd18a72f8a","kind":"building","status":"awaiting-evidence","release":"2026-08-19.0","reason":"Overlapping building; compare alternate footprint","matches":["arcgis:University_Property:126","osm:way:591385266"]}},{"type":"Feature","id":"overture:0302fe64-8bf6-406c-b55c-553ce7604d2b","geometry":{"type":"Polygon","coordinates":[[[3.1989629,6.4823197],[3.1990741,6.4823325],[3.1990516,6.4825245],[3.1989405,6.4825116],[3.1989629,6.4823197]]]},"properties":{"id":"overture:0302fe64-8bf6-406c-b55c-553ce7604d2b","kind":"building","status":"awaiting-evidence","release":"2026-08-19.0","reason":"Crosses campus boundary"}},{"type":"Feature","id":"overture:72e781f5-1d54-4c8e-9aa7-eabd1aa12441","geometry":{"type":"Polygon","coordinates":[[[3.1987857,6.4828475],[3.1987527,6.4828419],[3.198761,6.482794],[3.198794,6.4827997],[3.1987857,6.4828475]]]},"properties":{"id":"overture:72e781f5-1d54-4c8e-9aa7-eabd1aa12441","kind":"building","status":"awaiting-evidence","release":"2026-08-19.0","reason":"Overlapping building; compare alternate footprint","matches":["osm:way:1267559127"]}},{"type":"Feature","id":"overture:1cf19b2e-36c0-4471-8100-c485ac8d7ddb","geometry":{"type":"Polygon","coordinates":[[[3.1973976,6.4818295],[3.1974369,6.4818436],[3.1974255,6.4818754],[3.1973862,6.4818613],[3.1973976,6.4818295]]]},"properties":{"id":"overture:1cf19b2e-36c0-4471-8100-c485ac8d7ddb","kind":"building","status":"awaiting-evidence","release":"2026-08-19.0","reason":"Overlapping building; compare alternate footprint","matches":["arcgis:University_Property:111"]}},{"type":"Feature","id":"overture:3accd577-d5c1-414c-a45a-fe9fa94809d8","geometry":{"type":"Polygon","coordinates":[[[3.1975499,6.481851],[3.1974788,6.481831],[3.1974874,6.4818009],[3.1975061,6.4818062],[3.1975437,6.4816744],[3.197596,6.4816891],[3.1975499,6.481851]]]},"properties":{"id":"overture:3accd577-d5c1-414c-a45a-fe9fa94809d8","kind":"building","status":"awaiting-evidence","release":"2026-08-19.0","reason":"Overlapping building; compare alternate footprint","matches":["arcgis:University_Property:111"]}},{"type":"Feature","id":"overture:309e42f4-f927-4a16-835b-a9f1555e91e4","geometry":{"type":"Polygon","coordinates":[[[3.1992558,6.4802393],[3.1991887,6.4802193],[3.1993437,6.4797061],[3.1994107,6.479726],[3.1992558,6.4802393]]]},"properties":{"id":"overture:309e42f4-f927-4a16-835b-a9f1555e91e4","kind":"building","status":"awaiting-evidence","release":"2026-08-19.0","reason":"Overlapping building; compare alternate footprint","matches":["arcgis:University_Property:124"]}},{"type":"Feature","id":"overture:82d0bec0-fa16-49cc-b206-26fad95402e7","geometry":{"type":"Polygon","coordinates":[[[3.198176,6.4797231],[3.1981484,6.4797145],[3.1982036,6.4795386],[3.1982312,6.4795471],[3.198176,6.4797231]]]},"properties":{"id":"overture:82d0bec0-fa16-49cc-b206-26fad95402e7","kind":"building","status":"awaiting-evidence","release":"2026-08-19.0","reason":"Overlapping building; compare alternate footprint","matches":["osm:way:1267557199"]}},{"type":"Feature","id":"overture:738a1c55-c0f9-44d3-abb9-d6d5776890bf","geometry":{"type":"Polygon","coordinates":[[[3.198891,6.4801866],[3.1984706,6.4800653],[3.1984947,6.4799826],[3.1989151,6.4801039],[3.198891,6.4801866]]]},"properties":{"id":"overture:738a1c55-c0f9-44d3-abb9-d6d5776890bf","kind":"building","status":"awaiting-evidence","release":"2026-08-19.0","reason":"Overlapping building; compare alternate footprint","matches":["arcgis:University_Property:125"]}},{"type":"Feature","id":"overture:32ff0567-b064-4029-9fa2-675644c3feb3","geometry":{"type":"Polygon","coordinates":[[[3.1989372,6.4801678],[3.1989774,6.4801793],[3.1989517,6.4802692],[3.1989115,6.4802578],[3.1989372,6.4801678]]]},"properties":{"id":"overture:32ff0567-b064-4029-9fa2-675644c3feb3","kind":"building","status":"awaiting-evidence","release":"2026-08-19.0","reason":"Overlapping building; compare alternate footprint","matches":["arcgis:University_Property:125"]}},{"type":"Feature","id":"overture:52da5870-de56-4a17-ad62-c2e6a2288252","geometry":{"type":"Polygon","coordinates":[[[3.1980342,6.4802513],[3.1980054,6.4802401],[3.1980295,6.4801786],[3.1980583,6.4801898],[3.1980342,6.4802513]]]},"properties":{"id":"overture:52da5870-de56-4a17-ad62-c2e6a2288252","kind":"building","status":"awaiting-evidence","release":"2026-08-19.0","reason":"Overlapping building; compare alternate footprint","matches":["osm:way:1267557196"]}},{"type":"Feature","id":"overture:732765a5-f4ab-45f2-be29-3385fe6e0977","geometry":{"type":"Polygon","coordinates":[[[3.1953912,6.4798585],[3.1953716,6.4798528],[3.1953995,6.4797565],[3.1954191,6.4797621],[3.1953912,6.4798585]]]},"properties":{"id":"overture:732765a5-f4ab-45f2-be29-3385fe6e0977","kind":"building","status":"awaiting-evidence","release":"2026-08-19.0","reason":"Overlapping building; compare alternate footprint","matches":["osm:way:1267367406"]}},{"type":"Feature","id":"overture:b9f7adc1-6601-41b7-80b4-d2e58f4152e8","geometry":{"type":"Polygon","coordinates":[[[3.1950472,6.4798766],[3.1949911,6.4798746],[3.194992,6.4798475],[3.1950482,6.4798495],[3.1950472,6.4798766]]]},"properties":{"id":"overture:b9f7adc1-6601-41b7-80b4-d2e58f4152e8","kind":"building","status":"awaiting-evidence","release":"2026-08-19.0","reason":"Overlapping building; compare alternate footprint","matches":["osm:way:1267367411"]}},{"type":"Feature","id":"overture:07eed613-21b7-4b71-a65d-b8bee613ef81","geometry":{"type":"Polygon","coordinates":[[[3.1948327,6.4798258],[3.1948081,6.4798271],[3.1948066,6.4797986],[3.1948311,6.4797973],[3.1948327,6.4798258]]]},"properties":{"id":"overture:07eed613-21b7-4b71-a65d-b8bee613ef81","kind":"building","status":"awaiting-evidence","release":"2026-08-19.0","reason":"Overlapping building; compare alternate footprint","matches":["osm:way:1267367410"]}},{"type":"Feature","id":"overture:9f330b8f-a9c7-485e-9dbf-b36dbba7f6d1","geometry":{"type":"Polygon","coordinates":[[[3.1948207,6.4797163],[3.1947909,6.479709],[3.1948084,6.4796376],[3.1948383,6.4796449],[3.1948207,6.4797163]]]},"properties":{"id":"overture:9f330b8f-a9c7-485e-9dbf-b36dbba7f6d1","kind":"building","status":"awaiting-evidence","release":"2026-08-19.0","reason":"Crosses campus boundary"}},{"type":"Feature","id":"overture:d0d7e5e4-4bec-48e2-aba9-3307f171ef79","geometry":{"type":"Polygon","coordinates":[[[3.1954619,6.4797394],[3.195441,6.4797324],[3.1954567,6.4796856],[3.1954776,6.4796925],[3.1954619,6.4797394]]]},"properties":{"id":"overture:d0d7e5e4-4bec-48e2-aba9-3307f171ef79","kind":"building","status":"awaiting-evidence","release":"2026-08-19.0","reason":"Overlapping building; compare alternate footprint","matches":["osm:way:1267367405"]}},{"type":"Feature","id":"overture:276ac9dd-c9cc-4272-a7e5-77b9e5ed31bd","geometry":{"type":"Polygon","coordinates":[[[3.1955286,6.4795041],[3.1955014,6.4794956],[3.1955228,6.4794284],[3.1955501,6.4794369],[3.1955286,6.4795041]]]},"properties":{"id":"overture:276ac9dd-c9cc-4272-a7e5-77b9e5ed31bd","kind":"building","status":"awaiting-evidence","release":"2026-08-19.0","reason":"Overlapping building; compare alternate footprint","matches":["osm:way:1267367404"]}},{"type":"Feature","id":"overture:7326af94-5cce-4f06-adff-45a91e8d3b7c","geometry":{"type":"Polygon","coordinates":[[[3.195523,6.4793603],[3.1954645,6.4793461],[3.1954768,6.4792962],[3.1955353,6.4793103],[3.195523,6.4793603]]]},"properties":{"id":"overture:7326af94-5cce-4f06-adff-45a91e8d3b7c","kind":"building","status":"awaiting-evidence","release":"2026-08-19.0","reason":"Overlapping building; compare alternate footprint","matches":["osm:way:1267367403"]}},{"type":"Feature","id":"overture:4f9a39b5-919e-4db3-a10f-541ff9236cce","geometry":{"type":"Polygon","coordinates":[[[3.1954575,6.4791868],[3.195503,6.4791989],[3.195492,6.4792405],[3.1954465,6.4792284],[3.1954575,6.4791868]]]},"properties":{"id":"overture:4f9a39b5-919e-4db3-a10f-541ff9236cce","kind":"building","status":"awaiting-evidence","release":"2026-08-19.0","reason":"Overlapping building; compare alternate footprint","matches":["overture:be96a7f8-9bd9-4f13-b610-2048e92b0bac"]}},{"type":"Feature","id":"overture:6f6deba0-217c-4f28-a389-995287a95fd3","geometry":{"type":"Polygon","coordinates":[[[3.1956478,6.4790924],[3.1956209,6.4790835],[3.1956322,6.47905],[3.195659,6.479059],[3.1956478,6.4790924]]]},"properties":{"id":"overture:6f6deba0-217c-4f28-a389-995287a95fd3","kind":"building","status":"awaiting-evidence","release":"2026-08-19.0","reason":"Overlapping building; compare alternate footprint","matches":["osm:way:1267367402"]}},{"type":"Feature","id":"overture:39ee7233-cd5e-4082-ae56-b6c209df3df8","geometry":{"type":"Polygon","coordinates":[[[3.1990062,6.4789677],[3.1990427,6.4789766],[3.1990267,6.4790429],[3.1989902,6.4790341],[3.1990062,6.4789677]]]},"properties":{"id":"overture:39ee7233-cd5e-4082-ae56-b6c209df3df8","kind":"building","status":"awaiting-evidence","release":"2026-08-19.0","reason":"Overlapping building; compare alternate footprint","matches":["arcgis:University_Property:109"]}},{"type":"Feature","id":"overture:e4bdc598-25d8-41b5-aa81-17ae801ae9d9","geometry":{"type":"Polygon","coordinates":[[[3.1988368,6.4790181],[3.1988719,6.4790218],[3.1988688,6.4790507],[3.1988337,6.479047],[3.1988368,6.4790181]]]},"properties":{"id":"overture:e4bdc598-25d8-41b5-aa81-17ae801ae9d9","kind":"building","status":"awaiting-evidence","release":"2026-08-19.0","reason":"Overlapping building; compare alternate footprint","matches":["arcgis:University_Property:109"]}},{"type":"Feature","id":"overture:bca38224-7a03-461c-8cdd-09182cd551ce","geometry":{"type":"Polygon","coordinates":[[[3.1987946,6.4790381],[3.19882,6.4790449],[3.1988059,6.4790971],[3.1987805,6.4790903],[3.1987946,6.4790381]]]},"properties":{"id":"overture:bca38224-7a03-461c-8cdd-09182cd551ce","kind":"building","status":"awaiting-evidence","release":"2026-08-19.0","reason":"Overlapping building; compare alternate footprint","matches":["arcgis:University_Property:109"]}},{"type":"Feature","id":"overture:4ebcd9cf-c6bb-4a4d-803d-65e709621892","geometry":{"type":"Polygon","coordinates":[[[3.1990482,6.4791482],[3.1989507,6.4791166],[3.1989681,6.4790636],[3.1990656,6.4790952],[3.1990482,6.4791482]]]},"properties":{"id":"overture:4ebcd9cf-c6bb-4a4d-803d-65e709621892","kind":"building","status":"awaiting-evidence","release":"2026-08-19.0","reason":"Overlapping building; compare alternate footprint","matches":["arcgis:University_Property:109"]}},{"type":"Feature","id":"overture:3b12a409-b098-44fa-aafc-6e7b9587be10","geometry":{"type":"Polygon","coordinates":[[[3.1990184,6.4791672],[3.1989436,6.4791486],[3.1989492,6.4791264],[3.199024,6.4791451],[3.1990184,6.4791672]]]},"properties":{"id":"overture:3b12a409-b098-44fa-aafc-6e7b9587be10","kind":"building","status":"awaiting-evidence","release":"2026-08-19.0","reason":"Overlapping building; compare alternate footprint","matches":["arcgis:University_Property:109"]}},{"type":"Feature","id":"overture:6a004c27-ab58-4116-9a0b-6e3e4e6eeb82","geometry":{"type":"Polygon","coordinates":[[[3.1993929,6.4792595],[3.1992916,6.4792292],[3.199302,6.4791949],[3.1994032,6.4792252],[3.1993929,6.4792595]]]},"properties":{"id":"overture:6a004c27-ab58-4116-9a0b-6e3e4e6eeb82","kind":"building","status":"awaiting-evidence","release":"2026-08-19.0","reason":"Overlapping building; compare alternate footprint","matches":["arcgis:University_Property:109"]}},{"type":"Feature","id":"overture:caf49732-8de4-42ff-bf0e-c03d03f3d21f","geometry":{"type":"Polygon","coordinates":[[[3.1991917,6.4792009],[3.1991364,6.4791876],[3.199145,6.4791524],[3.1992003,6.4791658],[3.1991917,6.4792009]]]},"properties":{"id":"overture:caf49732-8de4-42ff-bf0e-c03d03f3d21f","kind":"building","status":"awaiting-evidence","release":"2026-08-19.0","reason":"Overlapping building; compare alternate footprint","matches":["arcgis:University_Property:109"]}},{"type":"Feature","id":"overture:cc13e460-999b-4dfc-9aaf-8b9fc437e99e","geometry":{"type":"Polygon","coordinates":[[[3.1991109,6.4791642],[3.1990888,6.4791582],[3.1991039,6.4791034],[3.199126,6.4791094],[3.1991109,6.4791642]]]},"properties":{"id":"overture:cc13e460-999b-4dfc-9aaf-8b9fc437e99e","kind":"building","status":"awaiting-evidence","release":"2026-08-19.0","reason":"Overlapping building; compare alternate footprint","matches":["arcgis:University_Property:109"]}},{"type":"Feature","id":"overture:e334bf07-7707-421e-bbc1-d4f85e82bac3","geometry":{"type":"Polygon","coordinates":[[[3.1990848,6.4791532],[3.1990637,6.4791496],[3.199073,6.4790963],[3.1990941,6.4791],[3.1990848,6.4791532]]]},"properties":{"id":"overture:e334bf07-7707-421e-bbc1-d4f85e82bac3","kind":"building","status":"awaiting-evidence","release":"2026-08-19.0","reason":"Overlapping building; compare alternate footprint","matches":["arcgis:University_Property:109"]}},{"type":"Feature","id":"overture:68ce8672-117c-491b-b175-fde7d821a656","geometry":{"type":"Polygon","coordinates":[[[3.1992618,6.4791368],[3.1992437,6.4791313],[3.1993926,6.4786529],[3.1994107,6.4786584],[3.1992618,6.4791368]]]},"properties":{"id":"overture:68ce8672-117c-491b-b175-fde7d821a656","kind":"building","status":"awaiting-evidence","release":"2026-08-19.0","reason":"Overlapping building; compare alternate footprint","matches":["arcgis:University_Property:109"]}},{"type":"Feature","id":"overture:1b2d3312-84a2-4775-9392-b38b5b17eb10","geometry":{"type":"Polygon","coordinates":[[[3.1992377,6.4790598],[3.1992128,6.4790526],[3.1993295,6.4786529],[3.1993544,6.47866],[3.1992377,6.4790598]]]},"properties":{"id":"overture:1b2d3312-84a2-4775-9392-b38b5b17eb10","kind":"building","status":"awaiting-evidence","release":"2026-08-19.0","reason":"Overlapping building; compare alternate footprint","matches":["arcgis:University_Property:109"]}},{"type":"Feature","id":"overture:c37372d7-2775-4fe0-8a07-1a89ebfd1e46","geometry":{"type":"Polygon","coordinates":[[[3.1994466,6.4790659],[3.1994221,6.4790593],[3.1995481,6.4785929],[3.1995726,6.4785995],[3.1994466,6.4790659]]]},"properties":{"id":"overture:c37372d7-2775-4fe0-8a07-1a89ebfd1e46","kind":"building","status":"awaiting-evidence","release":"2026-08-19.0","reason":"Overlapping building; compare alternate footprint","matches":["arcgis:University_Property:109"]}},{"type":"Feature","id":"overture:c03f6310-846b-48f8-9860-03ffdff58078","geometry":{"type":"Polygon","coordinates":[[[3.1992152,6.4787157],[3.1991445,6.4786995],[3.1991565,6.4786475],[3.1992272,6.4786638],[3.1992152,6.4787157]]]},"properties":{"id":"overture:c03f6310-846b-48f8-9860-03ffdff58078","kind":"building","status":"awaiting-evidence","release":"2026-08-19.0","reason":"Overlapping building; compare alternate footprint","matches":["arcgis:University_Property:109"]}},{"type":"Feature","id":"overture:e80ec978-1931-4aab-a2df-a717161519e5","geometry":{"type":"Polygon","coordinates":[[[3.199123,6.4786902],[3.199005,6.4786582],[3.1990175,6.4786127],[3.1991355,6.4786446],[3.199123,6.4786902]]]},"properties":{"id":"overture:e80ec978-1931-4aab-a2df-a717161519e5","kind":"building","status":"awaiting-evidence","release":"2026-08-19.0","reason":"Overlapping building; compare alternate footprint","matches":["arcgis:University_Property:109"]}},{"type":"Feature","id":"overture:5923c58e-4056-4944-9190-87513a257fff","geometry":{"type":"Polygon","coordinates":[[[3.1989679,6.4784032],[3.1989937,6.4783313],[3.1992188,6.4784112],[3.199193,6.4784831],[3.1989679,6.4784032]]]},"properties":{"id":"overture:5923c58e-4056-4944-9190-87513a257fff","kind":"building","status":"awaiting-evidence","release":"2026-08-19.0","reason":"Overlapping building; compare alternate footprint","matches":["arcgis:University_Property:109"]}},{"type":"Feature","id":"overture:8d0016e4-7eb5-461f-8181-d7d1b673826a","geometry":{"type":"Polygon","coordinates":[[[3.1994998,6.4785649],[3.1993188,6.4785063],[3.1993279,6.4784786],[3.1995089,6.4785372],[3.1994998,6.4785649]]]},"properties":{"id":"overture:8d0016e4-7eb5-461f-8181-d7d1b673826a","kind":"building","status":"awaiting-evidence","release":"2026-08-19.0","reason":"Overlapping building; compare alternate footprint","matches":["arcgis:University_Property:109"]}},{"type":"Feature","id":"overture:9a0d7679-8915-43fe-908f-39b144902b83","geometry":{"type":"Polygon","coordinates":[[[3.1988309,6.4784495],[3.1987931,6.478437],[3.1988119,6.478381],[3.1988497,6.4783936],[3.1988309,6.4784495]]]},"properties":{"id":"overture:9a0d7679-8915-43fe-908f-39b144902b83","kind":"building","status":"awaiting-evidence","release":"2026-08-19.0","reason":"Overlapping building; compare alternate footprint","matches":["arcgis:University_Property:109"]}},{"type":"Feature","id":"overture:82ae6497-bc74-412a-877a-6b552d24c656","geometry":{"type":"Polygon","coordinates":[[[3.1987215,6.4787767],[3.1987507,6.4785594],[3.1988719,6.4785755],[3.1988427,6.4787928],[3.1987215,6.4787767]]]},"properties":{"id":"overture:82ae6497-bc74-412a-877a-6b552d24c656","kind":"building","status":"awaiting-evidence","release":"2026-08-19.0","reason":"Overlapping building; compare alternate footprint","matches":["arcgis:University_Property:109"]}},{"type":"Feature","id":"overture:1b2df02d-2f84-4a02-93a7-86199e426d0c","geometry":{"type":"Polygon","coordinates":[[[3.1952749,6.4788107],[3.1953351,6.4788266],[3.1953191,6.4788871],[3.1952588,6.4788712],[3.1952749,6.4788107]]]},"properties":{"id":"overture:1b2df02d-2f84-4a02-93a7-86199e426d0c","kind":"building","status":"awaiting-evidence","release":"2026-08-19.0","reason":"Overlapping building; compare alternate footprint","matches":["overture:af0306be-5de1-401a-9e8d-6def90b3a0bf"]}},{"type":"Feature","id":"overture:07919ff8-3c01-454d-b2fd-1e796e7d1dcf","geometry":{"type":"Polygon","coordinates":[[[3.1951135,6.4787623],[3.1950796,6.4787521],[3.195101,6.4786815],[3.195135,6.4786917],[3.1951135,6.4787623]]]},"properties":{"id":"overture:07919ff8-3c01-454d-b2fd-1e796e7d1dcf","kind":"building","status":"awaiting-evidence","release":"2026-08-19.0","reason":"Crosses campus boundary"}},{"type":"Feature","id":"overture:d238a107-b40d-440f-8731-f6033d9932a4","geometry":{"type":"Polygon","coordinates":[[[3.1956723,6.4788488],[3.1956041,6.4788284],[3.1956106,6.4788069],[3.1953951,6.4787425],[3.1953886,6.478764],[3.1953022,6.4787382],[3.1953284,6.4786517],[3.1953628,6.478662],[3.1954243,6.4784588],[3.1953899,6.4784485],[3.1954207,6.4783465],[3.1955078,6.4783725],[3.1955,6.4783983],[3.1956982,6.4784575],[3.195706,6.4784317],[3.1957909,6.4784571],[3.1957622,6.478552],[3.1957213,6.4785398],[3.1957055,6.4785919],[3.1957464,6.4786041],[3.1957165,6.4787029],[3.1956851,6.4786936],[3.1956655,6.4787583],[3.1956969,6.4787677],[3.1956723,6.4788488]],[[3.1956375,6.4785063],[3.1954914,6.4784626],[3.1954229,6.4786889],[3.195569,6.4787325],[3.1956375,6.4785063]]]},"properties":{"id":"overture:d238a107-b40d-440f-8731-f6033d9932a4","kind":"building","status":"awaiting-evidence","release":"2026-08-19.0","reason":"Overlapping building; compare alternate footprint","matches":["osm:relation:17403050"]}},{"type":"Feature","id":"overture:2565f822-ce93-426e-8dcb-9ad3e525cd48","geometry":{"type":"Polygon","coordinates":[[[3.1952445,6.4785135],[3.1951788,6.4784943],[3.1952177,6.478363],[3.1952834,6.4783823],[3.1952445,6.4785135]]]},"properties":{"id":"overture:2565f822-ce93-426e-8dcb-9ad3e525cd48","kind":"building","status":"awaiting-evidence","release":"2026-08-19.0","reason":"Overlapping building; compare alternate footprint","matches":["osm:way:1267367196"]}},{"type":"Feature","id":"overture:1190ee5e-b168-4cfb-80d2-687db6c20549","geometry":{"type":"Polygon","coordinates":[[[3.1952406,6.4783572],[3.1952093,6.4783471],[3.1952569,6.4782021],[3.1952882,6.4782123],[3.1952406,6.4783572]]]},"properties":{"id":"overture:1190ee5e-b168-4cfb-80d2-687db6c20549","kind":"building","status":"awaiting-evidence","release":"2026-08-19.0","reason":"Crosses campus boundary"}},{"type":"Feature","id":"overture:949d5cd3-8a08-45bf-bfc8-23b3de8a7cd5","geometry":{"type":"Polygon","coordinates":[[[3.1953612,6.4782784],[3.1952837,6.4782524],[3.1952953,6.4782185],[3.1953727,6.4782445],[3.1953612,6.4782784]]]},"properties":{"id":"overture:949d5cd3-8a08-45bf-bfc8-23b3de8a7cd5","kind":"building","status":"awaiting-evidence","release":"2026-08-19.0","reason":"Overlapping building; compare alternate footprint","matches":["osm:way:1267367195"]}},{"type":"Feature","id":"overture:ab6bb089-611d-4400-a7c7-755ef36aafc7","geometry":{"type":"Polygon","coordinates":[[[3.1959187,6.4783637],[3.1958795,6.4783564],[3.1958903,6.4782997],[3.1959295,6.4783071],[3.1959187,6.4783637]]]},"properties":{"id":"overture:ab6bb089-611d-4400-a7c7-755ef36aafc7","kind":"building","status":"awaiting-evidence","release":"2026-08-19.0","reason":"Overlapping building; compare alternate footprint","matches":["arcgis:University_Property:110"]}},{"type":"Feature","id":"overture:2e4dfc13-b619-44b5-b649-e6fa52ad9f2a","geometry":{"type":"Polygon","coordinates":[[[3.1958708,6.4784363],[3.1958165,6.4784143],[3.1958317,6.4783773],[3.195886,6.4783993],[3.1958708,6.4784363]]]},"properties":{"id":"overture:2e4dfc13-b619-44b5-b649-e6fa52ad9f2a","kind":"building","status":"awaiting-evidence","release":"2026-08-19.0","reason":"Overlapping building; compare alternate footprint","matches":["osm:way:1267367186"]}},{"type":"Feature","id":"overture:5c60486a-63e9-4aff-9c9a-624fd7385d2a","geometry":{"type":"Polygon","coordinates":[[[3.1958202,6.4785469],[3.1957743,6.4785296],[3.1957991,6.4784643],[3.1958451,6.4784816],[3.1958202,6.4785469]]]},"properties":{"id":"overture:5c60486a-63e9-4aff-9c9a-624fd7385d2a","kind":"building","status":"awaiting-evidence","release":"2026-08-19.0","reason":"Overlapping building; compare alternate footprint","matches":["osm:way:1267367184"]}},{"type":"Feature","id":"overture:5b59f1fe-bf45-465d-b874-d01c2f17ab30","geometry":{"type":"Polygon","coordinates":[[[3.1972216,6.4780183],[3.1971851,6.4780079],[3.1972066,6.4779333],[3.197243,6.4779437],[3.1972216,6.4780183]]]},"properties":{"id":"overture:5b59f1fe-bf45-465d-b874-d01c2f17ab30","kind":"building","status":"awaiting-evidence","release":"2026-08-19.0","reason":"Overlapping building; compare alternate footprint","matches":["osm:way:1267673108"]}},{"type":"Feature","id":"overture:d4e4e776-3640-42eb-ad9c-5310d9cc24c3","geometry":{"type":"Polygon","coordinates":[[[3.1959915,6.478131],[3.1959452,6.4781152],[3.1959841,6.4780033],[3.1960304,6.4780191],[3.1959915,6.478131]]]},"properties":{"id":"overture:d4e4e776-3640-42eb-ad9c-5310d9cc24c3","kind":"building","status":"awaiting-evidence","release":"2026-08-19.0","reason":"Overlapping building; compare alternate footprint","matches":["arcgis:University_Property:110"]}},{"type":"Feature","id":"overture:23a88658-0c6c-473b-a5ae-e94799fc2ed4","geometry":{"type":"Polygon","coordinates":[[[3.1959289,6.4780386],[3.1958973,6.478029],[3.1958331,6.478239],[3.1958647,6.4782485],[3.1958413,6.4783251],[3.1954618,6.4782105],[3.1954876,6.4781262],[3.1955208,6.4781363],[3.1955795,6.4779443],[3.1955463,6.4779342],[3.1955658,6.4778703],[3.1959453,6.4779849],[3.1959289,6.4780386]],[[3.1958071,6.4780212],[3.1956477,6.4779731],[3.1955885,6.4781665],[3.195748,6.4782146],[3.1958071,6.4780212]]]},"properties":{"id":"overture:23a88658-0c6c-473b-a5ae-e94799fc2ed4","kind":"building","status":"awaiting-evidence","release":"2026-08-19.0","reason":"Overlapping building; compare alternate footprint","matches":["arcgis:University_Property:110"]}},{"type":"Feature","id":"overture:0d118fa9-6eac-47e1-b764-e867da1c761f","geometry":{"type":"Polygon","coordinates":[[[3.1956539,6.4780566],[3.1957282,6.4780775],[3.1956976,6.4781867],[3.1956233,6.4781659],[3.1956539,6.4780566]]]},"properties":{"id":"overture:0d118fa9-6eac-47e1-b764-e867da1c761f","kind":"building","status":"awaiting-evidence","release":"2026-08-19.0","reason":"Overlapping building; compare alternate footprint","matches":["arcgis:University_Property:110"]}},{"type":"Feature","id":"overture:cfb5089e-99a5-4197-a594-c2122869dda9","geometry":{"type":"Polygon","coordinates":[[[3.1955251,6.4779051],[3.1955068,6.4779707],[3.1954726,6.4779611],[3.195491,6.4778955],[3.1955251,6.4779051]]]},"properties":{"id":"overture:cfb5089e-99a5-4197-a594-c2122869dda9","kind":"building","status":"awaiting-evidence","release":"2026-08-19.0","reason":"Overlapping building; compare alternate footprint","matches":["arcgis:University_Property:110"]}},{"type":"Feature","id":"overture:de46395b-c9dc-403b-9b04-d8096418caa8","geometry":{"type":"Polygon","coordinates":[[[3.1957004,6.4775397],[3.1956614,6.4776782],[3.195614,6.4776649],[3.195653,6.4775263],[3.1957004,6.4775397]]]},"properties":{"id":"overture:de46395b-c9dc-403b-9b04-d8096418caa8","kind":"building","status":"awaiting-evidence","release":"2026-08-19.0","reason":"Overlapping building; compare alternate footprint","matches":["arcgis:University_Property:110"]}},{"type":"Feature","id":"overture:e5ed6821-0b34-40a4-ac97-512f65dfc44e","geometry":{"type":"Polygon","coordinates":[[[3.1959714,6.477888],[3.1958928,6.4778627],[3.1958994,6.4778423],[3.1956745,6.47777],[3.1956679,6.4777904],[3.1956026,6.4777694],[3.1956278,6.477692],[3.1956582,6.4777018],[3.1957248,6.4774973],[3.1956944,6.4774876],[3.1957205,6.4774074],[3.1960893,6.477526],[3.1960684,6.4775901],[3.19602,6.4775745],[3.1959503,6.4777886],[3.1959987,6.4778042],[3.1959714,6.477888]],[[3.1959285,6.4775509],[3.1957801,6.4775032],[3.1957112,6.4777148],[3.1958596,6.4777625],[3.1959285,6.4775509]]]},"properties":{"id":"overture:e5ed6821-0b34-40a4-ac97-512f65dfc44e","kind":"building","status":"awaiting-evidence","release":"2026-08-19.0","reason":"Overlapping building; compare alternate footprint","matches":["arcgis:University_Property:110"]}},{"type":"Feature","id":"overture:61ff4159-c731-4b48-be82-b7269fbf8f22","geometry":{"type":"Polygon","coordinates":[[[3.1961334,6.4776765],[3.1960921,6.4776655],[3.1961216,6.4775569],[3.1961629,6.4775679],[3.1961334,6.4776765]]]},"properties":{"id":"overture:61ff4159-c731-4b48-be82-b7269fbf8f22","kind":"building","status":"awaiting-evidence","release":"2026-08-19.0","reason":"Overlapping building; compare alternate footprint","matches":["arcgis:University_Property:110"]}},{"type":"Feature","id":"overture:d91d9b7f-84af-4374-8f6c-a3958df5a715","geometry":{"type":"Polygon","coordinates":[[[3.1960082,6.4776191],[3.1960479,6.4776303],[3.1960239,6.4777151],[3.1959842,6.4777038],[3.1960082,6.4776191]]]},"properties":{"id":"overture:d91d9b7f-84af-4374-8f6c-a3958df5a715","kind":"building","status":"awaiting-evidence","release":"2026-08-19.0","reason":"Overlapping building; compare alternate footprint","matches":["arcgis:University_Property:110"]}},{"type":"Feature","id":"overture:4a60b65d-2916-43eb-9678-5930ed186332","geometry":{"type":"Polygon","coordinates":[[[3.1959833,6.4777031],[3.1960253,6.4777139],[3.1960052,6.4777922],[3.1959632,6.4777814],[3.1959833,6.4777031]]]},"properties":{"id":"overture:4a60b65d-2916-43eb-9678-5930ed186332","kind":"building","status":"awaiting-evidence","release":"2026-08-19.0","reason":"Overlapping building; compare alternate footprint","matches":["arcgis:University_Property:110"]}},{"type":"Feature","id":"overture:9bc1b568-ab23-4255-9103-99f2eddb66a2","geometry":{"type":"Polygon","coordinates":[[[3.1960575,6.4779237],[3.196018,6.4779116],[3.1960351,6.4778563],[3.1960746,6.4778684],[3.1960575,6.4779237]]]},"properties":{"id":"overture:9bc1b568-ab23-4255-9103-99f2eddb66a2","kind":"building","status":"awaiting-evidence","release":"2026-08-19.0","reason":"Overlapping building; compare alternate footprint","matches":["arcgis:University_Property:110"]}},{"type":"Feature","id":"overture:b6765748-771a-4316-b71e-77304f869cd1","geometry":{"type":"Polygon","coordinates":[[[3.1973389,6.478038],[3.1973018,6.4780292],[3.1973138,6.4779786],[3.197351,6.4779873],[3.1973389,6.478038]]]},"properties":{"id":"overture:b6765748-771a-4316-b71e-77304f869cd1","kind":"building","status":"awaiting-evidence","release":"2026-08-19.0","reason":"Overlapping building; compare alternate footprint","matches":["osm:way:1267673107"]}},{"type":"Feature","id":"overture:2481c8d9-2e36-4f1f-ace3-c7f87cbb902a","geometry":{"type":"Polygon","coordinates":[[[3.1981538,6.4779643],[3.1982112,6.4779661],[3.1982088,6.4780421],[3.1981514,6.4780403],[3.1981538,6.4779643]]]},"properties":{"id":"overture:2481c8d9-2e36-4f1f-ace3-c7f87cbb902a","kind":"building","status":"awaiting-evidence","release":"2026-08-19.0","reason":"Overlapping building; compare alternate footprint","matches":["overture:bd558650-7c5d-487b-86b2-218744adb6ff"]}},{"type":"Feature","id":"overture:aad8a864-25d4-4495-a18d-233ad7e2791b","geometry":{"type":"Polygon","coordinates":[[[3.2007683,6.4779382],[3.2007243,6.4781252],[3.2006378,6.4781051],[3.2006931,6.4778701],[3.2008111,6.4778975],[3.2007998,6.4779455],[3.2007683,6.4779382]]]},"properties":{"id":"overture:aad8a864-25d4-4495-a18d-233ad7e2791b","kind":"building","status":"awaiting-evidence","release":"2026-08-19.0","reason":"Crosses campus boundary"}},{"type":"Feature","id":"overture:5a94e55f-838e-4b2d-90d1-f6a540adf101","geometry":{"type":"Polygon","coordinates":[[[3.2004379,6.4780819],[3.2003749,6.4780526],[3.2003977,6.4780042],[3.2004607,6.4780336],[3.2004379,6.4780819]]]},"properties":{"id":"overture:5a94e55f-838e-4b2d-90d1-f6a540adf101","kind":"building","status":"awaiting-evidence","release":"2026-08-19.0","reason":"Overlapping building; compare alternate footprint","matches":["osm:way:1272945157"]}},{"type":"Feature","id":"overture:362677e1-1c55-49a7-bc83-5fa2e3d3a860","geometry":{"type":"Polygon","coordinates":[[[3.1998022,6.4778071],[3.1998661,6.4778253],[3.1998514,6.4778767],[3.1997875,6.4778585],[3.1998022,6.4778071]]]},"properties":{"id":"overture:362677e1-1c55-49a7-bc83-5fa2e3d3a860","kind":"building","status":"awaiting-evidence","release":"2026-08-19.0","reason":"Overlapping building; compare alternate footprint","matches":["overture:7b4f73df-de18-46ce-8c6a-fd9c7461cb33"]}},{"type":"Feature","id":"overture:4d908a9d-db95-40e1-ae10-8a152ca1ada0","geometry":{"type":"Polygon","coordinates":[[[3.1994278,6.4777626],[3.1993952,6.4777521],[3.1994284,6.4776509],[3.199461,6.4776615],[3.1994278,6.4777626]]]},"properties":{"id":"overture:4d908a9d-db95-40e1-ae10-8a152ca1ada0","kind":"building","status":"awaiting-evidence","release":"2026-08-19.0","reason":"Overlapping building; compare alternate footprint","matches":["osm:way:1267673097"]}},{"type":"Feature","id":"overture:b3753475-f063-4472-b048-3fda66e656b4","geometry":{"type":"Polygon","coordinates":[[[3.1993693,6.477745],[3.1993376,6.4777348],[3.1993729,6.4776272],[3.1994046,6.4776375],[3.1993693,6.477745]]]},"properties":{"id":"overture:b3753475-f063-4472-b048-3fda66e656b4","kind":"building","status":"awaiting-evidence","release":"2026-08-19.0","reason":"Overlapping building; compare alternate footprint","matches":["osm:way:1267673098"]}},{"type":"Feature","id":"overture:46a099a4-066b-4b65-9e41-772d32ab9d2b","geometry":{"type":"Polygon","coordinates":[[[3.2008233,6.4776188],[3.2008039,6.4776082],[3.2008174,6.4775838],[3.2008369,6.4775945],[3.2008233,6.4776188]]]},"properties":{"id":"overture:46a099a4-066b-4b65-9e41-772d32ab9d2b","kind":"building","status":"awaiting-evidence","release":"2026-08-19.0","reason":"Crosses campus boundary"}},{"type":"Feature","id":"overture:f8aadd85-48b5-4e06-8fed-04d9acb39b54","geometry":{"type":"Polygon","coordinates":[[[3.2009999,6.4764433],[3.2009502,6.4764289],[3.2009972,6.4762696],[3.2010468,6.4762841],[3.2009999,6.4764433]]]},"properties":{"id":"overture:f8aadd85-48b5-4e06-8fed-04d9acb39b54","kind":"building","status":"awaiting-evidence","release":"2026-08-19.0","reason":"Overlapping building; compare alternate footprint","matches":["osm:way:1267505866"]}},{"type":"Feature","id":"overture:6cab8add-2cf2-4827-9180-116ea7f105a3","geometry":{"type":"Polygon","coordinates":[[[3.2009726,6.4763125],[3.2009459,6.4763059],[3.2009523,6.4762803],[3.2009789,6.4762868],[3.2009726,6.4763125]]]},"properties":{"id":"overture:6cab8add-2cf2-4827-9180-116ea7f105a3","kind":"building","status":"awaiting-evidence","release":"2026-08-19.0","reason":"Overlapping building; compare alternate footprint","matches":["osm:way:1267505864"]}},{"type":"Feature","id":"overture:923d4ec1-96b6-412d-b750-167d70f89672","geometry":{"type":"Polygon","coordinates":[[[3.2010462,6.4762794],[3.2010022,6.4762616],[3.2010176,6.476224],[3.2010616,6.4762418],[3.2010462,6.4762794]]]},"properties":{"id":"overture:923d4ec1-96b6-412d-b750-167d70f89672","kind":"building","status":"awaiting-evidence","release":"2026-08-19.0","reason":"Overlapping building; compare alternate footprint","matches":["osm:way:1267505865"]}},{"type":"Feature","id":"overture:3791392a-abe9-40ff-b5a1-c40e1fa05877","geometry":{"type":"Polygon","coordinates":[[[3.2011156,6.4749358],[3.2010575,6.4749191],[3.20108,6.4748424],[3.201138,6.4748591],[3.2011156,6.4749358]]]},"properties":{"id":"overture:3791392a-abe9-40ff-b5a1-c40e1fa05877","kind":"building","status":"awaiting-evidence","release":"2026-08-19.0","reason":"Overlapping building; compare alternate footprint","matches":["osm:way:1267505858"]}},{"type":"Feature","id":"overture:06d9a136-e2b3-498d-933b-ff637065c329","geometry":{"type":"Polygon","coordinates":[[[3.2010186,6.4751494],[3.2009871,6.4751403],[3.2010214,6.4750233],[3.2010528,6.4750323],[3.2010186,6.4751494]]]},"properties":{"id":"overture:06d9a136-e2b3-498d-933b-ff637065c329","kind":"building","status":"awaiting-evidence","release":"2026-08-19.0","reason":"Overlapping building; compare alternate footprint","matches":["osm:way:1267505861"]}},{"type":"Feature","id":"overture:c9fdbfd2-8b29-4f14-9b14-e43c2c316aae","geometry":{"type":"Polygon","coordinates":[[[3.2013256,6.4750252],[3.2013338,6.474997],[3.201393,6.4750141],[3.2013848,6.4750423],[3.2013256,6.4750252]]]},"properties":{"id":"overture:c9fdbfd2-8b29-4f14-9b14-e43c2c316aae","kind":"building","status":"awaiting-evidence","release":"2026-08-19.0","reason":"Overlapping building; compare alternate footprint","matches":["osm:way:1267505857"]}},{"type":"Feature","id":"overture:6d022938-48b1-4e01-aece-70812b0a04f3","geometry":{"type":"Polygon","coordinates":[[[3.2012245,6.4750752],[3.2012433,6.475011],[3.2014686,6.4750761],[3.2014498,6.4751403],[3.2012245,6.4750752]]]},"properties":{"id":"overture:6d022938-48b1-4e01-aece-70812b0a04f3","kind":"building","status":"awaiting-evidence","release":"2026-08-19.0","reason":"Overlapping building; compare alternate footprint","matches":["arcgis:University_Property:73"]}},{"type":"Feature","id":"overture:46bacbb3-de44-429f-ac93-88a2b332b4ca","geometry":{"type":"Polygon","coordinates":[[[3.2009769,6.4752903],[3.2009375,6.4752789],[3.2009732,6.4751569],[3.2010126,6.4751683],[3.2009769,6.4752903]]]},"properties":{"id":"overture:46bacbb3-de44-429f-ac93-88a2b332b4ca","kind":"building","status":"awaiting-evidence","release":"2026-08-19.0","reason":"Overlapping building; compare alternate footprint","matches":["osm:way:1267505862"]}},{"type":"Feature","id":"overture:8c9c1306-a7c5-46b8-9972-834bd94d9f2b","geometry":{"type":"Polygon","coordinates":[[[3.2013761,6.4754816],[3.2011019,6.4754024],[3.2011954,6.4750829],[3.2014695,6.4751621],[3.2013761,6.4754816]]]},"properties":{"id":"overture:8c9c1306-a7c5-46b8-9972-834bd94d9f2b","kind":"building","status":"awaiting-evidence","release":"2026-08-19.0","reason":"Overlapping building; compare alternate footprint","matches":["arcgis:University_Property:73"]}},{"type":"Feature","id":"overture:2f90483b-9452-4737-8524-3c9d3dbad9a4","geometry":{"type":"Polygon","coordinates":[[[3.2008938,6.4754495],[3.200904,6.4754148],[3.2009959,6.4754414],[3.2009858,6.4754761],[3.2008938,6.4754495]]]},"properties":{"id":"overture:2f90483b-9452-4737-8524-3c9d3dbad9a4","kind":"building","status":"awaiting-evidence","release":"2026-08-19.0","reason":"Overlapping building; compare alternate footprint","matches":["osm:way:1267505860"]}},{"type":"Feature","id":"overture:be2dbe6a-0dfa-44cf-9cab-a5aebcfa5eb7","geometry":{"type":"Polygon","coordinates":[[[3.2007821,6.4756186],[3.2007229,6.4756047],[3.200743,6.4755201],[3.2008022,6.4755339],[3.2007821,6.4756186]]]},"properties":{"id":"overture:be2dbe6a-0dfa-44cf-9cab-a5aebcfa5eb7","kind":"building","status":"awaiting-evidence","release":"2026-08-19.0","reason":"Overlapping building; compare alternate footprint","matches":["osm:way:1267505886"]}},{"type":"Feature","id":"overture:08306f40-4f12-43b5-b01d-96e8f3ed057c","geometry":{"type":"Polygon","coordinates":[[[3.2011402,6.4755358],[3.2011467,6.4755134],[3.2012123,6.4755323],[3.2012057,6.4755547],[3.2011402,6.4755358]]]},"properties":{"id":"overture:08306f40-4f12-43b5-b01d-96e8f3ed057c","kind":"building","status":"awaiting-evidence","release":"2026-08-19.0","reason":"Overlapping building; compare alternate footprint","matches":["osm:way:1267505859"]}},{"type":"Feature","id":"overture:40820b90-b591-401b-8cd7-3df1ecb31f38","geometry":{"type":"Polygon","coordinates":[[[3.2005238,6.4761957],[3.2004232,6.4761717],[3.2004307,6.4761407],[3.2005313,6.4761647],[3.2005238,6.4761957]]]},"properties":{"id":"overture:40820b90-b591-401b-8cd7-3df1ecb31f38","kind":"building","status":"awaiting-evidence","release":"2026-08-19.0","reason":"Overlapping building; compare alternate footprint","matches":["osm:way:1267505868"]}},{"type":"Feature","id":"overture:a60c480a-4938-452c-8e8b-fd748a9d1f76","geometry":{"type":"Polygon","coordinates":[[[3.2000513,6.4762116],[3.1999893,6.4761957],[3.2000088,6.476121],[3.2000708,6.476137],[3.2000513,6.4762116]]]},"properties":{"id":"overture:a60c480a-4938-452c-8e8b-fd748a9d1f76","kind":"building","status":"awaiting-evidence","release":"2026-08-19.0","reason":"Overlapping building; compare alternate footprint","matches":["osm:way:1267505874"]}},{"type":"Feature","id":"overture:d61fb2d8-5ac5-4208-9e5a-8b414f710c58","geometry":{"type":"Polygon","coordinates":[[[3.1999846,6.4761772],[3.1999706,6.476173],[3.1999893,6.476111],[3.2000034,6.4761152],[3.1999846,6.4761772]]]},"properties":{"id":"overture:d61fb2d8-5ac5-4208-9e5a-8b414f710c58","kind":"building","status":"awaiting-evidence","release":"2026-08-19.0","reason":"Overlapping building; compare alternate footprint","matches":["osm:way:1267505873"]}},{"type":"Feature","id":"overture:bcf52d89-01dc-4d67-8bc3-f3a199981990","geometry":{"type":"Polygon","coordinates":[[[3.2002242,6.476185],[3.2001684,6.4761683],[3.2001892,6.4760997],[3.200245,6.4761164],[3.2002242,6.476185]]]},"properties":{"id":"overture:bcf52d89-01dc-4d67-8bc3-f3a199981990","kind":"building","status":"awaiting-evidence","release":"2026-08-19.0","reason":"Overlapping building; compare alternate footprint","matches":["osm:way:1267505867"]}},{"type":"Feature","id":"overture:a8e4c52e-0a22-4725-83e9-66e001bb5538","geometry":{"type":"Polygon","coordinates":[[[3.1997498,6.4760925],[3.1997634,6.4760431],[3.1998955,6.4760791],[3.1998819,6.4761284],[3.1997498,6.4760925]]]},"properties":{"id":"overture:a8e4c52e-0a22-4725-83e9-66e001bb5538","kind":"building","status":"awaiting-evidence","release":"2026-08-19.0","reason":"Overlapping building; compare alternate footprint","matches":["osm:way:1267505875"]}},{"type":"Feature","id":"overture:2dadd46a-6d5c-4109-a9ce-bf68b6f4f513","geometry":{"type":"Polygon","coordinates":[[[3.1990046,6.4761406],[3.1989791,6.4762005],[3.1987651,6.4761108],[3.1987906,6.4760508],[3.1990046,6.4761406]]]},"properties":{"id":"overture:2dadd46a-6d5c-4109-a9ce-bf68b6f4f513","kind":"building","status":"awaiting-evidence","release":"2026-08-19.0","reason":"Overlapping building; compare alternate footprint","matches":["arcgis:University_Property:108","osm:way:1267516602"]}},{"type":"Feature","id":"overture:56ee4fa9-d832-46c5-afc2-11f1b9be9657","geometry":{"type":"Polygon","coordinates":[[[3.1980123,6.4761136],[3.1979271,6.4761333],[3.1978874,6.4759636],[3.1979726,6.4759439],[3.1980123,6.4761136]]]},"properties":{"id":"overture:56ee4fa9-d832-46c5-afc2-11f1b9be9657","kind":"building","status":"awaiting-evidence","release":"2026-08-19.0","reason":"Overlapping building; compare alternate footprint","matches":["osm:way:1273000719"]}},{"type":"Feature","id":"overture:ecd64c26-9b45-4d1e-be8d-1d1d2ff2dccc","geometry":{"type":"Polygon","coordinates":[[[3.1981064,6.4761224],[3.1980166,6.476129],[3.1980013,6.4759253],[3.1980911,6.4759187],[3.1981064,6.4761224]]]},"properties":{"id":"overture:ecd64c26-9b45-4d1e-be8d-1d1d2ff2dccc","kind":"building","status":"awaiting-evidence","release":"2026-08-19.0","reason":"Overlapping building; compare alternate footprint","matches":["osm:way:1273000718"]}},{"type":"Feature","id":"overture:92e98e6b-b807-4182-abed-0334093b5ec4","geometry":{"type":"Polygon","coordinates":[[[3.1978047,6.4760398],[3.1977356,6.4760504],[3.1977123,6.4759011],[3.1977814,6.4758905],[3.1978047,6.4760398]]]},"properties":{"id":"overture:92e98e6b-b807-4182-abed-0334093b5ec4","kind":"building","status":"awaiting-evidence","release":"2026-08-19.0","reason":"Overlapping building; compare alternate footprint","matches":["osm:way:1273000717"]}},{"type":"Feature","id":"overture:74ea77d4-45b8-4670-af69-79a0edb9fec1","geometry":{"type":"Polygon","coordinates":[[[3.1982617,6.4759756],[3.1982754,6.4758452],[3.1985825,6.4758772],[3.1985689,6.4760065],[3.1985317,6.4760026],[3.1985286,6.4760318],[3.1982875,6.4760067],[3.1982904,6.4759786],[3.1982617,6.4759756]]]},"properties":{"id":"overture:74ea77d4-45b8-4670-af69-79a0edb9fec1","kind":"building","status":"awaiting-evidence","release":"2026-08-19.0","reason":"Overlapping building; compare alternate footprint","matches":["arcgis:University_Property:107"]}},{"type":"Feature","id":"overture:c95d0b6e-0b08-40e1-8cab-ecb76b059072","geometry":{"type":"Polygon","coordinates":[[[3.1989643,6.4760849],[3.1988212,6.4760611],[3.1988521,6.4758785],[3.1989952,6.4759024],[3.1989643,6.4760849]]]},"properties":{"id":"overture:c95d0b6e-0b08-40e1-8cab-ecb76b059072","kind":"building","status":"awaiting-evidence","release":"2026-08-19.0","reason":"Overlapping building; compare alternate footprint","matches":["arcgis:University_Property:108"]}},{"type":"Feature","id":"overture:817c5755-6528-40cb-b888-f33523cb90dc","geometry":{"type":"Polygon","coordinates":[[[3.1987099,6.4758012],[3.1986764,6.4760704],[3.1985734,6.4760577],[3.1986069,6.4757886],[3.1987099,6.4758012]]]},"properties":{"id":"overture:817c5755-6528-40cb-b888-f33523cb90dc","kind":"building","status":"awaiting-evidence","release":"2026-08-19.0","reason":"Overlapping building; compare alternate footprint","matches":["osm:way:1267516601"]}},{"type":"Feature","id":"overture:eed05b39-6b99-4024-9695-7be930446c7e","geometry":{"type":"Polygon","coordinates":[[[3.1983491,6.4758375],[3.1983599,6.4757559],[3.1985021,6.4757746],[3.1984912,6.4758562],[3.1983491,6.4758375]]]},"properties":{"id":"overture:eed05b39-6b99-4024-9695-7be930446c7e","kind":"building","status":"awaiting-evidence","release":"2026-08-19.0","reason":"Overlapping building; compare alternate footprint","matches":["arcgis:University_Property:107"]}},{"type":"Feature","id":"overture:df34c480-5118-44de-939c-8acd40fbb7e9","geometry":{"type":"Polygon","coordinates":[[[3.1983443,6.4756174],[3.1982258,6.475596],[3.1982473,6.4754788],[3.1983657,6.4755002],[3.1983443,6.4756174]]]},"properties":{"id":"overture:df34c480-5118-44de-939c-8acd40fbb7e9","kind":"building","status":"awaiting-evidence","release":"2026-08-19.0","reason":"Overlapping building; compare alternate footprint","matches":["osm:way:1267516593"]}},{"type":"Feature","id":"overture:0bcdee19-5973-4d57-97c1-069579263b41","geometry":{"type":"Polygon","coordinates":[[[3.1984806,6.475652],[3.1984806,6.47554],[3.1986281,6.47554],[3.1986281,6.475652],[3.1984806,6.475652]]]},"properties":{"id":"overture:0bcdee19-5973-4d57-97c1-069579263b41","kind":"building","status":"awaiting-evidence","release":"2026-08-19.0","reason":"Overlapping building; compare alternate footprint","matches":["arcgis:University_Property:106"]}},{"type":"Feature","id":"overture:2a08bac1-109f-4158-b5e0-d9f5ec47fd66","geometry":{"type":"Polygon","coordinates":[[[3.1998588,6.4755343],[3.1998663,6.475493],[3.1999416,6.4755066],[3.199912,6.4756692],[3.1998133,6.4756514],[3.1998354,6.4755301],[3.1998588,6.4755343]]]},"properties":{"id":"overture:2a08bac1-109f-4158-b5e0-d9f5ec47fd66","kind":"building","status":"awaiting-evidence","release":"2026-08-19.0","reason":"Overlapping building; compare alternate footprint","matches":["arcgis:University_Property:39"]}},{"type":"Feature","id":"overture:d7f8a610-bce5-4788-a423-6b49e6bfd061","geometry":{"type":"Polygon","coordinates":[[[3.1998594,6.475738],[3.1998629,6.475715],[3.199874,6.4756946],[3.1998915,6.4756792],[3.1999133,6.4756707],[3.1999366,6.4756701],[3.1999588,6.4756775],[3.1999771,6.475692],[3.1999893,6.4757118],[3.1999939,6.4757345],[3.1999904,6.4757575],[3.1999793,6.4757779],[3.1999618,6.4757933],[3.19994,6.4758018],[3.1999167,6.4758024],[3.1998945,6.475795],[3.1998762,6.4757805],[3.199864,6.4757607],[3.1998594,6.475738]]]},"properties":{"id":"overture:d7f8a610-bce5-4788-a423-6b49e6bfd061","kind":"building","status":"awaiting-evidence","release":"2026-08-19.0","reason":"Overlapping building; compare alternate footprint","matches":["osm:relation:17478899"]}},{"type":"Feature","id":"overture:186258a8-b3fb-407a-a4fd-774ba8aff569","geometry":{"type":"Polygon","coordinates":[[[3.1998075,6.4759967],[3.1998333,6.4758769],[3.200037,6.4759203],[3.2001222,6.4755253],[3.1998478,6.4754669],[3.1998686,6.4753701],[3.2002881,6.4754593],[3.2001563,6.4760709],[3.1998075,6.4759967]]]},"properties":{"id":"overture:186258a8-b3fb-407a-a4fd-774ba8aff569","kind":"building","status":"awaiting-evidence","release":"2026-08-19.0","reason":"Overlapping building; compare alternate footprint","matches":["arcgis:University_Property:39"]}},{"type":"Feature","id":"overture:61ddb452-b17a-4b13-be91-defe31073f73","geometry":{"type":"Polygon","coordinates":[[[3.2006753,6.4755635],[3.2006837,6.4755307],[3.2007273,6.4755417],[3.2007189,6.4755745],[3.2006753,6.4755635]]]},"properties":{"id":"overture:61ddb452-b17a-4b13-be91-defe31073f73","kind":"building","status":"awaiting-evidence","release":"2026-08-19.0","reason":"Overlapping building; compare alternate footprint","matches":["osm:way:1267505885"]}},{"type":"Feature","id":"overture:eaa61cdb-1f4f-4fb0-93a6-73f8a5124ffd","geometry":{"type":"Polygon","coordinates":[[[3.2006352,6.4756679],[3.2003984,6.4756007],[3.2004467,6.4754328],[3.2006835,6.4755],[3.2006352,6.4756679]]]},"properties":{"id":"overture:eaa61cdb-1f4f-4fb0-93a6-73f8a5124ffd","kind":"building","status":"awaiting-evidence","release":"2026-08-19.0","reason":"Overlapping building; compare alternate footprint","matches":["arcgis:University_Property:96"]}},{"type":"Feature","id":"overture:ebf160f8-c55d-4045-bd50-ff4148011494","geometry":{"type":"Polygon","coordinates":[[[3.2006864,6.4754944],[3.2006059,6.4754721],[3.2006138,6.475444],[3.2006943,6.4754663],[3.2006864,6.4754944]]]},"properties":{"id":"overture:ebf160f8-c55d-4045-bd50-ff4148011494","kind":"building","status":"awaiting-evidence","release":"2026-08-19.0","reason":"Overlapping building; compare alternate footprint","matches":["arcgis:University_Property:96"]}},{"type":"Feature","id":"overture:0cc8ba0b-a855-4bf0-b29c-8731b0522b28","geometry":{"type":"Polygon","coordinates":[[[3.2005375,6.4754518],[3.2004772,6.4754341],[3.2004843,6.4754102],[3.2005446,6.4754278],[3.2005375,6.4754518]]]},"properties":{"id":"overture:0cc8ba0b-a855-4bf0-b29c-8731b0522b28","kind":"building","status":"awaiting-evidence","release":"2026-08-19.0","reason":"Overlapping building; compare alternate footprint","matches":["arcgis:University_Property:96"]}},{"type":"Feature","id":"overture:08c1e5a4-e443-47c6-9d86-f335731e7d36","geometry":{"type":"Polygon","coordinates":[[[3.198852,6.475589],[3.1990382,6.4750076],[3.1993304,6.4751],[3.199144,6.4756814],[3.198852,6.475589]],[[3.1989596,6.4755844],[3.1990318,6.475608],[3.1991954,6.4751136],[3.1991232,6.4750901],[3.1989596,6.4755844]]]},"properties":{"id":"overture:08c1e5a4-e443-47c6-9d86-f335731e7d36","kind":"building","status":"awaiting-evidence","release":"2026-08-19.0","reason":"Overlapping building; compare alternate footprint","matches":["arcgis:University_Property:123"]}},{"type":"Feature","id":"overture:4bda22d3-7ed4-4cfb-896f-0f07c4c787b5","geometry":{"type":"Polygon","coordinates":[[[3.2001327,6.4753841],[3.2000252,6.4753519],[3.2000326,6.4753276],[3.20014,6.4753598],[3.2001327,6.4753841]]]},"properties":{"id":"overture:4bda22d3-7ed4-4cfb-896f-0f07c4c787b5","kind":"building","status":"awaiting-evidence","release":"2026-08-19.0","reason":"Overlapping building; compare alternate footprint","matches":["arcgis:University_Property:39","osm:way:1339042050"]}},{"type":"Feature","id":"overture:dd62fb7d-7c15-4a7f-b016-2ec5d6a9559f","geometry":{"type":"Polygon","coordinates":[[[3.2007001,6.4754605],[3.2004577,6.4753985],[3.2005006,6.4752326],[3.2007431,6.4752946],[3.2007001,6.4754605]]]},"properties":{"id":"overture:dd62fb7d-7c15-4a7f-b016-2ec5d6a9559f","kind":"building","status":"awaiting-evidence","release":"2026-08-19.0","reason":"Overlapping building; compare alternate footprint","matches":["arcgis:University_Property:96"]}},{"type":"Feature","id":"overture:3cf23077-ec83-4aca-94b1-02b230f540fa","geometry":{"type":"Polygon","coordinates":[[[3.2005841,6.4751915],[3.2005271,6.4751809],[3.2005372,6.4751276],[3.2005942,6.4751382],[3.2005841,6.4751915]]]},"properties":{"id":"overture:3cf23077-ec83-4aca-94b1-02b230f540fa","kind":"building","status":"awaiting-evidence","release":"2026-08-19.0","reason":"Overlapping building; compare alternate footprint","matches":["osm:way:1267505884"]}},{"type":"Feature","id":"overture:3492206e-0e1c-4007-869f-f2646e25f5b7","geometry":{"type":"Polygon","coordinates":[[[3.2003385,6.4751407],[3.2003568,6.4750617],[3.2005171,6.4750983],[3.2004988,6.4751774],[3.2003385,6.4751407]]]},"properties":{"id":"overture:3492206e-0e1c-4007-869f-f2646e25f5b7","kind":"building","status":"awaiting-evidence","release":"2026-08-19.0","reason":"Overlapping building; compare alternate footprint","matches":["arcgis:University_Property:95"]}},{"type":"Feature","id":"overture:228b845d-9311-4013-9602-dab0bacc5220","geometry":{"type":"Polygon","coordinates":[[[3.2006056,6.4750319],[3.2006156,6.475005],[3.2006827,6.4750297],[3.2006727,6.4750565],[3.2006056,6.4750319]]]},"properties":{"id":"overture:228b845d-9311-4013-9602-dab0bacc5220","kind":"building","status":"awaiting-evidence","release":"2026-08-19.0","reason":"Overlapping building; compare alternate footprint","matches":["osm:way:1267505880"]}},{"type":"Feature","id":"overture:557073a9-2409-443d-9398-497640a41595","geometry":{"type":"Polygon","coordinates":[[[3.2006475,6.4749995],[3.2006559,6.4749704],[3.2007498,6.474997],[3.2007414,6.4750262],[3.2006475,6.4749995]]]},"properties":{"id":"overture:557073a9-2409-443d-9398-497640a41595","kind":"building","status":"awaiting-evidence","release":"2026-08-19.0","reason":"Overlapping building; compare alternate footprint","matches":["osm:way:1267505881"]}},{"type":"Feature","id":"overture:8d5ab048-723b-4064-91ba-af34addd4faa","geometry":{"type":"Polygon","coordinates":[[[3.2005929,6.4750479],[3.2003974,6.4749838],[3.2004503,6.4748248],[3.2006458,6.4748889],[3.2005929,6.4750479]]]},"properties":{"id":"overture:8d5ab048-723b-4064-91ba-af34addd4faa","kind":"building","status":"awaiting-evidence","release":"2026-08-19.0","reason":"Overlapping building; compare alternate footprint","matches":["arcgis:University_Property:94"]}},{"type":"Feature","id":"overture:97563db0-9e5a-4efe-8af5-5e744db24ee5","geometry":{"type":"Polygon","coordinates":[[[3.2001708,6.4749505],[3.2001489,6.4749444],[3.2001811,6.4748311],[3.2002029,6.4748373],[3.2001708,6.4749505]]]},"properties":{"id":"overture:97563db0-9e5a-4efe-8af5-5e744db24ee5","kind":"building","status":"awaiting-evidence","release":"2026-08-19.0","reason":"Overlapping building; compare alternate footprint","matches":["arcgis:University_Property:40","osm:way:1267505877"]}},{"type":"Feature","id":"overture:aa13d0d3-7a89-465f-a93e-73f8d94c9373","geometry":{"type":"Polygon","coordinates":[[[3.2002534,6.4749241],[3.2002147,6.4749197],[3.200222,6.4748551],[3.2002607,6.4748595],[3.2002534,6.4749241]]]},"properties":{"id":"overture:aa13d0d3-7a89-465f-a93e-73f8d94c9373","kind":"building","status":"awaiting-evidence","release":"2026-08-19.0","reason":"Overlapping building; compare alternate footprint","matches":["osm:way:1267505876"]}},{"type":"Feature","id":"overture:d50ca357-08b4-4f16-b5dd-503ab8775aa7","geometry":{"type":"Polygon","coordinates":[[[3.2000747,6.4751539],[3.1999285,6.4751074],[3.1999528,6.4750322],[3.1999894,6.4750438],[3.2000785,6.4747678],[3.2001598,6.4747937],[3.2001102,6.4749472],[3.2000943,6.4749421],[3.2000551,6.4750636],[3.2000993,6.4750777],[3.2000747,6.4751539]]]},"properties":{"id":"overture:d50ca357-08b4-4f16-b5dd-503ab8775aa7","kind":"building","status":"awaiting-evidence","release":"2026-08-19.0","reason":"Overlapping building; compare alternate footprint","matches":["arcgis:University_Property:40"]}},{"type":"Feature","id":"overture:1d5bf7a5-95a5-491e-8c95-1b7db1c30eec","geometry":{"type":"Polygon","coordinates":[[[3.2002509,6.475065],[3.2000792,6.475031],[3.200095,6.4749522],[3.2002667,6.4749862],[3.2002509,6.475065]]]},"properties":{"id":"overture:1d5bf7a5-95a5-491e-8c95-1b7db1c30eec","kind":"building","status":"awaiting-evidence","release":"2026-08-19.0","reason":"Overlapping building; compare alternate footprint","matches":["arcgis:University_Property:40","osm:way:1267505878"]}},{"type":"Feature","id":"overture:482cd806-2a77-4f9e-93cd-182ba3d14156","geometry":{"type":"Polygon","coordinates":[[[3.199469,6.4749005],[3.1994891,6.4748445],[3.199583,6.4748778],[3.1995628,6.4749338],[3.199469,6.4749005]]]},"properties":{"id":"overture:482cd806-2a77-4f9e-93cd-182ba3d14156","kind":"building","status":"awaiting-evidence","release":"2026-08-19.0","reason":"Overlapping building; compare alternate footprint","matches":["osm:way:1267516600"]}},{"type":"Feature","id":"overture:5a7cb5f8-9e42-4f3d-a361-d1a43555327f","geometry":{"type":"Polygon","coordinates":[[[3.1991072,6.4749749],[3.1991284,6.4749071],[3.199245,6.4749431],[3.1992238,6.4750109],[3.1991072,6.4749749]]]},"properties":{"id":"overture:5a7cb5f8-9e42-4f3d-a361-d1a43555327f","kind":"building","status":"awaiting-evidence","release":"2026-08-19.0","reason":"Overlapping building; compare alternate footprint","matches":["arcgis:University_Property:123","osm:way:1267516598"]}},{"type":"Feature","id":"overture:d719d55d-ff60-40ad-978b-525b1b685b3a","geometry":{"type":"Polygon","coordinates":[[[3.198294,6.4748928],[3.1982607,6.4748904],[3.1982667,6.4748058],[3.1983,6.4748082],[3.198294,6.4748928]]]},"properties":{"id":"overture:d719d55d-ff60-40ad-978b-525b1b685b3a","kind":"building","status":"awaiting-evidence","release":"2026-08-19.0","reason":"Overlapping building; compare alternate footprint","matches":["osm:way:1267516607"]}},{"type":"Feature","id":"overture:2969430e-712b-4a19-bb0e-f38cf12d8339","geometry":{"type":"Polygon","coordinates":[[[3.198437,6.4750448],[3.1984787,6.4748732],[3.1987579,6.4749403],[3.1987279,6.4750637],[3.1985449,6.4750198],[3.1985332,6.4750679],[3.198437,6.4750448]]]},"properties":{"id":"overture:2969430e-712b-4a19-bb0e-f38cf12d8339","kind":"building","status":"awaiting-evidence","release":"2026-08-19.0","reason":"Overlapping building; compare alternate footprint","matches":["osm:way:1267516592"]}},{"type":"Feature","id":"overture:bffb6b40-65b0-4d21-8e37-8d623f913c78","geometry":{"type":"Polygon","coordinates":[[[3.1977256,6.4754494],[3.197456,6.4754481],[3.1974568,6.4752803],[3.1977264,6.4752816],[3.1977256,6.4754494]]]},"properties":{"id":"overture:bffb6b40-65b0-4d21-8e37-8d623f913c78","kind":"building","status":"awaiting-evidence","release":"2026-08-19.0","reason":"Overlapping building; compare alternate footprint","matches":["osm:way:1267516594"]}},{"type":"Feature","id":"overture:e7b7e493-245d-4a3e-b848-0aee5a8684a1","geometry":{"type":"Polygon","coordinates":[[[3.1962076,6.4768811],[3.1961742,6.4768703],[3.1961887,6.4768263],[3.196222,6.4768371],[3.1962076,6.4768811]]]},"properties":{"id":"overture:e7b7e493-245d-4a3e-b848-0aee5a8684a1","kind":"building","status":"awaiting-evidence","release":"2026-08-19.0","reason":"Overlapping building; compare alternate footprint","matches":["osm:way:1267367172"]}},{"type":"Feature","id":"overture:5d4e353b-4983-4bf0-860d-dbf9c18d6a83","geometry":{"type":"Polygon","coordinates":[[[3.1991494,6.4763713],[3.1991012,6.4763569],[3.1991157,6.4763091],[3.1991639,6.4763236],[3.1991494,6.4763713]]]},"properties":{"id":"overture:5d4e353b-4983-4bf0-860d-dbf9c18d6a83","kind":"building","status":"awaiting-evidence","release":"2026-08-19.0","reason":"Overlapping building; compare alternate footprint","matches":["osm:way:1339042049"]}},{"type":"Feature","id":"overture:1362040a-d281-45e5-88dd-b80386878015","geometry":{"type":"Polygon","coordinates":[[[3.1998738,6.4763217],[3.1998143,6.4763023],[3.1998331,6.4762456],[3.1998925,6.4762651],[3.1998738,6.4763217]]]},"properties":{"id":"overture:1362040a-d281-45e5-88dd-b80386878015","kind":"building","status":"awaiting-evidence","release":"2026-08-19.0","reason":"Overlapping building; compare alternate footprint","matches":["osm:way:1267505871"]}},{"type":"Feature","id":"overture:3fe4471c-cdc1-4bfb-b8fc-363aac9d7981","geometry":{"type":"Polygon","coordinates":[[[3.1998003,6.476292],[3.1997372,6.4762756],[3.1997634,6.4761763],[3.1998265,6.4761927],[3.1998003,6.476292]]]},"properties":{"id":"overture:3fe4471c-cdc1-4bfb-b8fc-363aac9d7981","kind":"building","status":"awaiting-evidence","release":"2026-08-19.0","reason":"Overlapping building; compare alternate footprint","matches":["osm:way:1267505872"]}},{"type":"Feature","id":"overture:3bf6c1b9-58f0-44e7-8cae-92963a649197","geometry":{"type":"Polygon","coordinates":[[[3.2005671,6.4762829],[3.2005177,6.476267],[3.2005345,6.4762156],[3.2005839,6.4762316],[3.2005671,6.4762829]]]},"properties":{"id":"overture:3bf6c1b9-58f0-44e7-8cae-92963a649197","kind":"building","status":"awaiting-evidence","release":"2026-08-19.0","reason":"Overlapping building; compare alternate footprint","matches":["osm:way:1267505869"]}},{"type":"Feature","id":"overture:8e66ac52-08de-4a0f-93f9-44022b62ccbf","geometry":{"type":"Polygon","coordinates":[[[3.1999875,6.4763533],[3.1998861,6.4763276],[3.1999015,6.4762676],[3.200003,6.4762934],[3.1999875,6.4763533]]]},"properties":{"id":"overture:8e66ac52-08de-4a0f-93f9-44022b62ccbf","kind":"building","status":"awaiting-evidence","release":"2026-08-19.0","reason":"Overlapping building; compare alternate footprint","matches":["osm:way:1267505870"]}},{"type":"Feature","id":"overture:2e51cbae-8dc7-4025-875f-55786b0c5f3e","geometry":{"type":"Polygon","coordinates":[[[3.2005438,6.4764283],[3.2004896,6.4766167],[3.2002852,6.4765587],[3.2003394,6.4763702],[3.2005438,6.4764283]]]},"properties":{"id":"overture:2e51cbae-8dc7-4025-875f-55786b0c5f3e","kind":"building","status":"awaiting-evidence","release":"2026-08-19.0","reason":"Overlapping building; compare alternate footprint","matches":["arcgis:University_Property:38","osm:way:1267566619"]}},{"type":"Feature","id":"overture:943db7bd-5e40-4cb9-91ef-f603569ce7b3","geometry":{"type":"Polygon","coordinates":[[[3.1996674,6.4766591],[3.1996313,6.4766474],[3.1997212,6.4763732],[3.1997573,6.4763849],[3.1996674,6.4766591]]]},"properties":{"id":"overture:943db7bd-5e40-4cb9-91ef-f603569ce7b3","kind":"building","status":"awaiting-evidence","release":"2026-08-19.0","reason":"Overlapping building; compare alternate footprint","matches":["osm:way:1267673092"]}},{"type":"Feature","id":"overture:d7931d00-3a4c-419b-b1d1-a54e38a8583e","geometry":{"type":"Polygon","coordinates":[[[3.1997155,6.4766481],[3.199697,6.4766421],[3.199716,6.4765841],[3.1997345,6.4765901],[3.1997155,6.4766481]]]},"properties":{"id":"overture:d7931d00-3a4c-419b-b1d1-a54e38a8583e","kind":"building","status":"awaiting-evidence","release":"2026-08-19.0","reason":"Overlapping building; compare alternate footprint","matches":["osm:way:1267673091"]}},{"type":"Feature","id":"overture:c66a97df-e1ff-480f-89be-e0e68c2b29fe","geometry":{"type":"Polygon","coordinates":[[[3.199598,6.4769194],[3.1995562,6.4769059],[3.1995895,6.4768044],[3.1996313,6.476818],[3.199598,6.4769194]]]},"properties":{"id":"overture:c66a97df-e1ff-480f-89be-e0e68c2b29fe","kind":"building","status":"awaiting-evidence","release":"2026-08-19.0","reason":"Overlapping building; compare alternate footprint","matches":["osm:way:1267673094"]}},{"type":"Feature","id":"overture:b9c81879-01a9-411c-8d39-53681d3ec280","geometry":{"type":"Polygon","coordinates":[[[3.199611,6.4767925],[3.199591,6.476786],[3.1996019,6.4767529],[3.1996219,6.4767593],[3.199611,6.4767925]]]},"properties":{"id":"overture:b9c81879-01a9-411c-8d39-53681d3ec280","kind":"building","status":"awaiting-evidence","release":"2026-08-19.0","reason":"Overlapping building; compare alternate footprint","matches":["osm:way:1267673093"]}},{"type":"Feature","id":"overture:2fdafe1d-9681-4247-a0e4-65f6f2401d52","geometry":{"type":"Polygon","coordinates":[[[3.1995448,6.477088],[3.1995092,6.4770765],[3.1995541,6.4769397],[3.1995897,6.4769512],[3.1995448,6.477088]]]},"properties":{"id":"overture:2fdafe1d-9681-4247-a0e4-65f6f2401d52","kind":"building","status":"awaiting-evidence","release":"2026-08-19.0","reason":"Overlapping building; compare alternate footprint","matches":["osm:way:1267673095"]}},{"type":"Feature","id":"overture:3ae6553e-ed0a-4b87-8c13-933813c5897b","geometry":{"type":"Polygon","coordinates":[[[3.2000592,6.4774173],[3.1998727,6.4773643],[3.1999704,6.4770243],[3.1998477,6.4769894],[3.1998894,6.4768444],[3.2000121,6.4768793],[3.2001141,6.4765248],[3.2003004,6.4765777],[3.2002869,6.4766245],[3.2004219,6.4766628],[3.2004354,6.476616],[3.2006111,6.4766659],[3.2005033,6.4770407],[3.200436,6.4770216],[3.2004105,6.4771103],[3.2004778,6.4771294],[3.2003697,6.4775054],[3.200198,6.4774567],[3.2002071,6.477425],[3.2000683,6.4773856],[3.2000592,6.4774173]]]},"properties":{"id":"overture:3ae6553e-ed0a-4b87-8c13-933813c5897b","kind":"building","status":"awaiting-evidence","release":"2026-08-19.0","reason":"Overlapping building; compare alternate footprint","matches":["arcgis:University_Property:38"]}},{"type":"Feature","id":"overture:108d84d4-437d-4aee-8dd7-82288880e197","geometry":{"type":"Polygon","coordinates":[[[3.1995344,6.4771476],[3.1994918,6.4771338],[3.1995042,6.477096],[3.1995468,6.4771098],[3.1995344,6.4771476]]]},"properties":{"id":"overture:108d84d4-437d-4aee-8dd7-82288880e197","kind":"building","status":"awaiting-evidence","release":"2026-08-19.0","reason":"Overlapping building; compare alternate footprint","matches":["osm:way:1267673096"]}},{"type":"Feature","id":"overture:639e6693-d9b0-4857-bb6e-6d46b7684418","geometry":{"type":"Polygon","coordinates":[[[3.1994198,6.4775262],[3.1993684,6.4775096],[3.1994539,6.4772491],[3.1995052,6.4772657],[3.1994198,6.4775262]]]},"properties":{"id":"overture:639e6693-d9b0-4857-bb6e-6d46b7684418","kind":"building","status":"awaiting-evidence","release":"2026-08-19.0","reason":"Overlapping building; compare alternate footprint","matches":["osm:way:1267673099"]}},{"type":"Feature","id":"overture:b12528ce-52b0-4f25-9985-ff71c55a03e3","geometry":{"type":"Polygon","coordinates":[[[3.2001722,6.4776852],[3.1999665,6.4776268],[3.2000197,6.4774418],[3.2002254,6.4775002],[3.2001722,6.4776852]]]},"properties":{"id":"overture:b12528ce-52b0-4f25-9985-ff71c55a03e3","kind":"building","status":"awaiting-evidence","release":"2026-08-19.0","reason":"Overlapping building; compare alternate footprint","matches":["arcgis:University_Property:38"]}},{"type":"Feature","id":"overture:d134e290-332e-47eb-b5bb-18c4bfb6ff72","geometry":{"type":"Polygon","coordinates":[[[3.1961907,6.4770512],[3.1960338,6.4769992],[3.1960472,6.4769592],[3.1962041,6.4770112],[3.1961907,6.4770512]]]},"properties":{"id":"overture:d134e290-332e-47eb-b5bb-18c4bfb6ff72","kind":"building","status":"awaiting-evidence","release":"2026-08-19.0","reason":"Overlapping building; compare alternate footprint","matches":["arcgis:University_Property:110"]}},{"type":"Feature","id":"overture:11949b56-e164-460a-9b02-622c0c56a968","geometry":{"type":"Polygon","coordinates":[[[3.1960022,6.4769885],[3.195907,6.4769559],[3.1959175,6.4769257],[3.1960127,6.4769583],[3.1960022,6.4769885]]]},"properties":{"id":"overture:11949b56-e164-460a-9b02-622c0c56a968","kind":"building","status":"awaiting-evidence","release":"2026-08-19.0","reason":"Overlapping building; compare alternate footprint","matches":["arcgis:University_Property:110"]}},{"type":"Feature","id":"overture:6919b75b-e71e-4b62-b310-5a94bdabe7cb","geometry":{"type":"Polygon","coordinates":[[[3.1962602,6.4772578],[3.1962208,6.4772457],[3.1962597,6.4771211],[3.1962991,6.4771332],[3.1962602,6.4772578]]]},"properties":{"id":"overture:6919b75b-e71e-4b62-b310-5a94bdabe7cb","kind":"building","status":"awaiting-evidence","release":"2026-08-19.0","reason":"Overlapping building; compare alternate footprint","matches":["arcgis:University_Property:110"]}},{"type":"Feature","id":"overture:f12e5aba-3145-461a-8885-b733a81724c0","geometry":{"type":"Polygon","coordinates":[[[3.195998,6.4771579],[3.1960071,6.4772151],[3.1959312,6.4772271],[3.1959221,6.4771699],[3.195998,6.4771579]]]},"properties":{"id":"overture:f12e5aba-3145-461a-8885-b733a81724c0","kind":"building","status":"awaiting-evidence","release":"2026-08-19.0","reason":"Overlapping building; compare alternate footprint","matches":["arcgis:University_Property:110"]}},{"type":"Feature","id":"overture:b3b44c7c-0b5b-45c1-be7c-12130391c59b","geometry":{"type":"Polygon","coordinates":[[[3.1961299,6.4772771],[3.1961158,6.4772728],[3.1960955,6.4773385],[3.1961179,6.4773453],[3.1960928,6.4774266],[3.1957313,6.4773163],[3.1957551,6.4772393],[3.195788,6.4772494],[3.1958487,6.4770532],[3.1958158,6.4770431],[3.1958359,6.4769779],[3.1961891,6.4770856],[3.1961738,6.4771351],[3.1961614,6.4771313],[3.1961388,6.4772044],[3.1961512,6.4772082],[3.1961299,6.4772771]],[[3.1960626,6.4771071],[3.1959194,6.4770634],[3.1958561,6.4772684],[3.1959993,6.4773121],[3.1960626,6.4771071]]]},"properties":{"id":"overture:b3b44c7c-0b5b-45c1-be7c-12130391c59b","kind":"building","status":"awaiting-evidence","release":"2026-08-19.0","reason":"Overlapping building; compare alternate footprint","matches":["arcgis:University_Property:110"]}},{"type":"Feature","id":"overture:4a37808b-88d7-4f6e-bcc7-1b4baa5bf346","geometry":{"type":"Polygon","coordinates":[[[3.1957292,6.4772164],[3.1956978,6.4772057],[3.1957253,6.4771258],[3.1957567,6.4771364],[3.1957292,6.4772164]]]},"properties":{"id":"overture:4a37808b-88d7-4f6e-bcc7-1b4baa5bf346","kind":"building","status":"awaiting-evidence","release":"2026-08-19.0","reason":"Overlapping building; compare alternate footprint","matches":["arcgis:University_Property:110","osm:way:1267367183"]}},{"type":"Feature","id":"overture:3ce46817-5886-47a4-a78c-2df3149d30d3","geometry":{"type":"Polygon","coordinates":[[[3.1979332,6.4722688],[3.1979658,6.4722643],[3.1979729,6.4723163],[3.1979404,6.4723207],[3.1979332,6.4722688]]]},"properties":{"id":"overture:3ce46817-5886-47a4-a78c-2df3149d30d3","kind":"building","status":"awaiting-evidence","release":"2026-08-19.0","reason":"Overlapping building; compare alternate footprint","matches":["overture:b0145257-12c0-4199-b494-c03ed0fa1bb0"]}},{"type":"Feature","id":"overture:4623393c-2939-4f45-a4b9-d8c4bddc44e1","geometry":{"type":"Polygon","coordinates":[[[3.1983438,6.4724245],[3.1983364,6.4724698],[3.1983061,6.472465],[3.1983135,6.4724197],[3.1983438,6.4724245]]]},"properties":{"id":"overture:4623393c-2939-4f45-a4b9-d8c4bddc44e1","kind":"building","status":"awaiting-evidence","release":"2026-08-19.0","reason":"Overlapping building; compare alternate footprint","matches":["arcgis:University_Property:100"]}},{"type":"Feature","id":"overture:39bd2305-eaca-4f96-805c-5b440cd28e92","geometry":{"type":"Polygon","coordinates":[[[3.1984873,6.4725165],[3.1983612,6.4724672],[3.1983846,6.4724083],[3.1985106,6.4724576],[3.1984873,6.4725165]]]},"properties":{"id":"overture:39bd2305-eaca-4f96-805c-5b440cd28e92","kind":"building","status":"awaiting-evidence","release":"2026-08-19.0","reason":"Overlapping building; compare alternate footprint","matches":["arcgis:University_Property:100"]}},{"type":"Feature","id":"overture:5bdf9213-8c18-45eb-9d18-fc92f9580aec","geometry":{"type":"Polygon","coordinates":[[[3.1985436,6.472397],[3.1985317,6.4724438],[3.198503,6.4724365],[3.1985149,6.4723897],[3.1985436,6.472397]]]},"properties":{"id":"overture:5bdf9213-8c18-45eb-9d18-fc92f9580aec","kind":"building","status":"awaiting-evidence","release":"2026-08-19.0","reason":"Overlapping building; compare alternate footprint","matches":["arcgis:University_Property:100"]}},{"type":"Feature","id":"overture:b092a5a4-6053-4399-81aa-6959af8a349b","geometry":{"type":"Polygon","coordinates":[[[3.1998655,6.4723387],[3.1994516,6.4722513],[3.1994904,6.4720695],[3.199594,6.4720914],[3.1995885,6.4721172],[3.1997947,6.4721608],[3.1998002,6.4721349],[3.1999044,6.4721569],[3.1998655,6.4723387]]]},"properties":{"id":"overture:b092a5a4-6053-4399-81aa-6959af8a349b","kind":"building","status":"awaiting-evidence","release":"2026-08-19.0","reason":"Overlapping building; compare alternate footprint","matches":["osm:way:1267097978"]}},{"type":"Feature","id":"overture:5313c725-7233-4041-8432-c8e33ccc22da","geometry":{"type":"Polygon","coordinates":[[[3.2002156,6.4723804],[3.2000599,6.4723646],[3.2000724,6.4722426],[3.2001173,6.4722472],[3.2001191,6.4722298],[3.20023,6.4722411],[3.2002156,6.4723804]]]},"properties":{"id":"overture:5313c725-7233-4041-8432-c8e33ccc22da","kind":"building","status":"awaiting-evidence","release":"2026-08-19.0","reason":"Overlapping building; compare alternate footprint","matches":["arcgis:University_Property:22","osm:way:1267502663"]}},{"type":"Feature","id":"overture:923106d4-7d09-49a7-90c2-5ea93862fe68","geometry":{"type":"Polygon","coordinates":[[[3.1995951,6.472328],[3.1997077,6.4723473],[3.1996851,6.4724795],[3.1995724,6.4724602],[3.1995951,6.472328]]]},"properties":{"id":"overture:923106d4-7d09-49a7-90c2-5ea93862fe68","kind":"building","status":"awaiting-evidence","release":"2026-08-19.0","reason":"Overlapping building; compare alternate footprint","matches":["arcgis:University_Property:55"]}},{"type":"Feature","id":"overture:4640351d-040a-40a0-8871-2334eac7fb06","geometry":{"type":"Polygon","coordinates":[[[3.1999551,6.4725685],[3.1998847,6.4725551],[3.1998951,6.4725008],[3.1999656,6.4725142],[3.1999551,6.4725685]]]},"properties":{"id":"overture:4640351d-040a-40a0-8871-2334eac7fb06","kind":"building","status":"awaiting-evidence","release":"2026-08-19.0","reason":"Overlapping building; compare alternate footprint","matches":["osm:way:1273141556"]}},{"type":"Feature","id":"overture:b1c8fe9c-5601-464a-af83-4db206f52468","geometry":{"type":"Polygon","coordinates":[[[3.2000819,6.472849],[3.1998982,6.4727977],[3.1999148,6.4727387],[3.1999588,6.4727509],[3.1999635,6.4727342],[3.2000576,6.4727604],[3.2000518,6.4727809],[3.2000975,6.4727937],[3.2000819,6.472849]]]},"properties":{"id":"overture:b1c8fe9c-5601-464a-af83-4db206f52468","kind":"building","status":"awaiting-evidence","release":"2026-08-19.0","reason":"Overlapping building; compare alternate footprint","matches":["arcgis:University_Property:54"]}},{"type":"Feature","id":"overture:534292f6-5723-4f73-9c33-d8e003231a8a","geometry":{"type":"Polygon","coordinates":[[[3.1993885,6.4727484],[3.1996289,6.4728169],[3.1996226,6.472839],[3.1993822,6.4727706],[3.1993885,6.4727484]]]},"properties":{"id":"overture:534292f6-5723-4f73-9c33-d8e003231a8a","kind":"building","status":"awaiting-evidence","release":"2026-08-19.0","reason":"Overlapping building; compare alternate footprint","matches":["arcgis:University_Property:54"]}},{"type":"Feature","id":"overture:25801ed1-002a-41ae-826a-bf6ed90fb26b","geometry":{"type":"Polygon","coordinates":[[[3.1990056,6.4727601],[3.1989445,6.4727436],[3.199001,6.4725362],[3.1991378,6.472573],[3.1990813,6.4727804],[3.1990155,6.4727627],[3.1990485,6.4726417],[3.1990386,6.472639],[3.1990056,6.4727601]]]},"properties":{"id":"overture:25801ed1-002a-41ae-826a-bf6ed90fb26b","kind":"building","status":"awaiting-evidence","release":"2026-08-19.0","reason":"Overlapping building; compare alternate footprint","matches":["arcgis:University_Property:121"]}},{"type":"Feature","id":"overture:12190b8f-9eef-4e2a-a950-5fe91e7bcea6","geometry":{"type":"Polygon","coordinates":[[[3.198369,6.4728426],[3.1982637,6.4728037],[3.1982852,6.4727462],[3.1983905,6.4727852],[3.198369,6.4728426]]]},"properties":{"id":"overture:12190b8f-9eef-4e2a-a950-5fe91e7bcea6","kind":"building","status":"awaiting-evidence","release":"2026-08-19.0","reason":"Overlapping building; compare alternate footprint","matches":["arcgis:University_Property:100"]}},{"type":"Feature","id":"overture:2129ca23-bbce-4146-94ba-d33f8b0a7421","geometry":{"type":"Polygon","coordinates":[[[3.1982117,6.4727333],[3.1982618,6.4727402],[3.1982575,6.4727715],[3.1982074,6.4727646],[3.1982117,6.4727333]]]},"properties":{"id":"overture:2129ca23-bbce-4146-94ba-d33f8b0a7421","kind":"building","status":"awaiting-evidence","release":"2026-08-19.0","reason":"Overlapping building; compare alternate footprint","matches":["arcgis:University_Property:100"]}},{"type":"Feature","id":"overture:c0898779-8117-4aa1-a787-3cbed6c7fbda","geometry":{"type":"Polygon","coordinates":[[[3.1983159,6.4727448],[3.1982727,6.4727297],[3.1983391,6.4725418],[3.1983823,6.4725569],[3.1983159,6.4727448]]]},"properties":{"id":"overture:c0898779-8117-4aa1-a787-3cbed6c7fbda","kind":"building","status":"awaiting-evidence","release":"2026-08-19.0","reason":"Overlapping building; compare alternate footprint","matches":["arcgis:University_Property:100"]}},{"type":"Feature","id":"overture:6045a892-1067-44b1-970c-65b16652701f","geometry":{"type":"Polygon","coordinates":[[[3.1988695,6.4727528],[3.1987321,6.472715],[3.1987971,6.4724812],[3.1989345,6.4725189],[3.1988695,6.4727528]]]},"properties":{"id":"overture:6045a892-1067-44b1-970c-65b16652701f","kind":"building","status":"awaiting-evidence","release":"2026-08-19.0","reason":"Overlapping building; compare alternate footprint","matches":["arcgis:University_Property:121"]}},{"type":"Feature","id":"overture:5c9fecfa-0de8-4992-86ed-9b37a9d24bce","geometry":{"type":"Polygon","coordinates":[[[3.1983277,6.4724772],[3.198315,6.4725231],[3.1982574,6.4725074],[3.1982701,6.4724614],[3.1983277,6.4724772]]]},"properties":{"id":"overture:5c9fecfa-0de8-4992-86ed-9b37a9d24bce","kind":"building","status":"awaiting-evidence","release":"2026-08-19.0","reason":"Overlapping building; compare alternate footprint","matches":["arcgis:University_Property:100"]}},{"type":"Feature","id":"overture:593b2083-b407-4dd3-a56e-3ba4c37a4d95","geometry":{"type":"Polygon","coordinates":[[[3.1983549,6.472506],[3.1983963,6.4725162],[3.1983896,6.4725434],[3.1983482,6.4725332],[3.1983549,6.472506]]]},"properties":{"id":"overture:593b2083-b407-4dd3-a56e-3ba4c37a4d95","kind":"building","status":"awaiting-evidence","release":"2026-08-19.0","reason":"Overlapping building; compare alternate footprint","matches":["arcgis:University_Property:100"]}},{"type":"Feature","id":"overture:77222372-72e2-4deb-92da-45bda6ded868","geometry":{"type":"Polygon","coordinates":[[[3.1977297,6.4728324],[3.1978185,6.4728616],[3.1978047,6.4729037],[3.1977159,6.4728744],[3.1977297,6.4728324]]]},"properties":{"id":"overture:77222372-72e2-4deb-92da-45bda6ded868","kind":"building","status":"awaiting-evidence","release":"2026-08-19.0","reason":"Footprint intersects a mapped path; geometry review required","matches":["d33bce23-9386-4326-9211-a23060853df2"]}},{"type":"Feature","id":"overture:6dfe4052-807b-4f16-8d29-c4b01a1aa231","geometry":{"type":"Polygon","coordinates":[[[3.1985512,6.473081],[3.1984561,6.4730478],[3.198487,6.4729606],[3.198582,6.4729937],[3.1985512,6.473081]]]},"properties":{"id":"overture:6dfe4052-807b-4f16-8d29-c4b01a1aa231","kind":"building","status":"awaiting-evidence","release":"2026-08-19.0","reason":"Overlapping building; compare alternate footprint","matches":["arcgis:University_Property:99"]}},{"type":"Feature","id":"overture:9e7bf47e-fe4e-4682-a935-3b04bd0a6143","geometry":{"type":"Polygon","coordinates":[[[3.1989309,6.473057],[3.1988179,6.4730222],[3.198897,6.4727683],[3.19901,6.4728031],[3.1989309,6.473057]]]},"properties":{"id":"overture:9e7bf47e-fe4e-4682-a935-3b04bd0a6143","kind":"building","status":"awaiting-evidence","release":"2026-08-19.0","reason":"Overlapping building; compare alternate footprint","matches":["arcgis:University_Property:121"]}},{"type":"Feature","id":"overture:dd3c1791-6b1f-4bb6-bf15-8c87ce6c008b","geometry":{"type":"Polygon","coordinates":[[[3.1987604,6.4730083],[3.1986288,6.4729709],[3.1986965,6.4727357],[3.1988282,6.4727731],[3.1987604,6.4730083]]]},"properties":{"id":"overture:dd3c1791-6b1f-4bb6-bf15-8c87ce6c008b","kind":"building","status":"awaiting-evidence","release":"2026-08-19.0","reason":"Overlapping building; compare alternate footprint","matches":["arcgis:University_Property:121"]}},{"type":"Feature","id":"overture:671c97fe-2a99-4e6c-9e1e-db4398386215","geometry":{"type":"Polygon","coordinates":[[[3.1994182,6.4727838],[3.1994095,6.4728447],[3.1993799,6.4728405],[3.1993886,6.4727796],[3.1994182,6.4727838]]]},"properties":{"id":"overture:671c97fe-2a99-4e6c-9e1e-db4398386215","kind":"building","status":"awaiting-evidence","release":"2026-08-19.0","reason":"Overlapping building; compare alternate footprint","matches":["arcgis:University_Property:54"]}},{"type":"Feature","id":"overture:5f633642-be95-40c5-b981-0c7f290e7b0b","geometry":{"type":"Polygon","coordinates":[[[3.1994281,6.4728869],[3.1994066,6.4729789],[3.1993024,6.4729549],[3.1993238,6.4728629],[3.1994281,6.4728869]]]},"properties":{"id":"overture:5f633642-be95-40c5-b981-0c7f290e7b0b","kind":"building","status":"awaiting-evidence","release":"2026-08-19.0","reason":"Overlapping building; compare alternate footprint","matches":["arcgis:University_Property:54","osm:way:1273234548"]}},{"type":"Feature","id":"overture:96fe4dc2-1fdb-47ff-8eb3-c5b3c4a99455","geometry":{"type":"Polygon","coordinates":[[[3.199991,6.47304],[3.1998982,6.4730246],[3.1998719,6.4729504],[3.199891,6.472872],[3.199884,6.4728703],[3.1998971,6.4728164],[3.200079,6.4728603],[3.200064,6.4729218],[3.2000551,6.4729196],[3.2000324,6.4730123],[3.199991,6.47304]]]},"properties":{"id":"overture:96fe4dc2-1fdb-47ff-8eb3-c5b3c4a99455","kind":"building","status":"awaiting-evidence","release":"2026-08-19.0","reason":"Overlapping building; compare alternate footprint","matches":["arcgis:University_Property:54"]}},{"type":"Feature","id":"overture:86827de3-f3ad-4113-965a-17974df9e148","geometry":{"type":"Polygon","coordinates":[[[3.199804,6.4731374],[3.1996474,6.4730935],[3.199699,6.4729115],[3.1998545,6.472955],[3.1998899,6.4730226],[3.1998706,6.4730962],[3.199804,6.4731374]]]},"properties":{"id":"overture:86827de3-f3ad-4113-965a-17974df9e148","kind":"building","status":"awaiting-evidence","release":"2026-08-19.0","reason":"Overlapping building; compare alternate footprint","matches":["arcgis:University_Property:54"]}},{"type":"Feature","id":"overture:ee2439f0-a964-41b7-9f40-9475d58dc9ef","geometry":{"type":"Polygon","coordinates":[[[3.1999303,6.4733589],[3.1997564,6.4732819],[3.1997834,6.4732216],[3.1997967,6.4732275],[3.1998163,6.4731371],[3.1998739,6.4730979],[3.1999605,6.4731283],[3.1999871,6.4731833],[3.1999463,6.4732744],[3.1999646,6.4732824],[3.1999303,6.4733589]]]},"properties":{"id":"overture:ee2439f0-a964-41b7-9f40-9475d58dc9ef","kind":"building","status":"awaiting-evidence","release":"2026-08-19.0","reason":"Overlapping building; compare alternate footprint","matches":["arcgis:University_Property:54"]}},{"type":"Feature","id":"overture:ea4d34fe-581a-4b35-ae7e-af7a794c5da1","geometry":{"type":"Polygon","coordinates":[[[3.1981927,6.4733003],[3.1982279,6.4733031],[3.1982293,6.4732854],[3.198425,6.4733007],[3.1984234,6.4733205],[3.1984508,6.4733226],[3.1984467,6.4733739],[3.1984704,6.4733757],[3.1984633,6.4734655],[3.1984378,6.4734635],[3.1984338,6.4735137],[3.1983987,6.473511],[3.1983975,6.4735253],[3.1982029,6.4735101],[3.1982049,6.473484],[3.1981784,6.4734819],[3.1981927,6.4733003]],[[3.1982326,6.4734148],[3.1983949,6.4734259],[3.198397,6.4733952],[3.1982347,6.4733842],[3.1982326,6.4734148]]]},"properties":{"id":"overture:ea4d34fe-581a-4b35-ae7e-af7a794c5da1","kind":"building","status":"awaiting-evidence","release":"2026-08-19.0","reason":"Overlapping building; compare alternate footprint","matches":["arcgis:University_Property:101"]}},{"type":"Feature","id":"overture:ce661a16-6f10-48f0-acf0-f866225b4e01","geometry":{"type":"Polygon","coordinates":[[[3.1980005,6.4743922],[3.1978523,6.4743386],[3.1978496,6.474288],[3.1978925,6.4741867],[3.1979314,6.4741934],[3.1979489,6.4741307],[3.198077,6.47417],[3.1980656,6.474212],[3.1981118,6.474226],[3.1981286,6.4741867],[3.198252,6.4742282],[3.1982573,6.474307],[3.198201,6.4744645],[3.1980468,6.4744129],[3.1980642,6.4743613],[3.1980146,6.4743446],[3.1980005,6.4743922]]]},"properties":{"id":"overture:ce661a16-6f10-48f0-acf0-f866225b4e01","kind":"building","status":"awaiting-evidence","release":"2026-08-19.0","reason":"Overlapping building; compare alternate footprint","matches":["arcgis:University_Property:103"]}},{"type":"Feature","id":"overture:e9e947e4-bea5-4e97-b08b-fb4529b584aa","geometry":{"type":"Polygon","coordinates":[[[3.1985318,6.4748478],[3.1983224,6.4748005],[3.1983559,6.4746539],[3.1985654,6.4747012],[3.1985318,6.4748478]]]},"properties":{"id":"overture:e9e947e4-bea5-4e97-b08b-fb4529b584aa","kind":"building","status":"awaiting-evidence","release":"2026-08-19.0","reason":"Overlapping building; compare alternate footprint","matches":["arcgis:University_Property:105"]}},{"type":"Feature","id":"overture:3fa90062-ec06-4891-8a3a-3e9023142333","geometry":{"type":"Polygon","coordinates":[[[3.1985731,6.4746019],[3.1983908,6.4745433],[3.1984243,6.4744404],[3.1986066,6.474499],[3.1985731,6.4746019]]]},"properties":{"id":"overture:3fa90062-ec06-4891-8a3a-3e9023142333","kind":"building","status":"awaiting-evidence","release":"2026-08-19.0","reason":"Overlapping building; compare alternate footprint","matches":["arcgis:University_Property:104"]}},{"type":"Feature","id":"overture:8b168d38-aba8-40d5-b3ae-d65bcdcdadc1","geometry":{"type":"Polygon","coordinates":[[[3.1995788,6.4748473],[3.1995441,6.4748351],[3.1995602,6.4747898],[3.1995948,6.474802],[3.1995788,6.4748473]]]},"properties":{"id":"overture:8b168d38-aba8-40d5-b3ae-d65bcdcdadc1","kind":"building","status":"awaiting-evidence","release":"2026-08-19.0","reason":"Overlapping building; compare alternate footprint","matches":["osm:way:1267516599"]}},{"type":"Feature","id":"overture:3b36c302-70e2-46cd-9fad-e25eb435d1a1","geometry":{"type":"Polygon","coordinates":[[[3.1995942,6.4744408],[3.1995615,6.474428],[3.1995813,6.4743781],[3.1996139,6.4743908],[3.1995942,6.4744408]]]},"properties":{"id":"overture:3b36c302-70e2-46cd-9fad-e25eb435d1a1","kind":"building","status":"awaiting-evidence","release":"2026-08-19.0","reason":"Overlapping building; compare alternate footprint","matches":["osm:way:1267516596"]}},{"type":"Feature","id":"overture:d978dd81-0e99-4203-a444-1f53105fe943","geometry":{"type":"Polygon","coordinates":[[[3.1993596,6.4740021],[3.1992326,6.4739643],[3.1992647,6.4738579],[3.1993931,6.4738961],[3.1994092,6.4738428],[3.1994858,6.4738656],[3.1994704,6.4739167],[3.199594,6.4739535],[3.1995614,6.4740614],[3.1994186,6.4740189],[3.1994112,6.4740435],[3.1993524,6.474026],[3.1993596,6.4740021]]]},"properties":{"id":"overture:d978dd81-0e99-4203-a444-1f53105fe943","kind":"building","status":"awaiting-evidence","release":"2026-08-19.0","reason":"Overlapping building; compare alternate footprint","matches":["arcgis:University_Property:1","osm:way:591385262"]}},{"type":"Feature","id":"overture:f9557f8e-3dac-487d-a45e-e82ed31b89aa","geometry":{"type":"Polygon","coordinates":[[[3.199691,6.4741429],[3.1996071,6.4741189],[3.1996585,6.4739418],[3.1997423,6.4739658],[3.199691,6.4741429]]]},"properties":{"id":"overture:f9557f8e-3dac-487d-a45e-e82ed31b89aa","kind":"building","status":"awaiting-evidence","release":"2026-08-19.0","reason":"Overlapping building; compare alternate footprint","matches":["arcgis:University_Property:98"]}},{"type":"Feature","id":"overture:a219f981-bee2-438a-9c6f-0fd743eff3b5","geometry":{"type":"Polygon","coordinates":[[[3.1997817,6.4741771],[3.1997329,6.4741618],[3.1997599,6.474077],[3.1997294,6.4740674],[3.1997487,6.4740068],[3.1997755,6.4740153],[3.1998022,6.4739315],[3.1998546,6.473948],[3.1997817,6.4741771]]]},"properties":{"id":"overture:a219f981-bee2-438a-9c6f-0fd743eff3b5","kind":"building","status":"awaiting-evidence","release":"2026-08-19.0","reason":"Overlapping building; compare alternate footprint","matches":["arcgis:University_Property:98"]}},{"type":"Feature","id":"overture:cf00aca2-3642-42fd-8bba-c8b58ece2fae","geometry":{"type":"Polygon","coordinates":[[[3.1983766,6.4741183],[3.1983923,6.4740121],[3.198509,6.4740292],[3.1984933,6.4741354],[3.1983766,6.4741183]]]},"properties":{"id":"overture:cf00aca2-3642-42fd-8bba-c8b58ece2fae","kind":"building","status":"awaiting-evidence","release":"2026-08-19.0","reason":"Overlapping building; compare alternate footprint","matches":["arcgis:University_Property:35","osm:way:591396725"]}},{"type":"Feature","id":"overture:a0ea79ea-aef7-4522-9f51-97f52c02f1ec","geometry":{"type":"Polygon","coordinates":[[[3.1981583,6.4741306],[3.1982193,6.4741569],[3.1982036,6.4741928],[3.1981426,6.4741665],[3.1981583,6.4741306]]]},"properties":{"id":"overture:a0ea79ea-aef7-4522-9f51-97f52c02f1ec","kind":"building","status":"awaiting-evidence","release":"2026-08-19.0","reason":"Overlapping building; compare alternate footprint","matches":["arcgis:University_Property:103"]}},{"type":"Feature","id":"overture:5ae6ae94-8be8-4802-8059-e728e9796b46","geometry":{"type":"Polygon","coordinates":[[[3.1983938,6.4739709],[3.1983835,6.474023],[3.1983027,6.474007],[3.198313,6.4739549],[3.1983938,6.4739709]]]},"properties":{"id":"overture:5ae6ae94-8be8-4802-8059-e728e9796b46","kind":"building","status":"awaiting-evidence","release":"2026-08-19.0","reason":"Overlapping building; compare alternate footprint","matches":["arcgis:University_Property:35"]}},{"type":"Feature","id":"overture:bcbcf5fa-5487-4f11-82e6-407699a85bd0","geometry":{"type":"Polygon","coordinates":[[[3.1989197,6.4739871],[3.1989279,6.473957],[3.1990124,6.4739796],[3.1990042,6.4740097],[3.1989197,6.4739871]]]},"properties":{"id":"overture:bcbcf5fa-5487-4f11-82e6-407699a85bd0","kind":"building","status":"awaiting-evidence","release":"2026-08-19.0","reason":"Overlapping building; compare alternate footprint","matches":["osm:way:1267516597"]}},{"type":"Feature","id":"overture:218aad44-64a8-4390-86c8-dbb87ffd3156","geometry":{"type":"Polygon","coordinates":[[[3.1973675,6.4736172],[3.1972629,6.4735812],[3.1973514,6.4733274],[3.1976328,6.4734242],[3.1975991,6.4735209],[3.1976289,6.4735312],[3.1975741,6.4736883],[3.1974645,6.4736506],[3.1974886,6.4735814],[3.1974415,6.4735652],[3.1974563,6.4735228],[3.1974281,6.4735131],[3.1974133,6.4735555],[3.1973917,6.473548],[3.1973675,6.4736172]]]},"properties":{"id":"overture:218aad44-64a8-4390-86c8-dbb87ffd3156","kind":"building","status":"awaiting-evidence","release":"2026-08-19.0","reason":"Overlapping building; compare alternate footprint","matches":["arcgis:University_Property:102"]}},{"type":"Feature","id":"overture:e93c8efd-ad0c-4b94-ad61-00267e1a3eca","geometry":{"type":"Polygon","coordinates":[[[3.1982861,6.4737186],[3.1982365,6.4737131],[3.1982529,6.4735664],[3.1984104,6.4735837],[3.1983993,6.4736842],[3.1982913,6.4736723],[3.1982861,6.4737186]]]},"properties":{"id":"overture:e93c8efd-ad0c-4b94-ad61-00267e1a3eca","kind":"building","status":"awaiting-evidence","release":"2026-08-19.0","reason":"Overlapping building; compare alternate footprint","matches":["osm:way:1273000720"]}},{"type":"Feature","id":"overture:41b83066-7aa0-4898-8c18-e9e1e33d820a","geometry":{"type":"Polygon","coordinates":[[[3.1985497,6.4737058],[3.1984075,6.4736878],[3.1984207,6.4735849],[3.1985629,6.4736029],[3.1985497,6.4737058]]]},"properties":{"id":"overture:41b83066-7aa0-4898-8c18-e9e1e33d820a","kind":"building","status":"awaiting-evidence","release":"2026-08-19.0","reason":"Overlapping building; compare alternate footprint","matches":["osm:way:1273000721"]}},{"type":"Feature","id":"overture:f3648fa4-e886-4a4f-9314-56fdf2c3cc63","geometry":{"type":"Polygon","coordinates":[[[3.1997375,6.4734229],[3.1998972,6.4734625],[3.1998813,6.4735271],[3.19986,6.4735219],[3.1998473,6.4735734],[3.1998685,6.4735786],[3.1998529,6.4736417],[3.1998317,6.4736365],[3.1998139,6.4737086],[3.1998351,6.4737138],[3.1998208,6.4737715],[3.1996611,6.473732],[3.1996753,6.4736743],[3.1996974,6.4736798],[3.1997104,6.4736274],[3.1996883,6.4736219],[3.1997087,6.4735391],[3.1997308,6.4735446],[3.1997436,6.4734931],[3.1997215,6.4734876],[3.1997375,6.4734229]]]},"properties":{"id":"overture:f3648fa4-e886-4a4f-9314-56fdf2c3cc63","kind":"building","status":"awaiting-evidence","release":"2026-08-19.0","reason":"Overlapping building; compare alternate footprint","matches":["arcgis:University_Property:97"]}},{"type":"Feature","id":"overture:4224b71a-9c38-4847-854c-69418a397ec0","geometry":{"type":"Polygon","coordinates":[[[3.1995591,6.4737776],[3.1995998,6.473787],[3.1995899,6.4738296],[3.1995493,6.4738202],[3.1995591,6.4737776]]]},"properties":{"id":"overture:4224b71a-9c38-4847-854c-69418a397ec0","kind":"building","status":"awaiting-evidence","release":"2026-08-19.0","reason":"Overlapping building; compare alternate footprint","matches":["overture:9e4a3481-04fa-48f1-a354-2bafffdd84c0"]}},{"type":"Feature","id":"overture:ee159065-1480-4c4e-90bd-cc523d456014","geometry":{"type":"Polygon","coordinates":[[[3.2013392,6.473535],[3.2013559,6.4734839],[3.2014505,6.4735146],[3.2014337,6.4735657],[3.2013392,6.473535]]]},"properties":{"id":"overture:ee159065-1480-4c4e-90bd-cc523d456014","kind":"building","status":"awaiting-evidence","release":"2026-08-19.0","reason":"Overlapping building; compare alternate footprint","matches":["osm:way:1267502632"]}},{"type":"Feature","id":"overture:73baa2cf-49cb-4a21-a092-6528bc002123","geometry":{"type":"Polygon","coordinates":[[[3.2021179,6.4740855],[3.2021813,6.4741058],[3.2021675,6.4741489],[3.2021041,6.4741287],[3.2021179,6.4740855]]]},"properties":{"id":"overture:73baa2cf-49cb-4a21-a092-6528bc002123","kind":"building","status":"awaiting-evidence","release":"2026-08-19.0","reason":"Crosses campus boundary"}},{"type":"Feature","id":"overture:57a5a0cf-b8d9-42b9-ad5e-726adecdcfef","geometry":{"type":"Polygon","coordinates":[[[3.2021503,6.4739887],[3.2021794,6.4739268],[3.2022358,6.473953],[3.2022091,6.4740096],[3.2021998,6.4740293],[3.2021858,6.4740591],[3.2021775,6.4740767],[3.2021212,6.4740505],[3.2021266,6.4740391],[3.2021503,6.4739887]]]},"properties":{"id":"overture:57a5a0cf-b8d9-42b9-ad5e-726adecdcfef","kind":"building","status":"awaiting-evidence","release":"2026-08-19.0","reason":"Overlapping building; compare alternate footprint","matches":["arcgis:University_Property:85","osm:way:591396720"]}},{"type":"Feature","id":"overture:10ee6980-c635-467a-b66b-6d568af7c20e","geometry":{"type":"Polygon","coordinates":[[[3.201822,6.4733784],[3.2017609,6.4732554],[3.2018004,6.4730671],[3.201777,6.4730652],[3.2018521,6.472965],[3.2019788,6.4730481],[3.2021055,6.4731312],[3.2020996,6.4732341],[3.201822,6.4733784]]]},"properties":{"id":"overture:10ee6980-c635-467a-b66b-6d568af7c20e","kind":"building","status":"awaiting-evidence","release":"2026-08-19.0","reason":"Overlapping building; compare alternate footprint","matches":["arcgis:University_Property:2"]}},{"type":"Feature","id":"overture:ae4e7929-684e-4fcf-8113-68a5d90c42a8","geometry":{"type":"Polygon","coordinates":[[[3.2021405,6.4733373],[3.2020882,6.4733333],[3.2020947,6.4732487],[3.202147,6.4732527],[3.2021405,6.4733373]]]},"properties":{"id":"overture:ae4e7929-684e-4fcf-8113-68a5d90c42a8","kind":"building","status":"awaiting-evidence","release":"2026-08-19.0","reason":"Overlapping building; compare alternate footprint","matches":["osm:way:1273141551"]}},{"type":"Feature","id":"overture:44fc185d-9c9f-4593-b0f5-700c94e362c1","geometry":{"type":"Polygon","coordinates":[[[3.2021479,6.4732467],[3.2021023,6.4732431],[3.2021104,6.4731436],[3.202156,6.4731472],[3.2021479,6.4732467]]]},"properties":{"id":"overture:44fc185d-9c9f-4593-b0f5-700c94e362c1","kind":"building","status":"awaiting-evidence","release":"2026-08-19.0","reason":"Overlapping building; compare alternate footprint","matches":["arcgis:University_Property:2","osm:way:1273141550"]}},{"type":"Feature","id":"overture:6001df28-857e-4c56-8b5f-c9cc13eef4ae","geometry":{"type":"Polygon","coordinates":[[[3.2021549,6.4731428],[3.2021116,6.4731378],[3.2021222,6.4730477],[3.2021654,6.4730526],[3.2021549,6.4731428]]]},"properties":{"id":"overture:6001df28-857e-4c56-8b5f-c9cc13eef4ae","kind":"building","status":"awaiting-evidence","release":"2026-08-19.0","reason":"Overlapping building; compare alternate footprint","matches":["osm:way:1273141549"]}},{"type":"Feature","id":"overture:6b9fe878-da16-4cca-b182-7d7b8b76a286","geometry":{"type":"Polygon","coordinates":[[[3.2019998,6.473036],[3.2019352,6.4730084],[3.2019493,6.4729758],[3.2020139,6.4730034],[3.2019998,6.473036]]]},"properties":{"id":"overture:6b9fe878-da16-4cca-b182-7d7b8b76a286","kind":"building","status":"awaiting-evidence","release":"2026-08-19.0","reason":"Overlapping building; compare alternate footprint","matches":["arcgis:University_Property:2"]}},{"type":"Feature","id":"overture:19480bc4-193b-4b93-b534-2a828ded00f3","geometry":{"type":"Polygon","coordinates":[[[3.20166,6.4730996],[3.2017134,6.4731044],[3.2017079,6.4731658],[3.2016544,6.4731609],[3.20166,6.4730996]]]},"properties":{"id":"overture:19480bc4-193b-4b93-b534-2a828ded00f3","kind":"building","status":"awaiting-evidence","release":"2026-08-19.0","reason":"Overlapping building; compare alternate footprint","matches":["arcgis:University_Property:2"]}},{"type":"Feature","id":"overture:fc9c00e0-7ee7-4f57-a2bf-78da8c478d71","geometry":{"type":"Polygon","coordinates":[[[3.2021881,6.4728601],[3.2021016,6.472847],[3.2021257,6.4726897],[3.2022122,6.4727028],[3.2021881,6.4728601]]]},"properties":{"id":"overture:fc9c00e0-7ee7-4f57-a2bf-78da8c478d71","kind":"building","status":"awaiting-evidence","release":"2026-08-19.0","reason":"Overlapping building; compare alternate footprint","matches":["arcgis:University_Property:93"]}},{"type":"Feature","id":"overture:6fe7a1a5-cdad-4a7f-872f-b72c9e5f0b79","geometry":{"type":"Polygon","coordinates":[[[3.2009602,6.4723718],[3.2009965,6.4722713],[3.201254,6.4723632],[3.2012177,6.4724637],[3.2009602,6.4723718]]]},"properties":{"id":"overture:6fe7a1a5-cdad-4a7f-872f-b72c9e5f0b79","kind":"building","status":"awaiting-evidence","release":"2026-08-19.0","reason":"Overlapping building; compare alternate footprint","matches":["osm:way:1267502640"]}},{"type":"Feature","id":"overture:fcc46195-d3df-4cc6-a894-ea2bfe01b141","geometry":{"type":"Polygon","coordinates":[[[3.2007788,6.4722972],[3.2007927,6.472262],[3.2009469,6.4723219],[3.200933,6.4723572],[3.2007788,6.4722972]]]},"properties":{"id":"overture:fcc46195-d3df-4cc6-a894-ea2bfe01b141","kind":"building","status":"awaiting-evidence","release":"2026-08-19.0","reason":"Overlapping building; compare alternate footprint","matches":["osm:way:1267502641"]}},{"type":"Feature","id":"overture:3b30b96a-7c4a-409f-bdb1-dcd213336d39","geometry":{"type":"Polygon","coordinates":[[[3.2007707,6.4722889],[3.2007216,6.472278],[3.2007471,6.4721647],[3.2007962,6.4721756],[3.2007707,6.4722889]]]},"properties":{"id":"overture:3b30b96a-7c4a-409f-bdb1-dcd213336d39","kind":"building","status":"awaiting-evidence","release":"2026-08-19.0","reason":"Overlapping building; compare alternate footprint","matches":["osm:way:1267502642"]}},{"type":"Feature","id":"overture:ea86c6d9-1abd-4ed2-a8cc-9c8fc08e1161","geometry":{"type":"Polygon","coordinates":[[[3.2015504,6.4722646],[3.2012889,6.4722073],[3.2013153,6.4720882],[3.2015768,6.4721455],[3.2015504,6.4722646]]]},"properties":{"id":"overture:ea86c6d9-1abd-4ed2-a8cc-9c8fc08e1161","kind":"building","status":"awaiting-evidence","release":"2026-08-19.0","reason":"Overlapping building; compare alternate footprint","matches":["arcgis:University_Property:3"]}},{"type":"Feature","id":"overture:ddbe73ef-0f56-4bff-9f59-9ea6c989229e","geometry":{"type":"Polygon","coordinates":[[[3.201784,6.4723845],[3.2015893,6.4723433],[3.2016201,6.4721993],[3.2018148,6.4722405],[3.201784,6.4723845]]]},"properties":{"id":"overture:ddbe73ef-0f56-4bff-9f59-9ea6c989229e","kind":"building","status":"awaiting-evidence","release":"2026-08-19.0","reason":"Overlapping building; compare alternate footprint","matches":["arcgis:University_Property:3","osm:way:1267502643"]}},{"type":"Feature","id":"overture:05c5ed69-f527-4672-b31b-fa6337f47a93","geometry":{"type":"Polygon","coordinates":[[[3.2018104,6.4722136],[3.2018213,6.4721628],[3.2020767,6.4722165],[3.2020511,6.4723366],[3.2018541,6.4722951],[3.2018688,6.4722259],[3.2018104,6.4722136]]]},"properties":{"id":"overture:05c5ed69-f527-4672-b31b-fa6337f47a93","kind":"building","status":"awaiting-evidence","release":"2026-08-19.0","reason":"Overlapping building; compare alternate footprint","matches":["arcgis:University_Property:3"]}},{"type":"Feature","id":"overture:d6a53c97-4fea-4ca1-8a7d-37385d8998a2","geometry":{"type":"Polygon","coordinates":[[[3.2031363,6.4719561],[3.2029721,6.4723699],[3.2029429,6.4723583],[3.2031071,6.4719445],[3.2031363,6.4719561]]]},"properties":{"id":"overture:d6a53c97-4fea-4ca1-8a7d-37385d8998a2","kind":"building","status":"awaiting-evidence","release":"2026-08-19.0","reason":"Crosses campus boundary"}},{"type":"Feature","id":"overture:94f3caaa-a473-40e8-be57-a9bccfaa2d99","geometry":{"type":"Polygon","coordinates":[[[3.1974674,6.4842401],[3.1974721,6.4840391],[3.1976625,6.4840435],[3.1976578,6.4842445],[3.1974674,6.4842401]]]},"properties":{"id":"overture:94f3caaa-a473-40e8-be57-a9bccfaa2d99","kind":"building","status":"awaiting-evidence","release":"2026-08-19.0","reason":"Overlapping building; compare alternate footprint","matches":["arcgis:University_Property:0","arcgis:University_Property:72"]}},{"type":"Feature","id":"overture:06432e3b-86ba-48e4-9238-c4858cc75ea5","geometry":{"type":"Polygon","coordinates":[[[3.1974698,6.4839965],[3.1974745,6.4837955],[3.1976649,6.4837998],[3.1976602,6.4840008],[3.1974698,6.4839965]]]},"properties":{"id":"overture:06432e3b-86ba-48e4-9238-c4858cc75ea5","kind":"building","status":"awaiting-evidence","release":"2026-08-19.0","reason":"Overlapping building; compare alternate footprint","matches":["arcgis:University_Property:64","arcgis:University_Property:72"]}},{"type":"Feature","id":"overture:d7ad9476-f927-4de6-9827-7af5ca575624","geometry":{"type":"Polygon","coordinates":[[[3.1975866,6.4837501],[3.1975865,6.4837457],[3.1974364,6.48375],[3.1974345,6.4836824],[3.1976515,6.4836763],[3.1976536,6.4837482],[3.1975866,6.4837501]]]},"properties":{"id":"overture:d7ad9476-f927-4de6-9827-7af5ca575624","kind":"building","status":"awaiting-evidence","release":"2026-08-19.0","reason":"Overlapping building; compare alternate footprint","matches":["arcgis:University_Property:64"]}},{"type":"Feature","id":"overture:097feafe-0fe3-41ea-81ab-1d94103e40ef","geometry":{"type":"Polygon","coordinates":[[[3.1974604,6.4844819],[3.1974651,6.4842809],[3.1976555,6.4842853],[3.1976509,6.4844863],[3.1974604,6.4844819]]]},"properties":{"id":"overture:097feafe-0fe3-41ea-81ab-1d94103e40ef","kind":"building","status":"awaiting-evidence","release":"2026-08-19.0","reason":"Overlapping building; compare alternate footprint","matches":["arcgis:University_Property:0"]}},{"type":"Feature","id":"overture:19231044-f312-4429-a0b6-db0f7e4e6e90","geometry":{"type":"LineString","coordinates":[[3.2035443,6.4654537],[3.2028633,6.4654086]]},"properties":{"id":"overture:19231044-f312-4429-a0b6-db0f7e4e6e90","kind":"segment","status":"awaiting-evidence","release":"2026-08-19.0","reason":"Transportation comparison only; routing/access review required"}},{"type":"Feature","id":"overture:3fbbda02-3236-4b84-bf93-c3921a353e0f","geometry":{"type":"LineString","coordinates":[[3.2035567,6.4652753],[3.2035443,6.4654537],[3.203499,6.4661095]]},"properties":{"id":"overture:3fbbda02-3236-4b84-bf93-c3921a353e0f","kind":"segment","status":"awaiting-evidence","release":"2026-08-19.0","reason":"Transportation comparison only; routing/access review required"}},{"type":"Feature","id":"overture:0e0b00b2-3eb7-4153-9dce-c140b1603cf1","geometry":{"type":"LineString","coordinates":[[3.2026377,6.465298],[3.2026411,6.465775],[3.202613,6.4658134],[3.2021744,6.4663688],[3.2020697,6.4664223]]},"properties":{"id":"overture:0e0b00b2-3eb7-4153-9dce-c140b1603cf1","kind":"segment","status":"awaiting-evidence","release":"2026-08-19.0","reason":"Transportation comparison only; routing/access review required"}},{"type":"Feature","id":"overture:1d5d502e-f1a9-4e33-ae20-8d22f847a534","geometry":{"type":"LineString","coordinates":[[3.2008624,6.4661255],[3.2015464,6.4661069]]},"properties":{"id":"overture:1d5d502e-f1a9-4e33-ae20-8d22f847a534","kind":"segment","status":"awaiting-evidence","release":"2026-08-19.0","reason":"Transportation comparison only; routing/access review required"}},{"type":"Feature","id":"overture:c16dfab1-9ddc-4dc6-b31a-b516544f86fb","geometry":{"type":"LineString","coordinates":[[3.2020697,6.4664223],[3.2015674,6.4664356],[3.2015464,6.4661069]]},"properties":{"id":"overture:c16dfab1-9ddc-4dc6-b31a-b516544f86fb","kind":"segment","status":"awaiting-evidence","release":"2026-08-19.0","reason":"Transportation comparison only; routing/access review required"}},{"type":"Feature","id":"overture:bc7acfa9-ddfa-4a0f-947a-a8a460762a5e","geometry":{"type":"LineString","coordinates":[[3.2000309,6.4658617],[3.2001248,6.4655338],[3.2002012,6.465342],[3.2002401,6.465246],[3.2002576,6.465186]]},"properties":{"id":"overture:bc7acfa9-ddfa-4a0f-947a-a8a460762a5e","kind":"segment","status":"awaiting-evidence","release":"2026-08-19.0","reason":"Transportation comparison only; routing/access review required"}},{"type":"Feature","id":"overture:30a42524-1a32-4990-8bfc-a385b116ae0b","geometry":{"type":"LineString","coordinates":[[3.2009547,6.4652078],[3.2026377,6.465298],[3.2028003,6.465302],[3.2029317,6.4652926],[3.2030095,6.4652433],[3.2030575,6.4651493]]},"properties":{"id":"overture:30a42524-1a32-4990-8bfc-a385b116ae0b","kind":"segment","status":"awaiting-evidence","release":"2026-08-19.0","reason":"Transportation comparison only; routing/access review required"}},{"type":"Feature","id":"overture:67d7039e-acfd-4bf9-aba7-1dd2bfce328a","geometry":{"type":"LineString","coordinates":[[3.2008606,6.4651057],[3.2008987,6.4651137],[3.2009303,6.4651362],[3.2009501,6.4651694],[3.2009547,6.4652078],[3.2009462,6.4652395],[3.2009271,6.4652663],[3.2008999,6.465285],[3.2008679,6.4652932],[3.2008321,6.4652892],[3.2008004,6.465272],[3.2007775,6.4652444],[3.2007667,6.4652102],[3.2007685,6.4651788],[3.2007806,6.4651497],[3.2008017,6.4651262],[3.2008294,6.465111]]},"properties":{"id":"overture:67d7039e-acfd-4bf9-aba7-1dd2bfce328a","kind":"segment","status":"awaiting-evidence","release":"2026-08-19.0","reason":"Transportation comparison only; routing/access review required"}},{"type":"Feature","id":"overture:eea26d89-1e75-4303-bc53-4abde847c533","geometry":{"type":"LineString","coordinates":[[3.2008294,6.465111],[3.2008606,6.4651057]]},"properties":{"id":"overture:eea26d89-1e75-4303-bc53-4abde847c533","kind":"segment","status":"awaiting-evidence","release":"2026-08-19.0","reason":"Transportation comparison only; routing/access review required"}},{"type":"Feature","id":"overture:e0a1b194-e7f6-4650-8347-552dcb0bf358","geometry":{"type":"LineString","coordinates":[[3.1995696,6.4651687],[3.1995716,6.4650261]]},"properties":{"id":"overture:e0a1b194-e7f6-4650-8347-552dcb0bf358","kind":"segment","status":"awaiting-evidence","release":"2026-08-19.0","reason":"Transportation comparison only; routing/access review required"}},{"type":"Feature","id":"overture:98f8f072-3080-4e08-aaca-e2cabf869cfd","geometry":{"type":"LineString","coordinates":[[3.1995716,6.4650261],[3.1994777,6.4649828],[3.1994395,6.4649595],[3.199418,6.4649355]]},"properties":{"id":"overture:98f8f072-3080-4e08-aaca-e2cabf869cfd","kind":"segment","status":"awaiting-evidence","release":"2026-08-19.0","reason":"Transportation comparison only; routing/access review required"}},{"type":"Feature","id":"overture:057534d3-792b-44e3-b80f-29c0544f6db1","geometry":{"type":"LineString","coordinates":[[3.199418,6.4649355],[3.1993926,6.4646797],[3.1993973,6.464649],[3.1994167,6.4646324],[3.1995448,6.4646304],[3.199577,6.4646417],[3.1996004,6.464677],[3.1996018,6.4649382],[3.1995917,6.4649788],[3.1995716,6.4650261]]},"properties":{"id":"overture:057534d3-792b-44e3-b80f-29c0544f6db1","kind":"segment","status":"awaiting-evidence","release":"2026-08-19.0","reason":"Transportation comparison only; routing/access review required"}},{"type":"Feature","id":"overture:9eaf8d68-8f69-449a-88b2-e719bfe2a637","geometry":{"type":"LineString","coordinates":[[3.2008548,6.4639541],[3.2006103,6.4639427],[3.2004426,6.4639721],[3.2003179,6.464028],[3.2002884,6.4641346],[3.2002737,6.4645864],[3.2002576,6.465186]]},"properties":{"id":"overture:9eaf8d68-8f69-449a-88b2-e719bfe2a637","kind":"segment","status":"awaiting-evidence","release":"2026-08-19.0","reason":"Transportation comparison only; routing/access review required"}},{"type":"Feature","id":"overture:2ca63a9c-75f4-4ee5-be73-3fd3ba2162ee","geometry":{"type":"LineString","coordinates":[[3.2008874,6.4634961],[3.2011628,6.4634949],[3.201997,6.4635169],[3.2028233,6.4635358],[3.2030575,6.4651493]]},"properties":{"id":"overture:2ca63a9c-75f4-4ee5-be73-3fd3ba2162ee","kind":"segment","status":"awaiting-evidence","release":"2026-08-19.0","reason":"Transportation comparison only; routing/access review required"}},{"type":"Feature","id":"overture:5adf97ea-df78-4383-9820-df3802e4f29d","geometry":{"type":"LineString","coordinates":[[3.2039684,6.4649768],[3.2038767,6.4648985],[3.2038634,6.4646681],[3.2038671,6.4643193],[3.2039523,6.4642626],[3.2040537,6.4642431],[3.204164,6.4642421]]},"properties":{"id":"overture:5adf97ea-df78-4383-9820-df3802e4f29d","kind":"segment","status":"awaiting-evidence","release":"2026-08-19.0","reason":"Transportation comparison only; routing/access review required"}},{"type":"Feature","id":"overture:c52dd030-dd8a-406a-a458-fe0eb3ddf586","geometry":{"type":"LineString","coordinates":[[3.2030095,6.4652433],[3.2031946,6.4652673],[3.2035567,6.4652753],[3.2036841,6.465266],[3.2038195,6.465274],[3.2038839,6.4652633],[3.2039215,6.4652433],[3.2039496,6.4652],[3.2039684,6.4649768],[3.204169,6.4649553],[3.204213,6.4649047],[3.204164,6.4642421]]},"properties":{"id":"overture:c52dd030-dd8a-406a-a458-fe0eb3ddf586","kind":"segment","status":"awaiting-evidence","release":"2026-08-19.0","reason":"Transportation comparison only; routing/access review required"}},{"type":"Feature","id":"overture:8501d698-fb16-4f8e-b916-1207dc82bc81","geometry":{"type":"LineString","coordinates":[[3.2038721,6.4639654],[3.203929,6.4641625],[3.2040537,6.4642431]]},"properties":{"id":"overture:8501d698-fb16-4f8e-b916-1207dc82bc81","kind":"segment","status":"awaiting-evidence","release":"2026-08-19.0","reason":"Transportation comparison only; routing/access review required"}},{"type":"Feature","id":"overture:f28def6c-5f37-4727-8625-a9013fe3bd81","geometry":{"type":"LineString","coordinates":[[3.2038671,6.4643193],[3.2038721,6.4639654],[3.2038405,6.4637301],[3.203776,6.4636048],[3.2037471,6.4635363]]},"properties":{"id":"overture:f28def6c-5f37-4727-8625-a9013fe3bd81","kind":"segment","status":"awaiting-evidence","release":"2026-08-19.0","reason":"Transportation comparison only; routing/access review required"}},{"type":"Feature","id":"overture:e4fbfc71-2202-4af3-847e-947ed6ecd0cf","geometry":{"type":"LineString","coordinates":[[3.2028233,6.4635358],[3.203102,6.4635443],[3.2037002,6.4635563],[3.2037471,6.4635363],[3.2037511,6.4634923],[3.2037029,6.4631992],[3.2036573,6.4627008],[3.2036438,6.4624649],[3.2036506,6.4623996],[3.2036881,6.4623436],[3.2041622,6.4621384],[3.2042222,6.4621121],[3.2042743,6.4620895]]},"properties":{"id":"overture:e4fbfc71-2202-4af3-847e-947ed6ecd0cf","kind":"segment","status":"awaiting-evidence","release":"2026-08-19.0","reason":"Crosses campus boundary"}},{"type":"Feature","id":"overture:3b20a7b5-684c-461b-b16d-c6b20dbd6ac5","geometry":{"type":"LineString","coordinates":[[3.2013197,6.4632605],[3.2014096,6.4632525],[3.2014659,6.4632538],[3.201545,6.4632445],[3.2016295,6.4632272],[3.2017381,6.4631992],[3.2024328,6.4629633]]},"properties":{"id":"overture:3b20a7b5-684c-461b-b16d-c6b20dbd6ac5","kind":"segment","status":"awaiting-evidence","release":"2026-08-19.0","reason":"Transportation comparison only; routing/access review required"}},{"type":"Feature","id":"overture:e712a81e-3b4d-4954-8e35-a015e6b0d705","geometry":{"type":"LineString","coordinates":[[3.2013197,6.4632605],[3.2013586,6.4632298],[3.201423,6.4631952],[3.2015095,6.4631485],[3.2015973,6.4631012],[3.2017596,6.4630239],[3.2019574,6.462906],[3.202286,6.4627547],[3.2024328,6.4629633],[3.2025066,6.4630952],[3.202697,6.4631472],[3.202811,6.4632418],[3.2028164,6.4633364],[3.2028137,6.4633831]]},"properties":{"id":"overture:e712a81e-3b4d-4954-8e35-a015e6b0d705","kind":"segment","status":"awaiting-evidence","release":"2026-08-19.0","reason":"Transportation comparison only; routing/access review required"}},{"type":"Feature","id":"overture:6f63bd35-1fc6-4eff-b8c8-9b081ded81d0","geometry":{"type":"LineString","coordinates":[[3.2011955,6.4633876],[3.2012114,6.4633524],[3.2013197,6.4632605]]},"properties":{"id":"overture:6f63bd35-1fc6-4eff-b8c8-9b081ded81d0","kind":"segment","status":"awaiting-evidence","release":"2026-08-19.0","reason":"Transportation comparison only; routing/access review required"}},{"type":"Feature","id":"overture:5fba717c-af99-4edb-83be-e8022f4084c1","geometry":{"type":"LineString","coordinates":[[3.2011628,6.4634949],[3.2011745,6.463434],[3.2011955,6.4633876]]},"properties":{"id":"overture:5fba717c-af99-4edb-83be-e8022f4084c1","kind":"segment","status":"awaiting-evidence","release":"2026-08-19.0","reason":"Transportation comparison only; routing/access review required"}},{"type":"Feature","id":"overture:5c6baf5e-9785-4694-b748-f7cd0dfed0cc","geometry":{"type":"LineString","coordinates":[[3.2011955,6.4633876],[3.2012701,6.4633944],[3.2014555,6.4633911],[3.2017381,6.4633777],[3.2019735,6.4633897],[3.2020734,6.4633964],[3.2027071,6.4633844],[3.2028137,6.4633831]]},"properties":{"id":"overture:5c6baf5e-9785-4694-b748-f7cd0dfed0cc","kind":"segment","status":"awaiting-evidence","release":"2026-08-19.0","reason":"Transportation comparison only; routing/access review required"}},{"type":"Feature","id":"overture:b88fcada-ef62-471c-b571-6d0f02f629c3","geometry":{"type":"LineString","coordinates":[[3.2009165,6.4631432],[3.2009141,6.4632251],[3.2008919,6.4633084],[3.2008872,6.4633751],[3.2008874,6.4634961],[3.2008548,6.4639541],[3.2008606,6.4651057]]},"properties":{"id":"overture:b88fcada-ef62-471c-b571-6d0f02f629c3","kind":"segment","status":"awaiting-evidence","release":"2026-08-19.0","reason":"Crosses campus boundary"}},{"type":"Feature","id":"overture:c6c6d709-5957-47b7-aa92-454b5d5e1857","geometry":{"type":"LineString","coordinates":[[3.203859,6.4612177],[3.2037874,6.4612351],[3.2037115,6.4612512],[3.2036602,6.4612628],[3.2035916,6.4612656],[3.2034615,6.4612936],[3.2032925,6.4613375],[3.203039,6.4614322],[3.2027735,6.4615801],[3.2025978,6.4617133],[3.2024708,6.4618264],[3.2022249,6.4620344],[3.2017795,6.4624682],[3.2013607,6.4627891],[3.2009845,6.463083],[3.2009165,6.4631432],[3.1985628,6.464742],[3.1961911,6.4664539],[3.1951664,6.4671935],[3.1948209,6.467465],[3.1940296,6.4680364]]},"properties":{"id":"overture:c6c6d709-5957-47b7-aa92-454b5d5e1857","kind":"segment","status":"awaiting-evidence","release":"2026-08-19.0","reason":"Crosses campus boundary"}},{"type":"Feature","id":"overture:f500a6e9-e908-47f6-9f98-10d31b5746bd","geometry":{"type":"LineString","coordinates":[[3.1987849,6.4680396],[3.1984335,6.4680611],[3.1982432,6.468063],[3.1977135,6.4680978],[3.1965712,6.4680852],[3.1959352,6.4680897],[3.1958185,6.4680751],[3.1957823,6.4680537],[3.1955429,6.4677426]]},"properties":{"id":"overture:f500a6e9-e908-47f6-9f98-10d31b5746bd","kind":"segment","status":"awaiting-evidence","release":"2026-08-19.0","reason":"Transportation comparison only; routing/access review required"}},{"type":"Feature","id":"overture:7373c9c5-b9af-48a4-b7ac-6b4bc1ed092e","geometry":{"type":"LineString","coordinates":[[3.1961911,6.4664539],[3.1963831,6.4666825],[3.1964421,6.4667172],[3.196544,6.4667172],[3.1966057,6.4666692],[3.1968974,6.4664686],[3.1972414,6.4662321],[3.1972743,6.4662115],[3.1973568,6.4661848],[3.1974285,6.4661975],[3.1974815,6.4662488],[3.1976947,6.4666159],[3.1976947,6.4666799],[3.1976954,6.4667325],[3.1976813,6.4667891],[3.1976491,6.4668318],[3.1975821,6.4668797],[3.1969973,6.4671729],[3.1969571,6.4671962],[3.1969061,6.4671889],[3.1968659,6.4671849],[3.1968284,6.4671649],[3.1967854,6.467101],[3.1966688,6.4668917],[3.1966366,6.4668011]]},"properties":{"id":"overture:7373c9c5-b9af-48a4-b7ac-6b4bc1ed092e","kind":"segment","status":"awaiting-evidence","release":"2026-08-19.0","reason":"Crosses campus boundary"}},{"type":"Feature","id":"overture:b5e1c5e9-0acb-497a-88c1-efc3fa37a706","geometry":{"type":"LineString","coordinates":[[3.1964421,6.4667172],[3.1964877,6.4667811],[3.1965306,6.4667918],[3.1965776,6.4667991],[3.1966366,6.4668011],[3.1967157,6.4667758],[3.1969625,6.4666132]]},"properties":{"id":"overture:b5e1c5e9-0acb-497a-88c1-efc3fa37a706","kind":"segment","status":"awaiting-evidence","release":"2026-08-19.0","reason":"Transportation comparison only; routing/access review required"}},{"type":"Feature","id":"overture:391757f1-a158-45f7-a873-efd428bb4559","geometry":{"type":"LineString","coordinates":[[3.2006451,6.467029],[3.2006465,6.466993],[3.2006545,6.4669064],[3.2007122,6.4665932],[3.2006854,6.4665093],[3.2006773,6.4663974],[3.2006894,6.4662241],[3.2006814,6.4661468],[3.2006371,6.4660882],[3.2005244,6.4660722],[3.2001168,6.4659923]]},"properties":{"id":"overture:391757f1-a158-45f7-a873-efd428bb4559","kind":"segment","status":"awaiting-evidence","release":"2026-08-19.0","reason":"Transportation comparison only; routing/access review required"}},{"type":"Feature","id":"overture:ddcfbd5a-cbaa-4315-bf20-65f4ba12d29a","geometry":{"type":"LineString","coordinates":[[3.1987515,6.4667971],[3.1990278,6.4667918],[3.1993094,6.4668025],[3.1996822,6.4668571],[3.2000792,6.4669357],[3.2006451,6.467029],[3.2008638,6.4670903],[3.2009491,6.4670941],[3.2010247,6.4671279],[3.2013895,6.4672909],[3.2017741,6.4674667]]},"properties":{"id":"overture:ddcfbd5a-cbaa-4315-bf20-65f4ba12d29a","kind":"segment","status":"awaiting-evidence","release":"2026-08-19.0","reason":"Transportation comparison only; routing/access review required"}},{"type":"Feature","id":"overture:9e42beb8-8b0e-4f06-923b-59f2d335f865","geometry":{"type":"LineString","coordinates":[[3.2017931,6.4677873],[3.2017741,6.4674667],[3.2017834,6.4673984],[3.2018452,6.4673418],[3.2018925,6.4672967],[3.2021125,6.466705]]},"properties":{"id":"overture:9e42beb8-8b0e-4f06-923b-59f2d335f865","kind":"segment","status":"awaiting-evidence","release":"2026-08-19.0","reason":"Transportation comparison only; routing/access review required"}},{"type":"Feature","id":"overture:ebc7ebe7-6066-436f-8259-f35a2714fcc5","geometry":{"type":"LineString","coordinates":[[3.2020697,6.4664223],[3.2019759,6.4665089],[3.2018716,6.4666306],[3.2016442,6.4667655],[3.2015073,6.4668388],[3.2012159,6.4670132],[3.2010247,6.4671279]]},"properties":{"id":"overture:ebc7ebe7-6066-436f-8259-f35a2714fcc5","kind":"segment","status":"awaiting-evidence","release":"2026-08-19.0","reason":"Transportation comparison only; routing/access review required"}},{"type":"Feature","id":"overture:a009abd2-5f84-4bab-97c9-0505d757e65a","geometry":{"type":"LineString","coordinates":[[3.2008497,6.4697039],[3.2005256,6.4696629],[3.2004103,6.4696256],[3.2003184,6.4695728],[3.2001119,6.4694423],[3.1998997,6.4692561],[3.1992879,6.46872],[3.1991872,6.4686163],[3.1989419,6.4683356],[3.1988918,6.4682473],[3.1987849,6.4680396],[3.1987569,6.4678605],[3.1987368,6.4676606],[3.1987515,6.4667971],[3.1987232,6.4659664],[3.1987233,6.4658057],[3.1987548,6.4656357],[3.1988199,6.4654552],[3.19893,6.4653361],[3.1991204,6.4651927],[3.1995696,6.4651687],[3.2002576,6.465186],[3.2007667,6.4652102]]},"properties":{"id":"overture:a009abd2-5f84-4bab-97c9-0505d757e65a","kind":"segment","status":"awaiting-evidence","release":"2026-08-19.0","reason":"Transportation comparison only; routing/access review required"}},{"type":"Feature","id":"overture:14929f34-619e-404f-96a6-17d6c530aa68","geometry":{"type":"LineString","coordinates":[[3.1993301,6.4691865],[3.199271,6.4688725],[3.1992677,6.4687946],[3.1992879,6.46872],[3.1996715,6.468159],[3.1996849,6.4681284],[3.1996822,6.4680817],[3.1996621,6.4680497],[3.1993563,6.467598],[3.1993416,6.4675434],[3.199347,6.4674901],[3.1996822,6.4668571]]},"properties":{"id":"overture:14929f34-619e-404f-96a6-17d6c530aa68","kind":"segment","status":"awaiting-evidence","release":"2026-08-19.0","reason":"Transportation comparison only; routing/access review required"}},{"type":"Feature","id":"overture:fe89d33d-aaee-4a46-9510-b510925daa3e","geometry":{"type":"LineString","coordinates":[[3.2011494,6.4701046],[3.2012419,6.4701285],[3.2014807,6.4701152],[3.2024235,6.4700233],[3.2025066,6.469982],[3.2025388,6.4699193],[3.2026099,6.4695489],[3.2026662,6.4692624],[3.2026984,6.4692011],[3.2028177,6.4691105],[3.2029881,6.4689785],[3.2031302,6.4688959],[3.2032228,6.4688706],[3.2033247,6.4688386],[3.2034668,6.468768],[3.2036103,6.4686587],[3.2037391,6.4685748],[3.2038075,6.4685055],[3.2038343,6.4684122],[3.2038571,6.4682709]]},"properties":{"id":"overture:fe89d33d-aaee-4a46-9510-b510925daa3e","kind":"segment","status":"awaiting-evidence","release":"2026-08-19.0","reason":"Transportation comparison only; routing/access review required"}},{"type":"Feature","id":"overture:abf8b8ee-acbf-47b4-8cc3-ba08736b0003","geometry":{"type":"LineString","coordinates":[[3.1998997,6.4692561],[3.1998432,6.4695689],[3.199811,6.4696035],[3.1997547,6.4696088],[3.1994194,6.4694996]]},"properties":{"id":"overture:abf8b8ee-acbf-47b4-8cc3-ba08736b0003","kind":"segment","status":"awaiting-evidence","release":"2026-08-19.0","reason":"Transportation comparison only; routing/access review required"}},{"type":"Feature","id":"overture:ff201348-da8c-4844-8cd5-5e06db5b62a1","geometry":{"type":"LineString","coordinates":[[3.2011494,6.4701046],[3.201018,6.4699686],[3.2008487,6.4697994]]},"properties":{"id":"overture:ff201348-da8c-4844-8cd5-5e06db5b62a1","kind":"segment","status":"awaiting-evidence","release":"2026-08-19.0","reason":"Transportation comparison only; routing/access review required"}},{"type":"Feature","id":"overture:91d9d16d-3297-4ac9-8412-174f72a11d8a","geometry":{"type":"LineString","coordinates":[[3.2008525,6.470174],[3.2009643,6.4701419],[3.2011494,6.4701046]]},"properties":{"id":"overture:91d9d16d-3297-4ac9-8412-174f72a11d8a","kind":"segment","status":"awaiting-evidence","release":"2026-08-19.0","reason":"Transportation comparison only; routing/access review required"}},{"type":"Feature","id":"overture:12f0de07-998a-45a7-b618-8b3a9f73dcc7","geometry":{"type":"LineString","coordinates":[[3.1977135,6.4680978],[3.1977414,6.4701147],[3.197739,6.4701925],[3.1977068,6.4702565],[3.1976451,6.4703191],[3.1975619,6.4704004],[3.197459,6.4704946],[3.1973685,6.4705276],[3.1972533,6.470528]]},"properties":{"id":"overture:12f0de07-998a-45a7-b618-8b3a9f73dcc7","kind":"segment","status":"awaiting-evidence","release":"2026-08-19.0","reason":"Transportation comparison only; routing/access review required"}},{"type":"Feature","id":"overture:28c6a8a9-4b93-4e9a-827e-e8c9e53c8d5a","geometry":{"type":"LineString","coordinates":[[3.1991872,6.4686163],[3.1988749,6.4690918],[3.1988508,6.4691071],[3.1988212,6.4691065],[3.1987314,6.4690572]]},"properties":{"id":"overture:28c6a8a9-4b93-4e9a-827e-e8c9e53c8d5a","kind":"segment","status":"awaiting-evidence","release":"2026-08-19.0","reason":"Transportation comparison only; routing/access review required"}},{"type":"Feature","id":"overture:3481f390-47ce-40ba-b191-48f745820d17","geometry":{"type":"LineString","coordinates":[[3.1989419,6.4683356],[3.1988038,6.4686307],[3.1987495,6.468796],[3.1987119,6.4689932],[3.1987146,6.4690258],[3.1987314,6.4690572]]},"properties":{"id":"overture:3481f390-47ce-40ba-b191-48f745820d17","kind":"segment","status":"awaiting-evidence","release":"2026-08-19.0","reason":"Transportation comparison only; routing/access review required"}},{"type":"Feature","id":"overture:5960cf16-daac-43de-9f29-608a1ac91db4","geometry":{"type":"LineString","coordinates":[[3.196597,6.4704703],[3.1972533,6.470528]]},"properties":{"id":"overture:5960cf16-daac-43de-9f29-608a1ac91db4","kind":"segment","status":"awaiting-evidence","release":"2026-08-19.0","reason":"Crosses campus boundary"}},{"type":"Feature","id":"overture:11bf977c-9ab2-4e1f-8107-dad61683ca68","geometry":{"type":"LineString","coordinates":[[3.2008679,6.4652932],[3.2008624,6.4661255],[3.2008638,6.4670903],[3.2008649,6.4673321],[3.2008396,6.4684602],[3.2008546,6.4695702],[3.2008497,6.4697039],[3.2008487,6.4697994],[3.2008525,6.470174],[3.2008544,6.4703569],[3.2008316,6.4707309],[3.2008034,6.4709854],[3.2007679,6.4711964],[3.2007504,6.4713007],[3.2007351,6.4713802],[3.2005889,6.472246],[3.2004707,6.472708],[3.2002888,6.4732965],[3.2002536,6.4733787],[3.1999827,6.474092],[3.1999264,6.4742433],[3.1998858,6.4743526],[3.1995613,6.4754019],[3.1990763,6.4771065],[3.1984257,6.4793566],[3.1973931,6.4829787]]},"properties":{"id":"overture:11bf977c-9ab2-4e1f-8107-dad61683ca68","kind":"segment","status":"awaiting-evidence","release":"2026-08-19.0","reason":"Transportation comparison only; routing/access review required"}},{"type":"Feature","id":"overture:382e9297-21ea-4c14-9e4e-ce3788df74e0","geometry":{"type":"LineString","coordinates":[[3.1982328,6.473772],[3.1981526,6.4739762],[3.1981158,6.4740649]]},"properties":{"id":"overture:382e9297-21ea-4c14-9e4e-ce3788df74e0","kind":"segment","status":"awaiting-evidence","release":"2026-08-19.0","reason":"Transportation comparison only; routing/access review required"}},{"type":"Feature","id":"overture:3929139d-9247-4e68-b8ee-7b6fba8eee0f","geometry":{"type":"LineString","coordinates":[[3.199186,6.4741102],[3.199029,6.4734464],[3.1990117,6.4733734],[3.1989956,6.4732867],[3.1989902,6.4732307],[3.1989929,6.4731282],[3.1990023,6.4730802],[3.1990385,6.4729816],[3.1990921,6.4728576]]},"properties":{"id":"overture:3929139d-9247-4e68-b8ee-7b6fba8eee0f","kind":"segment","status":"awaiting-evidence","release":"2026-08-19.0","reason":"Transportation comparison only; routing/access review required"}},{"type":"Feature","id":"overture:27835237-14c1-48b9-bde5-8694f3bd9235","geometry":{"type":"LineString","coordinates":[[3.199029,6.4734464],[3.1985463,6.4734226],[3.1985544,6.473292]]},"properties":{"id":"overture:27835237-14c1-48b9-bde5-8694f3bd9235","kind":"segment","status":"awaiting-evidence","release":"2026-08-19.0","reason":"Transportation comparison only; routing/access review required"}},{"type":"Feature","id":"overture:d89b3faa-a5ee-47eb-aaec-805be38a0e40","geometry":{"type":"LineString","coordinates":[[3.1989929,6.4731282],[3.1990667,6.4731295],[3.1991042,6.4731375],[3.1991538,6.4731495],[3.1992115,6.4731681]]},"properties":{"id":"overture:d89b3faa-a5ee-47eb-aaec-805be38a0e40","kind":"segment","status":"awaiting-evidence","release":"2026-08-19.0","reason":"Transportation comparison only; routing/access review required"}},{"type":"Feature","id":"overture:66761354-ee60-41de-81eb-973ef5289c10","geometry":{"type":"LineString","coordinates":[[3.2006079,6.4727222],[3.2012813,6.4729811]]},"properties":{"id":"overture:66761354-ee60-41de-81eb-973ef5289c10","kind":"segment","status":"awaiting-evidence","release":"2026-08-19.0","reason":"Transportation comparison only; routing/access review required"}},{"type":"Feature","id":"overture:63631149-d925-4005-8943-fba8a4ef8cde","geometry":{"type":"LineString","coordinates":[[3.2006558,6.472584],[3.2013312,6.472848]]},"properties":{"id":"overture:63631149-d925-4005-8943-fba8a4ef8cde","kind":"segment","status":"awaiting-evidence","release":"2026-08-19.0","reason":"Transportation comparison only; routing/access review required"}},{"type":"Feature","id":"overture:eaeb9a56-944b-4a4f-8791-26934f7b9cfe","geometry":{"type":"LineString","coordinates":[[3.2009903,6.4724071],[3.2009415,6.4725365]]},"properties":{"id":"overture:eaeb9a56-944b-4a4f-8791-26934f7b9cfe","kind":"segment","status":"awaiting-evidence","release":"2026-08-19.0","reason":"Transportation comparison only; routing/access review required"}},{"type":"Feature","id":"overture:680aaf23-89ff-45ee-8e1d-6609a18ff7d3","geometry":{"type":"LineString","coordinates":[[3.2005889,6.472246],[3.2009903,6.4724071],[3.2015881,6.4726446],[3.2021847,6.4728816],[3.202229,6.4729163],[3.2022451,6.4729536],[3.2022263,6.4732088]]},"properties":{"id":"overture:680aaf23-89ff-45ee-8e1d-6609a18ff7d3","kind":"segment","status":"awaiting-evidence","release":"2026-08-19.0","reason":"Transportation comparison only; routing/access review required"}},{"type":"Feature","id":"overture:ff40afa6-c957-4040-9a99-7716ff1139c8","geometry":{"type":"LineString","coordinates":[[3.2009415,6.4725365],[3.2013318,6.4726877],[3.2013593,6.472719],[3.2013633,6.4727617],[3.2013312,6.472848],[3.2012813,6.4729811],[3.20123,6.473118],[3.2011796,6.473253],[3.2011387,6.4733513],[3.2010998,6.4733773],[3.2010528,6.4733747]]},"properties":{"id":"overture:ff40afa6-c957-4040-9a99-7716ff1139c8","kind":"segment","status":"awaiting-evidence","release":"2026-08-19.0","reason":"Transportation comparison only; routing/access review required"}},{"type":"Feature","id":"overture:2600e36b-6a87-44e0-8755-8f4fb5cb742f","geometry":{"type":"LineString","coordinates":[[3.201191,6.4736474],[3.2015881,6.4726446]]},"properties":{"id":"overture:2600e36b-6a87-44e0-8755-8f4fb5cb742f","kind":"segment","status":"awaiting-evidence","release":"2026-08-19.0","reason":"Transportation comparison only; routing/access review required"}},{"type":"Feature","id":"overture:c4b3e6ed-3e12-446a-b788-f9e3267b18df","geometry":{"type":"LineString","coordinates":[[3.2005117,6.473],[3.2011796,6.473253]]},"properties":{"id":"overture:c4b3e6ed-3e12-446a-b788-f9e3267b18df","kind":"segment","status":"awaiting-evidence","release":"2026-08-19.0","reason":"Transportation comparison only; routing/access review required"}},{"type":"Feature","id":"overture:c1201d66-4355-4395-a74f-a79cd7471a10","geometry":{"type":"LineString","coordinates":[[3.2010528,6.4733747],[3.2005043,6.4731654],[3.2004775,6.4731375],[3.2004802,6.4730908],[3.2005117,6.473],[3.2005599,6.4728609],[3.2006079,6.4727222],[3.2006558,6.472584],[3.2006894,6.4724872],[3.2007135,6.4724665],[3.2007544,6.4724639],[3.2009415,6.4725365]]},"properties":{"id":"overture:c1201d66-4355-4395-a74f-a79cd7471a10","kind":"segment","status":"awaiting-evidence","release":"2026-08-19.0","reason":"Transportation comparison only; routing/access review required"}},{"type":"Feature","id":"overture:f2df9039-a020-4f1c-8cec-d0d9a71a6722","geometry":{"type":"LineString","coordinates":[[3.2005599,6.4728609],[3.20123,6.473118]]},"properties":{"id":"overture:f2df9039-a020-4f1c-8cec-d0d9a71a6722","kind":"segment","status":"awaiting-evidence","release":"2026-08-19.0","reason":"Transportation comparison only; routing/access review required"}},{"type":"Feature","id":"overture:d71fab9e-345a-49ba-8141-d074a3931929","geometry":{"type":"LineString","coordinates":[[3.1990117,6.4733734],[3.1991163,6.4732547],[3.1991713,6.4732028],[3.1992115,6.4731681],[3.1996044,6.4732681]]},"properties":{"id":"overture:d71fab9e-345a-49ba-8141-d074a3931929","kind":"segment","status":"awaiting-evidence","release":"2026-08-19.0","reason":"Transportation comparison only; routing/access review required"}},{"type":"Feature","id":"overture:0e04b6bb-c0ec-42a0-b24c-fbd9c6fd0e5e","geometry":{"type":"LineString","coordinates":[[3.201466,6.4748653],[3.2006693,6.4745926],[3.2000557,6.4744062],[3.1998858,6.4743526],[3.199186,6.4741102],[3.1991204,6.4740869],[3.1982328,6.473772],[3.197682,6.4735694]]},"properties":{"id":"overture:0e04b6bb-c0ec-42a0-b24c-fbd9c6fd0e5e","kind":"segment","status":"awaiting-evidence","release":"2026-08-19.0","reason":"Transportation comparison only; routing/access review required"}},{"type":"Feature","id":"overture:b1ef87f3-1f83-48e7-8b9e-fabdc56fa648","geometry":{"type":"LineString","coordinates":[[3.202461,6.474528],[3.2024463,6.47441],[3.2024355,6.4743447],[3.2023979,6.4742609],[3.2023188,6.4741769],[3.2021858,6.4740591],[3.2021266,6.4740391],[3.2006371,6.4735239],[3.2002536,6.4733787]]},"properties":{"id":"overture:b1ef87f3-1f83-48e7-8b9e-fabdc56fa648","kind":"segment","status":"awaiting-evidence","release":"2026-08-19.0","reason":"Crosses campus boundary"}},{"type":"Feature","id":"overture:bb8c4d47-66a6-4bb9-97ac-7d46b1e24988","geometry":{"type":"LineString","coordinates":[[3.2002888,6.4732965],[3.2004628,6.4733662],[3.2006367,6.4734368],[3.2009915,6.4735745],[3.201191,6.4736474],[3.2017119,6.4738376],[3.2021503,6.4739887],[3.2022091,6.4740096],[3.202343,6.4740569],[3.2024436,6.4740702],[3.2025562,6.4740356],[3.2027154,6.4739265]]},"properties":{"id":"overture:bb8c4d47-66a6-4bb9-97ac-7d46b1e24988","kind":"segment","status":"awaiting-evidence","release":"2026-08-19.0","reason":"Crosses campus boundary"}},{"type":"Feature","id":"overture:2ac1cc7c-43a3-481d-b0ba-878f24f3e7ee","geometry":{"type":"LineString","coordinates":[[3.2022246,6.4721867],[3.202268,6.4722059],[3.2023195,6.4721771],[3.2024386,6.4717839],[3.2024595,6.4716624],[3.2024128,6.4716129],[3.2023469,6.4716113]]},"properties":{"id":"overture:2ac1cc7c-43a3-481d-b0ba-878f24f3e7ee","kind":"segment","status":"awaiting-evidence","release":"2026-08-19.0","reason":"Transportation comparison only; routing/access review required"}},{"type":"Feature","id":"overture:e046f639-655a-49b0-abe9-17eab5e877f0","geometry":{"type":"LineString","coordinates":[[3.2013334,6.4713699],[3.2012981,6.4715266],[3.2012607,6.4716927],[3.2012261,6.4718464],[3.2011824,6.4720408],[3.2011484,6.4721915],[3.2011565,6.4722459],[3.2012128,6.4722922],[3.2019592,6.4724968],[3.2019978,6.4724968],[3.2020879,6.4724632],[3.2022246,6.4721867],[3.2023501,6.4716496],[3.2023469,6.4716113],[3.2022584,6.4715202],[3.2021329,6.4714562],[3.2014074,6.4712996]]},"properties":{"id":"overture:e046f639-655a-49b0-abe9-17eab5e877f0","kind":"segment","status":"awaiting-evidence","release":"2026-08-19.0","reason":"Transportation comparison only; routing/access review required"}},{"type":"Feature","id":"overture:ce19b571-7700-468b-b67b-097969c27579","geometry":{"type":"LineString","coordinates":[[3.2011824,6.4720408],[3.201113,6.4720227],[3.2007623,6.4719454]]},"properties":{"id":"overture:ce19b571-7700-468b-b67b-097969c27579","kind":"segment","status":"awaiting-evidence","release":"2026-08-19.0","reason":"Transportation comparison only; routing/access review required"}},{"type":"Feature","id":"overture:41ad9c65-33ad-45b3-9017-2a6b6fcb45eb","geometry":{"type":"LineString","coordinates":[[3.2012261,6.4718464],[3.2011503,6.4718358],[3.2008058,6.4717663]]},"properties":{"id":"overture:41ad9c65-33ad-45b3-9017-2a6b6fcb45eb","kind":"segment","status":"awaiting-evidence","release":"2026-08-19.0","reason":"Transportation comparison only; routing/access review required"}},{"type":"Feature","id":"overture:992d4042-e97d-45a8-9a00-e2b0e430c76b","geometry":{"type":"LineString","coordinates":[[3.2012607,6.4716927],[3.2011822,6.4716762],[3.200854,6.4716049]]},"properties":{"id":"overture:992d4042-e97d-45a8-9a00-e2b0e430c76b","kind":"segment","status":"awaiting-evidence","release":"2026-08-19.0","reason":"Transportation comparison only; routing/access review required"}},{"type":"Feature","id":"overture:dec30ff1-eb53-4d66-bb93-62a7c83f9649","geometry":{"type":"LineString","coordinates":[[3.200919,6.4712554],[3.200854,6.4716049],[3.2008058,6.4717663],[3.2007623,6.4719454],[3.2007414,6.4720636],[3.2007446,6.472118],[3.2010719,6.4722085]]},"properties":{"id":"overture:dec30ff1-eb53-4d66-bb93-62a7c83f9649","kind":"segment","status":"awaiting-evidence","release":"2026-08-19.0","reason":"Transportation comparison only; routing/access review required"}},{"type":"Feature","id":"overture:0663cda5-b795-4aa7-8f1e-b29ceec0399d","geometry":{"type":"LineString","coordinates":[[3.2012155,6.4715092],[3.2012981,6.4715266]]},"properties":{"id":"overture:0663cda5-b795-4aa7-8f1e-b29ceec0399d","kind":"segment","status":"awaiting-evidence","release":"2026-08-19.0","reason":"Transportation comparison only; routing/access review required"}},{"type":"Feature","id":"overture:6dd4bc15-dc90-40d7-bac5-9689f53f76c1","geometry":{"type":"LineString","coordinates":[[3.2012498,6.471338],[3.2012155,6.4715092],[3.2011822,6.4716762],[3.2011503,6.4718358],[3.201113,6.4720227],[3.2010776,6.4721995],[3.2010719,6.4722085],[3.2011565,6.4722459]]},"properties":{"id":"overture:6dd4bc15-dc90-40d7-bac5-9689f53f76c1","kind":"segment","status":"awaiting-evidence","release":"2026-08-19.0","reason":"Transportation comparison only; routing/access review required"}},{"type":"Feature","id":"overture:c42009a7-6a7f-4b64-88b5-34780156b6ca","geometry":{"type":"LineString","coordinates":[[3.2014074,6.4712996],[3.2013334,6.4713699]]},"properties":{"id":"overture:c42009a7-6a7f-4b64-88b5-34780156b6ca","kind":"segment","status":"awaiting-evidence","release":"2026-08-19.0","reason":"Transportation comparison only; routing/access review required"}},{"type":"Feature","id":"overture:391230f1-1229-4740-a428-150ac97a3b93","geometry":{"type":"LineString","coordinates":[[3.2007679,6.4711964],[3.2008782,6.4712453],[3.200919,6.4712554],[3.2012498,6.471338],[3.2013334,6.4713699]]},"properties":{"id":"overture:391230f1-1229-4740-a428-150ac97a3b93","kind":"segment","status":"awaiting-evidence","release":"2026-08-19.0","reason":"Transportation comparison only; routing/access review required"}},{"type":"Feature","id":"overture:33ab26c9-3ef8-4d15-9099-4f9934ca35e8","geometry":{"type":"LineString","coordinates":[[3.2007351,6.4713802],[3.2001817,6.4712603]]},"properties":{"id":"overture:33ab26c9-3ef8-4d15-9099-4f9934ca35e8","kind":"segment","status":"awaiting-evidence","release":"2026-08-19.0","reason":"Transportation comparison only; routing/access review required"}},{"type":"Feature","id":"overture:1061ae43-0bb8-4b35-9e46-8d26ab11859a","geometry":{"type":"LineString","coordinates":[[3.2001817,6.4712603],[3.2000631,6.4717836],[3.200043,6.4717969],[3.2000108,6.4717996],[3.1999679,6.4717982],[3.1994408,6.4716983],[3.199418,6.4716637],[3.1994073,6.471641],[3.1994113,6.471609],[3.1995535,6.4707788]]},"properties":{"id":"overture:1061ae43-0bb8-4b35-9e46-8d26ab11859a","kind":"segment","status":"awaiting-evidence","release":"2026-08-19.0","reason":"Transportation comparison only; routing/access review required"}},{"type":"Feature","id":"overture:c4c6d7fb-2323-4d10-81cb-7cead6b88ac3","geometry":{"type":"LineString","coordinates":[[3.1995535,6.4707788],[3.1996863,6.4707895],[3.199705,6.4706882],[3.1997238,6.4706722],[3.199756,6.4706762],[3.2002173,6.4707515],[3.2002505,6.4707975],[3.2002465,6.4708392],[3.2001817,6.4712603]]},"properties":{"id":"overture:c4c6d7fb-2323-4d10-81cb-7cead6b88ac3","kind":"segment","status":"awaiting-evidence","release":"2026-08-19.0","reason":"Transportation comparison only; routing/access review required"}},{"type":"Feature","id":"overture:70340411-4e45-493e-b92f-3dac40cc5935","geometry":{"type":"LineString","coordinates":[[3.2000557,6.4744062],[3.1998195,6.4751155],[3.1997121,6.475438],[3.1995816,6.4758299]]},"properties":{"id":"overture:70340411-4e45-493e-b92f-3dac40cc5935","kind":"segment","status":"awaiting-evidence","release":"2026-08-19.0","reason":"Transportation comparison only; routing/access review required"}},{"type":"Feature","id":"overture:b9eb6296-1e77-4688-a8e3-0c3c4b51a497","geometry":{"type":"LineString","coordinates":[[3.1998195,6.4751155],[3.2000444,6.4752109],[3.200431,6.4753102]]},"properties":{"id":"overture:b9eb6296-1e77-4688-a8e3-0c3c4b51a497","kind":"segment","status":"awaiting-evidence","release":"2026-08-19.0","reason":"Transportation comparison only; routing/access review required"}},{"type":"Feature","id":"overture:6f9fa8ca-8494-4691-85cf-bff18b8edeca","geometry":{"type":"LineString","coordinates":[[3.1994203,6.4750284],[3.1993176,6.4753532],[3.1992275,6.4756509]]},"properties":{"id":"overture:6f9fa8ca-8494-4691-85cf-bff18b8edeca","kind":"segment","status":"awaiting-evidence","release":"2026-08-19.0","reason":"Transportation comparison only; routing/access review required"}},{"type":"Feature","id":"overture:95df510d-ca83-483d-b35d-6d7e46c238d8","geometry":{"type":"LineString","coordinates":[[3.1993176,6.4753532],[3.1995613,6.4754019]]},"properties":{"id":"overture:95df510d-ca83-483d-b35d-6d7e46c238d8","kind":"segment","status":"awaiting-evidence","release":"2026-08-19.0","reason":"Transportation comparison only; routing/access review required"}},{"type":"Feature","id":"overture:a326f00e-6fc2-4cb4-a6b1-8324c8ffc0d5","geometry":{"type":"LineString","coordinates":[[3.1997121,6.475438],[3.1995613,6.4754019]]},"properties":{"id":"overture:a326f00e-6fc2-4cb4-a6b1-8324c8ffc0d5","kind":"segment","status":"awaiting-evidence","release":"2026-08-19.0","reason":"Transportation comparison only; routing/access review required"}},{"type":"Feature","id":"overture:35b4098d-b0ce-4fda-a879-7c55dba38a5d","geometry":{"type":"LineString","coordinates":[[3.1961839,6.4746306],[3.1962245,6.4746256],[3.1962644,6.4746143],[3.19631,6.4746043],[3.196368,6.4746179],[3.1965474,6.4746696],[3.1967633,6.4747465],[3.1968921,6.4747918],[3.1970255,6.4748198],[3.1971724,6.4748405],[3.1972951,6.4748438],[3.1973923,6.4748285],[3.1975003,6.4747998],[3.1975894,6.4747912],[3.1977303,6.4747925],[3.1978416,6.4747912],[3.1979207,6.4747805],[3.1980629,6.4747339],[3.198325,6.4746372],[3.1983633,6.4746219],[3.1984337,6.4746213],[3.1985168,6.4746259],[3.1985651,6.4746173],[3.1986281,6.4745766],[3.1987803,6.474434],[3.1988333,6.4743581],[3.1989017,6.4742795],[3.1989922,6.4742095],[3.1991204,6.4740869]]},"properties":{"id":"overture:35b4098d-b0ce-4fda-a879-7c55dba38a5d","kind":"segment","status":"awaiting-evidence","release":"2026-08-19.0","reason":"Crosses campus boundary"}},{"type":"Feature","id":"overture:fbb96b22-8409-4ce6-966a-6a2989d4767d","geometry":{"type":"LineString","coordinates":[[3.1990763,6.4771065],[3.1978986,6.4771058],[3.1977457,6.4770898],[3.1975821,6.4770791],[3.1972951,6.4770552],[3.1970161,6.4770472],[3.196528,6.4770445],[3.196426,6.4770312],[3.1963268,6.4770045],[3.1959204,6.4768726],[3.1958413,6.4768606],[3.1958011,6.4768713],[3.1957635,6.4769139],[3.1955543,6.4774816]]},"properties":{"id":"overture:fbb96b22-8409-4ce6-966a-6a2989d4767d","kind":"segment","status":"awaiting-evidence","release":"2026-08-19.0","reason":"Transportation comparison only; routing/access review required"}}]}
